ISO-10303-21;
HEADER;
FILE_DESCRIPTION (( 'STEP AP214' ),
    '1' );
FILE_NAME ('IGC LoggerMainCase.STEP',
    '2026-01-18T19:20:22',
    ( '' ),
    ( '' ),
    'SwSTEP 2.0',
    'SolidWorks 2026',
    '' );
FILE_SCHEMA (( 'AUTOMOTIVE_DESIGN' ));
ENDSEC;

DATA;
#1 = DIRECTION ( 'NONE',  ( 0.000000000000000000, 0.000000000000000000, -1.000000000000000000 ) ) ;
#2 = ORIENTED_EDGE ( 'NONE', *, *, #947, .F. ) ;
#3 = DIRECTION ( 'NONE',  ( -1.396592535537228887E-14, 1.000000000000000000, -1.396592535537267857E-14 ) ) ;
#4 = ORIENTED_EDGE ( 'NONE', *, *, #666, .F. ) ;
#5 = LINE ( 'NONE', #250, #907 ) ;
#6 = DIRECTION ( 'NONE',  ( -1.396574636641576162E-14, 1.000000000000000000, -1.396592535537267857E-14 ) ) ;
#7 = ORIENTED_EDGE ( 'NONE', *, *, #1388, .F. ) ;
#8 = AXIS2_PLACEMENT_3D ( 'NONE', #1474, #107, #1345 ) ;
#9 = DIRECTION ( 'NONE',  ( 0.000000000000000000, 1.000000000000000000, -1.396592535537267857E-14 ) ) ;
#10 = AXIS2_PLACEMENT_3D ( 'NONE', #1292, #1523, #1177 ) ;
#11 = AXIS2_PLACEMENT_3D ( 'NONE', #972, #578, #457 ) ;
#12 = ORIENTED_EDGE ( 'NONE', *, *, #1179, .T. ) ;
#13 = DIRECTION ( 'NONE',  ( -1.000000000000000000, -6.938893903907222067E-15, 1.156482317317870344E-15 ) ) ;
#14 = ADVANCED_FACE ( 'NONE', ( #421 ), #1503, .T. ) ;
#15 = ORIENTED_EDGE ( 'NONE', *, *, #1445, .F. ) ;
#16 = VERTEX_POINT ( 'NONE', #1150 ) ;
#17 = ORIENTED_EDGE ( 'NONE', *, *, #606, .F. ) ;
#18 = CARTESIAN_POINT ( 'NONE',  ( 12.87943088170101902, -0.1385966131831445902, 20.96017939759418525 ) ) ;
#19 = ORIENTED_EDGE ( 'NONE', *, *, #534, .T. ) ;
#20 = DIRECTION ( 'NONE',  ( -1.000000000000000000, -1.396574636641576162E-14, 0.000000000000000000 ) ) ;
#21 = EDGE_LOOP ( 'NONE', ( #247, #1266, #951, #1181 ) ) ;
#22 =( LENGTH_UNIT ( ) NAMED_UNIT ( * ) SI_UNIT ( .MILLI., .METRE. ) );
#23 = ADVANCED_FACE ( 'NONE', ( #39 ), #530, .T. ) ;
#24 = VECTOR ( 'NONE', #1029, 1000.000000000000000 ) ;
#25 = DIRECTION ( 'NONE',  ( 0.000000000000000000, 0.000000000000000000, 1.000000000000000000 ) ) ;
#26 = VERTEX_POINT ( 'NONE', #898 ) ;
#27 = PLANE ( 'NONE',  #118 ) ;
#28 = VECTOR ( 'NONE', #718, 1000.000000000000000 ) ;
#29 = FACE_OUTER_BOUND ( 'NONE', #1030, .T. ) ;
#30 = VERTEX_POINT ( 'NONE', #1163 ) ;
#31 = ORIENTED_EDGE ( 'NONE', *, *, #172, .T. ) ;
#32 =( NAMED_UNIT ( * ) SI_UNIT ( $, .STERADIAN. ) SOLID_ANGLE_UNIT ( ) );
#33 = EDGE_CURVE ( 'NONE', #1542, #639, #1545, .T. ) ;
#34 = DIRECTION ( 'NONE',  ( 1.396592535537228887E-14, -1.000000000000000000, 1.396592535537267857E-14 ) ) ;
#35 = EDGE_CURVE ( 'NONE', #274, #878, #1319, .T. ) ;
#36 = AXIS2_PLACEMENT_3D ( 'NONE', #793, #1506, #13 ) ;
#37 = LINE ( 'NONE', #527, #24 ) ;
#38 = VERTEX_POINT ( 'NONE', #581 ) ;
#39 = FACE_OUTER_BOUND ( 'NONE', #801, .T. ) ;
#40 = AXIS2_PLACEMENT_3D ( 'NONE', #519, #1147, #398 ) ;
#41 = VECTOR ( 'NONE', #1085, 1000.000000000000000 ) ;
#42 = EDGE_CURVE ( 'NONE', #415, #363, #558, .T. ) ;
#43 = DIRECTION ( 'NONE',  ( -1.396574636641576162E-14, 1.000000000000000000, -1.396592535537267857E-14 ) ) ;
#44 = ORIENTED_EDGE ( 'NONE', *, *, #786, .T. ) ;
#45 = DIRECTION ( 'NONE',  ( 1.950524675550436351E-28, -1.396592535537267857E-14, -1.000000000000000000 ) ) ;
#46 = ORIENTED_EDGE ( 'NONE', *, *, #672, .F. ) ;
#47 = EDGE_CURVE ( 'NONE', #1036, #938, #1531, .T. ) ;
#48 = DIRECTION ( 'NONE',  ( 0.000000000000000000, -1.000000000000000000, 1.387778780781445676E-14 ) ) ;
#49 = VERTEX_POINT ( 'NONE', #948 ) ;
#50 = VECTOR ( 'NONE', #393, 1000.000000000000000 ) ;
#51 = FACE_OUTER_BOUND ( 'NONE', #287, .T. ) ;
#52 = ADVANCED_FACE ( 'NONE', ( #839 ), #1556, .F. ) ;
#53 = FACE_OUTER_BOUND ( 'NONE', #1330, .T. ) ;
#54 = VECTOR ( 'NONE', #1212, 1000.000000000000000 ) ;
#55 = EDGE_CURVE ( 'NONE', #935, #1257, #1026, .T. ) ;
#56 = ORIENTED_EDGE ( 'NONE', *, *, #1383, .F. ) ;
#57 = CARTESIAN_POINT ( 'NONE',  ( 9.679430881700808342, 57.44458918734481756, -15.40554720127309807 ) ) ;
#58 = ORIENTED_EDGE ( 'NONE', *, *, #959, .F. ) ;
#59 = CARTESIAN_POINT ( 'NONE',  ( 16.93943088170134459, 8.881403386816579371, 23.49445279872757908 ) ) ;
#60 = DIRECTION ( 'NONE',  ( -1.000000000000000000, -1.396592535537233936E-14, 2.453474918025419192E-29 ) ) ;
#61 = LINE ( 'NONE', #1098, #777 ) ;
#62 = PRESENTATION_LAYER_ASSIGNMENT (  '', '', ( #758 ) ) ;
#63 = VERTEX_POINT ( 'NONE', #437 ) ;
#64 = EDGE_CURVE ( 'NONE', #271, #300, #316, .T. ) ;
#65 = AXIS2_PLACEMENT_3D ( 'NONE', #891, #1378, #736 ) ;
#66 = VERTEX_POINT ( 'NONE', #340 ) ;
#67 = FACE_OUTER_BOUND ( 'NONE', #902, .T. ) ;
#68 = CARTESIAN_POINT ( 'NONE',  ( -6.509933288533562972E-14, 4.661403386816698635, 22.69445279872764232 ) ) ;
#69 = VERTEX_POINT ( 'NONE', #87 ) ;
#70 = DIRECTION ( 'NONE',  ( 0.000000000000000000, -1.000000000000000000, 1.387778780781445676E-14 ) ) ;
#71 = DIRECTION ( 'NONE',  ( -6.938893903907402558E-14, -4.836319614811749704E-28, 1.000000000000000000 ) ) ;
#72 = EDGE_CURVE ( 'NONE', #1497, #455, #697, .T. ) ;
#73 = ORIENTED_EDGE ( 'NONE', *, *, #1379, .F. ) ;
#74 = DIRECTION ( 'NONE',  ( 1.396592535537228887E-14, -1.000000000000000000, 1.396592535537267857E-14 ) ) ;
#75 = DIRECTION ( 'NONE',  ( -6.982962677686267499E-15, 1.000000000000000000, -3.491481338843133750E-15 ) ) ;
#76 = VERTEX_POINT ( 'NONE', #1192 ) ;
#77 = DIRECTION ( 'NONE',  ( -1.000000000000000000, -1.396813798885491967E-14, 0.000000000000000000 ) ) ;
#78 = EDGE_CURVE ( 'NONE', #938, #174, #811, .T. ) ;
#79 = CARTESIAN_POINT ( 'NONE',  ( 10.47943088170156578, 4.061403386816842875, 22.69445279872765653 ) ) ;
#80 = VECTOR ( 'NONE', #1583, 1000.000000000000000 ) ;
#81 = ORIENTED_EDGE ( 'NONE', *, *, #1104, .T. ) ;
#82 = DIRECTION ( 'NONE',  ( -1.000000000000000000, -7.097508525429686916E-15, -9.592919327977141484E-29 ) ) ;
#83 = DIRECTION ( 'NONE',  ( 0.000000000000000000, 0.000000000000000000, -1.000000000000000000 ) ) ;
#84 = ORIENTED_EDGE ( 'NONE', *, *, #770, .T. ) ;
#85 = DIRECTION ( 'NONE',  ( -1.950524675550436351E-28, 1.396592535537267857E-14, 1.000000000000000000 ) ) ;
#86 = ADVANCED_FACE ( 'NONE', ( #1302 ), #574, .T. ) ;
#87 = CARTESIAN_POINT ( 'NONE',  ( 19.87943088170140982, 4.360699048403839484, -15.40554720127235733 ) ) ;
#88 = CARTESIAN_POINT ( 'NONE',  ( 26.87943088170137784, 4.661403386816571626, 0.4401793975941680759 ) ) ;
#89 = AXIS2_PLACEMENT_3D ( 'NONE', #1051, #1408, #1169 ) ;
#90 = VECTOR ( 'NONE', #1160, 1000.000000000000000 ) ;
#91 = ORIENTED_EDGE ( 'NONE', *, *, #295, .F. ) ;
#92 = EDGE_CURVE ( 'NONE', #751, #1124, #1186, .T. ) ;
#93 = FACE_OUTER_BOUND ( 'NONE', #735, .T. ) ;
#94 = DIRECTION ( 'NONE',  ( 0.000000000000000000, -1.000000000000000000, 1.379893674072459314E-14 ) ) ;
#95 = DIRECTION ( 'NONE',  ( -1.950524675550436351E-28, 1.396592535537267857E-14, 1.000000000000000000 ) ) ;
#96 = CARTESIAN_POINT ( 'NONE',  ( 12.87943088170095862, 4.661403386816844296, 20.16017939759412059 ) ) ;
#97 = CARTESIAN_POINT ( 'NONE',  ( 10.47943088170158710, 4.661403386816457051, 0.4401793975941689085 ) ) ;
#98 = ADVANCED_FACE ( 'NONE', ( #1068 ), #445, .F. ) ;
#99 = VERTEX_POINT ( 'NONE', #324 ) ;
#100 = ORIENTED_EDGE ( 'NONE', *, *, #559, .F. ) ;
#101 = DIRECTION ( 'NONE',  ( 6.982962677686267499E-15, -1.000000000000000000, 0.000000000000000000 ) ) ;
#102 = LINE ( 'NONE', #231, #411 ) ;
#103 = DIRECTION ( 'NONE',  ( 1.000000000000000000, 1.396592535537233936E-14, 5.421010862425073620E-17 ) ) ;
#104 = ADVANCED_FACE ( 'NONE', ( #330 ), #827, .F. ) ;
#105 = CARTESIAN_POINT ( 'NONE',  ( 12.87943088170140093, 4.661403386816473926, 0.4401793975941682424 ) ) ;
#106 = VECTOR ( 'NONE', #20, 1000.000000000000000 ) ;
#107 = DIRECTION ( 'NONE',  ( -2.422701857770448498E-29, 3.491481338843133750E-15, 1.000000000000000000 ) ) ;
#108 = VECTOR ( 'NONE', #1433, 1000.000000000000000 ) ;
#109 = ORIENTED_EDGE ( 'NONE', *, *, #150, .T. ) ;
#110 = ADVANCED_FACE ( 'NONE', ( #51 ), #1182, .T. ) ;
#111 = EDGE_LOOP ( 'NONE', ( #921, #782, #46, #1382 ) ) ;
#112 = DIRECTION ( 'NONE',  ( 0.000000000000000000, 0.000000000000000000, -1.000000000000000000 ) ) ;
#113 = CARTESIAN_POINT ( 'NONE',  ( 26.87943088170105455, 2.361403386816975924, 22.69445279872767429 ) ) ;
#114 = LINE ( 'NONE', #339, #1045 ) ;
#115 = CARTESIAN_POINT ( 'NONE',  ( 11.67943088170080834, 57.44458918734535757, 21.49445279872690051 ) ) ;
#116 = CARTESIAN_POINT ( 'NONE',  ( 12.87943088170143469, -0.1385966131834591164, -1.559820602405814993 ) ) ;
#117 = EDGE_CURVE ( 'NONE', #962, #472, #178, .T. ) ;
#118 = AXIS2_PLACEMENT_3D ( 'NONE', #1358, #255, #265 ) ;
#119 = CARTESIAN_POINT ( 'NONE',  ( 9.679430881701627243, -1.138596613183669337, -13.40554720127228094 ) ) ;
#120 = DIRECTION ( 'NONE',  ( 1.950524675550436351E-28, -1.396592535537267857E-14, -1.000000000000000000 ) ) ;
#121 = VECTOR ( 'NONE', #395, 1000.000000000000000 ) ;
#122 = CLOSED_SHELL ( 'NONE', ( #452, #104, #1549, #1586, #1129, #906, #653, #712, #126, #800, #281, #86, #422, #731, #1229, #23, #1002, #1515, #691, #355, #1267, #623, #479, #476, #1034, #1007, #776, #159, #365, #110, #333, #1260, #375, #1311, #405, #595, #14, #1245, #631, #971, #1451, #1374, #1322, #1393, #52, #905, #98 ) ) ;
#123 = ORIENTED_EDGE ( 'NONE', *, *, #1303, .T. ) ;
#124 = DIRECTION ( 'NONE',  ( -0.000000000000000000, 3.469446951953614189E-15, 1.000000000000000000 ) ) ;
#125 = DIRECTION ( 'NONE',  ( -1.396592535537228887E-14, 1.000000000000000000, -1.396592535537267857E-14 ) ) ;
#126 = ADVANCED_FACE ( 'NONE', ( #67 ), #813, .F. ) ;
#127 = DIRECTION ( 'NONE',  ( -1.950445712854297344E-28, 1.396592535537267857E-14, 1.000000000000000000 ) ) ;
#128 = ORIENTED_EDGE ( 'NONE', *, *, #172, .F. ) ;
#129 = CARTESIAN_POINT ( 'NONE',  ( 28.07943088170058132, 57.44458918734510178, -13.40554720127309807 ) ) ;
#130 = ORIENTED_EDGE ( 'NONE', *, *, #277, .F. ) ;
#131 = CARTESIAN_POINT ( 'NONE',  ( 26.87943088170101902, 4.661403386817074335, 22.69445279872764232 ) ) ;
#132 = EDGE_LOOP ( 'NONE', ( #187, #1054, #1321, #1473, #493 ) ) ;
#133 = CARTESIAN_POINT ( 'NONE',  ( 12.87943088170093198, 4.661403386816879824, 22.69445279872764232 ) ) ;
#134 = AXIS2_PLACEMENT_3D ( 'NONE', #719, #1219, #234 ) ;
#135 = LINE ( 'NONE', #354, #359 ) ;
#136 = ORIENTED_EDGE ( 'NONE', *, *, #1507, .F. ) ;
#137 = CIRCLE ( 'NONE', #899, 1.499999999999999556 ) ;
#138 = CARTESIAN_POINT ( 'NONE',  ( 12.87943088170095152, 4.661403386816854955, 20.96017939759412130 ) ) ;
#139 = ORIENTED_EDGE ( 'NONE', *, *, #834, .F. ) ;
#140 = CARTESIAN_POINT ( 'NONE',  ( 16.93943088170137656, 5.361403386816578909, 24.26017939759418951 ) ) ;
#141 = ORIENTED_EDGE ( 'NONE', *, *, #619, .F. ) ;
#142 = CARTESIAN_POINT ( 'NONE',  ( 26.87943088170140982, -0.1385966131832597481, -1.559820602405824763 ) ) ;
#143 = ORIENTED_EDGE ( 'NONE', *, *, #1083, .T. ) ;
#144 = ORIENTED_EDGE ( 'NONE', *, *, #783, .T. ) ;
#145 = AXIS2_PLACEMENT_3D ( 'NONE', #1105, #1577, #481 ) ;
#146 = DIRECTION ( 'NONE',  ( 1.000000000000000000, 1.396592535537233936E-14, -2.453474918025420873E-29 ) ) ;
#147 = VECTOR ( 'NONE', #1512, 1000.000000000000000 ) ;
#148 = VECTOR ( 'NONE', #112, 1000.000000000000000 ) ;
#149 = EDGE_LOOP ( 'NONE', ( #463, #622, #1403, #1111 ) ) ;
#150 = EDGE_CURVE ( 'NONE', #430, #1413, #311, .T. ) ;
#151 = CARTESIAN_POINT ( 'NONE',  ( 30.07943088170140200, -1.138596613182869088, 23.49445279872772119 ) ) ;
#152 = EDGE_CURVE ( 'NONE', #1036, #63, #320, .T. ) ;
#153 = ORIENTED_EDGE ( 'NONE', *, *, #980, .F. ) ;
#154 = ORIENTED_EDGE ( 'NONE', *, *, #659, .T. ) ;
#155 = DIRECTION ( 'NONE',  ( 0.000000000000000000, -1.387778780781445676E-14, -1.000000000000000000 ) ) ;
#156 = LINE ( 'NONE', #755, #515 ) ;
#157 = ORIENTED_EDGE ( 'NONE', *, *, #1252, .F. ) ;
#158 = FILL_AREA_STYLE ('',( #611 ) ) ;
#159 = ADVANCED_FACE ( 'NONE', ( #198 ), #326, .T. ) ;
#160 =( NAMED_UNIT ( * ) PLANE_ANGLE_UNIT ( ) SI_UNIT ( $, .RADIAN. ) );
#161 = LINE ( 'NONE', #640, #759 ) ;
#162 = AXIS2_PLACEMENT_3D ( 'NONE', #1456, #1333, #856 ) ;
#163 = CARTESIAN_POINT ( 'NONE',  ( 11.97943088170143788, 12.85999470999130878, 22.69445279872753218 ) ) ;
#164 = APPLICATION_CONTEXT ( 'automotive_design' ) ;
#165 = ORIENTED_EDGE ( 'NONE', *, *, #1067, .F. ) ;
#166 = EDGE_LOOP ( 'NONE', ( #283, #1231, #1535, #188, #859, #685, #1447, #518 ) ) ;
#167 = PLANE ( 'NONE',  #444 ) ;
#168 = VERTEX_POINT ( 'NONE', #1398 ) ;
#169 = CARTESIAN_POINT ( 'NONE',  ( 12.87943088170095152, 4.661403386816854955, 20.96017939759412130 ) ) ;
#170 = ORIENTED_EDGE ( 'NONE', *, *, #42, .F. ) ;
#171 = AXIS2_PLACEMENT_3D ( 'NONE', #796, #787, #1521 ) ;
#172 = EDGE_CURVE ( 'NONE', #69, #245, #496, .T. ) ;
#173 = CARTESIAN_POINT ( 'NONE',  ( 29.27943088170139063, -0.1385966131833905879, -13.10554720127227846 ) ) ;
#174 = VERTEX_POINT ( 'NONE', #298 ) ;
#175 = DIRECTION ( 'NONE',  ( -1.000000000000000000, -6.938893903907228378E-15, -0.000000000000000000 ) ) ;
#176 = DIRECTION ( 'NONE',  ( 1.000000000000000000, 1.396574636641591308E-14, 1.084202172485486921E-14 ) ) ;
#177 = DIRECTION ( 'NONE',  ( 1.396592535537228887E-14, -1.000000000000000000, 1.396592535537267857E-14 ) ) ;
#178 = CIRCLE ( 'NONE', #1084, 1.499999999999999556 ) ;
#179 = LINE ( 'NONE', #778, #887 ) ;
#180 = ORIENTED_EDGE ( 'NONE', *, *, #47, .F. ) ;
#181 = VECTOR ( 'NONE', #1012, 1000.000000000000000 ) ;
#182 = DIRECTION ( 'NONE',  ( -7.097508525429686916E-15, 1.000000000000000000, -3.497202527569242313E-15 ) ) ;
#183 = CARTESIAN_POINT ( 'NONE',  ( 10.47943088170162085, -0.1385966131831539438, 22.69445279872771337 ) ) ;
#184 = EDGE_CURVE ( 'NONE', #456, #407, #919, .T. ) ;
#185 = AXIS2_PLACEMENT_3D ( 'NONE', #458, #338, #441 ) ;
#186 = VECTOR ( 'NONE', #124, 1000.000000000000000 ) ;
#187 = ORIENTED_EDGE ( 'NONE', *, *, #1017, .T. ) ;
#188 = ORIENTED_EDGE ( 'NONE', *, *, #808, .T. ) ;
#189 = DIRECTION ( 'NONE',  ( 0.000000000000000000, -1.396600640281428393E-14, -1.000000000000000000 ) ) ;
#190 = DIRECTION ( 'NONE',  ( 1.950524675550436351E-28, -1.396592535537267857E-14, -1.000000000000000000 ) ) ;
#191 = VERTEX_POINT ( 'NONE', #693 ) ;
#192 = DIRECTION ( 'NONE',  ( 1.950445712854297344E-28, -1.396592535537267857E-14, -1.000000000000000000 ) ) ;
#193 = CIRCLE ( 'NONE', #525, 0.5000000000000000000 ) ;
#194 = ORIENTED_EDGE ( 'NONE', *, *, #266, .T. ) ;
#195 = AXIS2_PLACEMENT_3D ( 'NONE', #1262, #647, #9 ) ;
#196 = VECTOR ( 'NONE', #1540, 1000.000000000000000 ) ;
#197 = VERTEX_POINT ( 'NONE', #662 ) ;
#198 = FACE_OUTER_BOUND ( 'NONE', #869, .T. ) ;
#199 = CARTESIAN_POINT ( 'NONE',  ( 22.81943088170135070, 8.881403386816620227, 24.26017939759418951 ) ) ;
#200 = ORIENTED_EDGE ( 'NONE', *, *, #42, .T. ) ;
#201 = CARTESIAN_POINT ( 'NONE',  ( 13.37943088170096040, 1.861403386816878225, 23.49445279872768566 ) ) ;
#202 = CARTESIAN_POINT ( 'NONE',  ( 9.679430881700808342, 57.44458918734535757, 23.49445279872690406 ) ) ;
#203 = ORIENTED_EDGE ( 'NONE', *, *, #1344, .T. ) ;
#204 = CARTESIAN_POINT ( 'NONE',  ( 10.87943088170140093, 4.661403386816459715, 0.4401793975941682424 ) ) ;
#205 = DIRECTION ( 'NONE',  ( -6.938893903907402558E-14, -9.672639229623639314E-28, 1.000000000000000000 ) ) ;
#206 = VERTEX_POINT ( 'NONE', #59 ) ;
#207 = CARTESIAN_POINT ( 'NONE',  ( 26.87943088170137784, -0.1385966131832356563, 0.4401793975941847847 ) ) ;
#208 = DIRECTION ( 'NONE',  ( -1.084202172485486921E-14, -7.556749398143047825E-29, 1.000000000000000000 ) ) ;
#209 = DIRECTION ( 'NONE',  ( -1.000000000000000000, -6.938893903907234689E-15, 0.000000000000000000 ) ) ;
#210 = ORIENTED_EDGE ( 'NONE', *, *, #1401, .F. ) ;
#211 = CARTESIAN_POINT ( 'NONE',  ( 27.77943088170138708, -0.1385966131834332482, -14.60554720127227846 ) ) ;
#212 = CARTESIAN_POINT ( 'NONE',  ( 10.47943088170151960, 4.661403386816809657, 20.16017939759410282 ) ) ;
#213 = ORIENTED_EDGE ( 'NONE', *, *, #55, .F. ) ;
#214 = CARTESIAN_POINT ( 'NONE',  ( 22.81943088170135070, 8.881403386816620227, 22.69445279872758547 ) ) ;
#215 = DIRECTION ( 'NONE',  ( -1.084202172485486921E-14, -1.511349879628631313E-28, 1.000000000000000000 ) ) ;
#216 = EDGE_CURVE ( 'NONE', #168, #1069, #1174, .T. ) ;
#217 = DIRECTION ( 'NONE',  ( -1.397039674338382888E-14, 1.000000000000000000, -1.395910297075180202E-14 ) ) ;
#218 = VECTOR ( 'NONE', #1452, 1000.000000000000000 ) ;
#219 = CIRCLE ( 'NONE', #575, 2.000000000000000000 ) ;
#220 = EDGE_CURVE ( 'NONE', #1508, #1048, #1289, .T. ) ;
#221 = ORIENTED_EDGE ( 'NONE', *, *, #35, .T. ) ;
#222 = CARTESIAN_POINT ( 'NONE',  ( 12.87943088170145423, -2.967023737929656679, 0.4401793975941948878 ) ) ;
#223 = DIRECTION ( 'NONE',  ( -6.938893903907155802E-15, 1.000000000000000000, -3.469446951953542008E-15 ) ) ;
#224 = FACE_OUTER_BOUND ( 'NONE', #886, .T. ) ;
#225 = EDGE_CURVE ( 'NONE', #429, #245, #936, .T. ) ;
#226 = DIRECTION ( 'NONE',  ( -0.000000000000000000, -3.469446951953614189E-15, -1.000000000000000000 ) ) ;
#227 = CARTESIAN_POINT ( 'NONE',  ( 12.87943088170102790, -0.1385966131831557757, 20.16017939759418809 ) ) ;
#228 = ORIENTED_EDGE ( 'NONE', *, *, #771, .T. ) ;
#229 = ORIENTED_EDGE ( 'NONE', *, *, #1411, .F. ) ;
#230 = DIRECTION ( 'NONE',  ( -1.396592535537228887E-14, 1.000000000000000000, -1.396592535537267857E-14 ) ) ;
#231 = CARTESIAN_POINT ( 'NONE',  ( 26.87943088170046479, 57.44458918734558495, 23.49445279872690406 ) ) ;
#232 = DIRECTION ( 'NONE',  ( -1.396574636641576162E-14, 1.000000000000000000, -1.396572245702246938E-14 ) ) ;
#233 = EDGE_CURVE ( 'NONE', #472, #819, #539, .T. ) ;
#234 = DIRECTION ( 'NONE',  ( 1.000000000000000000, 1.398620802506300720E-14, 0.000000000000000000 ) ) ;
#235 = CARTESIAN_POINT ( 'NONE',  ( 30.07943088170058488, 57.44458918734564179, 23.49445279872690406 ) ) ;
#236 = CIRCLE ( 'NONE', #1144, 1.759999999999999343 ) ;
#237 = CARTESIAN_POINT ( 'NONE',  ( 28.07943088170140200, -1.138596613182926820, 21.49445279872772119 ) ) ;
#238 = DIRECTION ( 'NONE',  ( 1.349229370204110493E-14, -1.000000000000000000, 1.396592535537267857E-14 ) ) ;
#239 = ORIENTED_EDGE ( 'NONE', *, *, #1113, .F. ) ;
#240 = DIRECTION ( 'NONE',  ( 0.000000000000000000, 1.396572245702246938E-14, 1.000000000000000000 ) ) ;
#241 = EDGE_CURVE ( 'NONE', #1246, #278, #219, .T. ) ;
#242 = LINE ( 'NONE', #1228, #888 ) ;
#243 = AXIS2_PLACEMENT_3D ( 'NONE', #1258, #301, #896 ) ;
#244 = PLANE ( 'NONE',  #826 ) ;
#245 = VERTEX_POINT ( 'NONE', #554 ) ;
#246 = DIRECTION ( 'NONE',  ( 1.000000000000000000, 1.398620802506300720E-14, 0.000000000000000000 ) ) ;
#247 = ORIENTED_EDGE ( 'NONE', *, *, #1248, .F. ) ;
#248 = CARTESIAN_POINT ( 'NONE',  ( 26.87943088170119310, 3.561403386817069361, 23.49445279872765724 ) ) ;
#249 = EDGE_LOOP ( 'NONE', ( #1476, #822, #1003, #1392 ) ) ;
#250 = CARTESIAN_POINT ( 'NONE',  ( 10.47943088170120340, 1.861403386816860905, 22.69445279872768495 ) ) ;
#251 = EDGE_CURVE ( 'NONE', #639, #935, #1424, .T. ) ;
#252 = EDGE_CURVE ( 'NONE', #1359, #702, #1167, .T. ) ;
#253 = DIRECTION ( 'NONE',  ( 0.000000000000000000, 0.000000000000000000, -1.000000000000000000 ) ) ;
#254 = ORIENTED_EDGE ( 'NONE', *, *, #913, .F. ) ;
#255 = DIRECTION ( 'NONE',  ( -1.000000000000000000, -1.396574636641673034E-14, -6.938893903907402558E-14 ) ) ;
#256 = VERTEX_POINT ( 'NONE', #678 ) ;
#257 = PLANE ( 'NONE',  #794 ) ;
#258 = VERTEX_POINT ( 'NONE', #1527 ) ;
#259 = FACE_OUTER_BOUND ( 'NONE', #1478, .T. ) ;
#260 = VECTOR ( 'NONE', #268, 1000.000000000000000 ) ;
#261 = ORIENTED_EDGE ( 'NONE', *, *, #818, .T. ) ;
#262 = EDGE_CURVE ( 'NONE', #174, #63, #569, .T. ) ;
#263 = VECTOR ( 'NONE', #590, 1000.000000000000000 ) ;
#264 = ORIENTED_EDGE ( 'NONE', *, *, #262, .F. ) ;
#265 = DIRECTION ( 'NONE',  ( -6.938893903907402558E-14, 0.000000000000000000, 1.000000000000000000 ) ) ;
#266 = EDGE_CURVE ( 'NONE', #66, #998, #845, .T. ) ;
#267 = ORIENTED_EDGE ( 'NONE', *, *, #1429, .T. ) ;
#268 = DIRECTION ( 'NONE',  ( -1.396592535537228887E-14, 1.000000000000000000, -1.396592535537267857E-14 ) ) ;
#269 = VERTEX_POINT ( 'NONE', #211 ) ;
#270 = LINE ( 'NONE', #757, #809 ) ;
#271 = VERTEX_POINT ( 'NONE', #597 ) ;
#272 = COLOUR_RGB ( '',0.7921568627450980005, 0.8196078431372548767, 0.9333333333333333481 ) ;
#273 = FACE_OUTER_BOUND ( 'NONE', #1371, .T. ) ;
#274 = VERTEX_POINT ( 'NONE', #709 ) ;
#275 = DIRECTION ( 'NONE',  ( 0.000000000000000000, -1.000000000000000000, 1.387778780781445676E-14 ) ) ;
#276 = VECTOR ( 'NONE', #1492, 1000.000000000000000 ) ;
#277 = EDGE_CURVE ( 'NONE', #1254, #1542, #1339, .T. ) ;
#278 = VERTEX_POINT ( 'NONE', #1096 ) ;
#279 = FACE_OUTER_BOUND ( 'NONE', #862, .T. ) ;
#280 = CARTESIAN_POINT ( 'NONE',  ( 13.37943088170094086, 4.061403386816883732, 22.69445279872765653 ) ) ;
#281 = ADVANCED_FACE ( 'NONE', ( #93 ), #1440, .T. ) ;
#282 = UNCERTAINTY_MEASURE_WITH_UNIT (LENGTH_MEASURE( 1.000000000000000082E-05 ), #22, 'distance_accuracy_value', 'NONE');
#283 = ORIENTED_EDGE ( 'NONE', *, *, #1346, .T. ) ;
#284 = ORIENTED_EDGE ( 'NONE', *, *, #1353, .F. ) ;
#285 = CARTESIAN_POINT ( 'NONE',  ( 10.87943088170145423, -2.967023737929670446, 0.4401793975941948878 ) ) ;
#286 = CARTESIAN_POINT ( 'NONE',  ( 11.97943088170162085, -0.1385966131836539050, -14.60554720127227846 ) ) ;
#287 = EDGE_LOOP ( 'NONE', ( #535, #739, #336, #982 ) ) ;
#288 = EDGE_CURVE ( 'NONE', #484, #38, #369, .T. ) ;
#289 = DIRECTION ( 'NONE',  ( 7.228014483238574242E-15, -1.396572245702236841E-14, -1.000000000000000000 ) ) ;
#290 = ORIENTED_EDGE ( 'NONE', *, *, #1279, .F. ) ;
#291 = DIRECTION ( 'NONE',  ( -6.938893903907156591E-15, 1.000000000000000000, -3.469446951953542797E-15 ) ) ;
#292 = VECTOR ( 'NONE', #673, 1000.000000000000000 ) ;
#293 = AXIS2_PLACEMENT_3D ( 'NONE', #1455, #230, #964 ) ;
#294 = ORIENTED_EDGE ( 'NONE', *, *, #606, .T. ) ;
#295 = EDGE_CURVE ( 'NONE', #16, #274, #1315, .T. ) ;
#296 = DIRECTION ( 'NONE',  ( 6.938893903907421491E-14, -1.395910297075125929E-14, -1.000000000000000000 ) ) ;
#297 = ORIENTED_EDGE ( 'NONE', *, *, #842, .T. ) ;
#298 = CARTESIAN_POINT ( 'NONE',  ( 26.37943088170102612, 4.061403386817064920, 22.69445279872765653 ) ) ;
#299 = CARTESIAN_POINT ( 'NONE',  ( 29.27943088170132313, 4.661403386816579619, 0.4401793975941682424 ) ) ;
#300 = VERTEX_POINT ( 'NONE', #832 ) ;
#301 = DIRECTION ( 'NONE',  ( -1.950524675550436351E-28, 1.396592535537267857E-14, 1.000000000000000000 ) ) ;
#302 = ORIENTED_EDGE ( 'NONE', *, *, #1043, .T. ) ;
#303 = CIRCLE ( 'NONE', #1284, 0.5000000000000000000 ) ;
#304 = DIRECTION ( 'NONE',  ( 1.000000000000000000, 1.393974221767077535E-14, 3.631720003024892878E-31 ) ) ;
#305 = DIRECTION ( 'NONE',  ( -1.000000000000000000, -1.387778780781446149E-14, 0.000000000000000000 ) ) ;
#306 = ORIENTED_EDGE ( 'NONE', *, *, #490, .F. ) ;
#307 = CARTESIAN_POINT ( 'NONE',  ( 11.97943088170162085, -0.1385966131836335880, -13.10554720127227846 ) ) ;
#308 = VECTOR ( 'NONE', #60, 1000.000000000000000 ) ;
#309 = VERTEX_POINT ( 'NONE', #1570 ) ;
#310 = ORIENTED_EDGE ( 'NONE', *, *, #1125, .F. ) ;
#311 = LINE ( 'NONE', #1298, #381 ) ;
#312 = CARTESIAN_POINT ( 'NONE',  ( 28.87943088170138850, -0.1385966131832315762, -1.559820602405814993 ) ) ;
#313 = ORIENTED_EDGE ( 'NONE', *, *, #980, .T. ) ;
#314 = DIRECTION ( 'NONE',  ( 1.000000000000000000, 1.397039674337988458E-14, -5.705054794136784070E-32 ) ) ;
#315 = AXIS2_PLACEMENT_3D ( 'NONE', #1402, #1194, #209 ) ;
#316 = LINE ( 'NONE', #1548, #446 ) ;
#317 = CARTESIAN_POINT ( 'NONE',  ( 26.87943088170137784, 4.661403386816564520, -1.559820602405831869 ) ) ;
#318 = VECTOR ( 'NONE', #614, 1000.000000000000000 ) ;
#319 = ORIENTED_EDGE ( 'NONE', *, *, #1411, .T. ) ;
#320 = LINE ( 'NONE', #448, #582 ) ;
#321 = DIRECTION ( 'NONE',  ( 0.000000000000000000, -3.469446951953614189E-15, -1.000000000000000000 ) ) ;
#322 = ORIENTED_EDGE ( 'NONE', *, *, #216, .F. ) ;
#323 = DIRECTION ( 'NONE',  ( -1.084202172485486921E-14, -7.556749398143047825E-29, 1.000000000000000000 ) ) ;
#324 = CARTESIAN_POINT ( 'NONE',  ( 11.67943088170143362, 12.85999470999117733, -15.40554720127247457 ) ) ;
#325 = ORIENTED_EDGE ( 'NONE', *, *, #957, .F. ) ;
#326 = PLANE ( 'NONE',  #171 ) ;
#327 = CARTESIAN_POINT ( 'NONE',  ( 11.67943088170162547, -1.138596613183125994, 23.49445279872772119 ) ) ;
#328 = VERTEX_POINT ( 'NONE', #119 ) ;
#329 = PLANE ( 'NONE',  #1214 ) ;
#330 = FACE_OUTER_BOUND ( 'NONE', #987, .T. ) ;
#331 = VECTOR ( 'NONE', #1554, 1000.000000000000000 ) ;
#332 = VECTOR ( 'NONE', #742, 1000.000000000000000 ) ;
#333 = ADVANCED_FACE ( 'NONE', ( #465 ), #474, .F. ) ;
#334 = LINE ( 'NONE', #654, #651 ) ;
#335 = EDGE_LOOP ( 'NONE', ( #1196, #584, #491, #373 ) ) ;
#336 = ORIENTED_EDGE ( 'NONE', *, *, #152, .F. ) ;
#337 = CARTESIAN_POINT ( 'NONE',  ( 29.27943088170119879, 12.85999470999143313, 22.69445279872705967 ) ) ;
#338 = DIRECTION ( 'NONE',  ( -6.938893903907402558E-14, -4.836319614811749704E-28, 1.000000000000000000 ) ) ;
#339 = CARTESIAN_POINT ( 'NONE',  ( 10.47943088170141657, 14.51999470999126096, -13.10554720127248274 ) ) ;
#340 = CARTESIAN_POINT ( 'NONE',  ( 22.81943088170137202, 5.361403386816620653, 23.49445279872763237 ) ) ;
#341 = VECTOR ( 'NONE', #1458, 1000.000000000000000 ) ;
#342 = DIRECTION ( 'NONE',  ( 1.000000000000000000, 6.982962677686267499E-15, -2.422701857770446816E-29 ) ) ;
#343 = CIRCLE ( 'NONE', #1325, 1.500000000000000444 ) ;
#344 = VECTOR ( 'NONE', #953, 1000.000000000000000 ) ;
#345 = ORIENTED_EDGE ( 'NONE', *, *, #961, .T. ) ;
#346 = EDGE_CURVE ( 'NONE', #683, #206, #779, .T. ) ;
#347 = EDGE_LOOP ( 'NONE', ( #382, #1381, #154, #1484 ) ) ;
#348 = PLANE ( 'NONE',  #1326 ) ;
#349 = CARTESIAN_POINT ( 'NONE',  ( 12.87943088170019479, 57.44458918734539310, 22.69445279872690691 ) ) ;
#350 = CARTESIAN_POINT ( 'NONE',  ( 28.07943088170140200, -1.138596613183440187, -15.40554720127227917 ) ) ;
#351 = DIRECTION ( 'NONE',  ( 0.000000000000000000, -1.000000000000000000, 1.387778780781445676E-14 ) ) ;
#352 = LINE ( 'NONE', #227, #417 ) ;
#353 = FACE_OUTER_BOUND ( 'NONE', #379, .T. ) ;
#354 = CARTESIAN_POINT ( 'NONE',  ( 30.07943088170119950, 12.85999470999144023, 23.49445279872705683 ) ) ;
#355 = ADVANCED_FACE ( 'NONE', ( #586 ), #725, .F. ) ;
#356 = ORIENTED_EDGE ( 'NONE', *, *, #1028, .T. ) ;
#357 = DIRECTION ( 'NONE',  ( 1.396592535537228887E-14, -1.000000000000000000, 1.396592535537267857E-14 ) ) ;
#358 = DIRECTION ( 'NONE',  ( 1.950445712854297344E-28, -1.396592535537267857E-14, -1.000000000000000000 ) ) ;
#359 = VECTOR ( 'NONE', #1571, 1000.000000000000000 ) ;
#360 = FACE_OUTER_BOUND ( 'NONE', #756, .T. ) ;
#361 = ORIENTED_EDGE ( 'NONE', *, *, #251, .F. ) ;
#362 = CARTESIAN_POINT ( 'NONE',  ( 29.27943088170132668, 4.661403386817087657, 21.19445279872764587 ) ) ;
#363 = VERTEX_POINT ( 'NONE', #607 ) ;
#364 = CARTESIAN_POINT ( 'NONE',  ( 19.87943088170140982, 4.360699048403849254, -14.60554720127234241 ) ) ;
#365 = ADVANCED_FACE ( 'NONE', ( #1089 ), #348, .T. ) ;
#366 = EDGE_LOOP ( 'NONE', ( #708, #993, #1021, #290 ) ) ;
#367 = DIRECTION ( 'NONE',  ( -1.000000000000000000, -6.969871108835286701E-15, -9.771176791248141388E-29 ) ) ;
#368 = CIRCLE ( 'NONE', #1272, 0.5000000000000000000 ) ;
#369 = CIRCLE ( 'NONE', #994, 2.000000000000001776 ) ;
#370 = LINE ( 'NONE', #1475, #28 ) ;
#371 = ORIENTED_EDGE ( 'NONE', *, *, #288, .F. ) ;
#372 = DIRECTION ( 'NONE',  ( -1.396592535537228887E-14, 1.000000000000000000, -1.396592535537267857E-14 ) ) ;
#373 = ORIENTED_EDGE ( 'NONE', *, *, #524, .T. ) ;
#374 = LINE ( 'NONE', #105, #186 ) ;
#375 = ADVANCED_FACE ( 'NONE', ( #353 ), #850, .F. ) ;
#376 = VERTEX_POINT ( 'NONE', #1197 ) ;
#377 = DIRECTION ( 'NONE',  ( 0.000000000000000000, -1.396572245702246938E-14, -1.000000000000000000 ) ) ;
#378 = CARTESIAN_POINT ( 'NONE',  ( 30.07943088170140200, -1.138596613183384232, -13.40554720127227917 ) ) ;
#379 = EDGE_LOOP ( 'NONE', ( #798, #306, #963, #617 ) ) ;
#380 = DIRECTION ( 'NONE',  ( -0.000000000000000000, 1.396600640281428393E-14, 1.000000000000000000 ) ) ;
#381 = VECTOR ( 'NONE', #1432, 1000.000000000000000 ) ;
#382 = ORIENTED_EDGE ( 'NONE', *, *, #184, .T. ) ;
#383 = LINE ( 'NONE', #656, #50 ) ;
#384 = EDGE_CURVE ( 'NONE', #1359, #878, #352, .T. ) ;
#385 = ORIENTED_EDGE ( 'NONE', *, *, #741, .F. ) ;
#386 = LINE ( 'NONE', #1491, #121 ) ;
#387 = AXIS2_PLACEMENT_3D ( 'NONE', #1066, #192, #1301 ) ;
#388 = EDGE_CURVE ( 'NONE', #258, #609, #5, .T. ) ;
#389 = EDGE_CURVE ( 'NONE', #585, #328, #740, .T. ) ;
#390 = ORIENTED_EDGE ( 'NONE', *, *, #1062, .F. ) ;
#391 = DIRECTION ( 'NONE',  ( 2.453474918025454504E-29, -6.982962677686217801E-15, -1.000000000000000000 ) ) ;
#392 = EDGE_LOOP ( 'NONE', ( #310, #128 ) ) ;
#393 = DIRECTION ( 'NONE',  ( 1.396592535537228887E-14, -1.000000000000000000, 1.396592535537267857E-14 ) ) ;
#394 = ORIENTED_EDGE ( 'NONE', *, *, #1482, .F. ) ;
#395 = DIRECTION ( 'NONE',  ( 1.000000000000000000, 6.785482984263017175E-15, 1.002869186966748886E-28 ) ) ;
#396 = AXIS2_PLACEMENT_3D ( 'NONE', #285, #536, #1280 ) ;
#397 = DIRECTION ( 'NONE',  ( 1.000000000000000000, 0.000000000000000000, 0.000000000000000000 ) ) ;
#398 = DIRECTION ( 'NONE',  ( 0.000000000000000000, -1.000000000000000000, 1.387778780781445676E-14 ) ) ;
#399 = EDGE_CURVE ( 'NONE', #1261, #1529, #863, .T. ) ;
#400 = DIRECTION ( 'NONE',  ( 1.000000000000000000, 7.097508525429686916E-15, 9.592129701015751411E-29 ) ) ;
#401 = VECTOR ( 'NONE', #523, 1000.000000000000000 ) ;
#402 = ORIENTED_EDGE ( 'NONE', *, *, #1094, .T. ) ;
#403 = VERTEX_POINT ( 'NONE', #133 ) ;
#404 = LINE ( 'NONE', #531, #1349 ) ;
#405 = ADVANCED_FACE ( 'NONE', ( #583 ), #970, .T. ) ;
#406 = CARTESIAN_POINT ( 'NONE',  ( 9.679430881701120981, 12.85999470999116312, -15.40554720127248345 ) ) ;
#407 = VERTEX_POINT ( 'NONE', #97 ) ;
#408 = DIRECTION ( 'NONE',  ( -1.000000000000000000, -6.938893903907233900E-15, 0.000000000000000000 ) ) ;
#409 = LINE ( 'NONE', #88, #1099 ) ;
#410 = EDGE_LOOP ( 'NONE', ( #532, #1524, #806, #1022 ) ) ;
#411 = VECTOR ( 'NONE', #238, 1000.000000000000000 ) ;
#412 = LINE ( 'NONE', #897, #877 ) ;
#413 = CARTESIAN_POINT ( 'NONE',  ( 28.07943088170058132, 57.44458918734558495, 21.49445279872690051 ) ) ;
#414 = DIRECTION ( 'NONE',  ( -1.000000000000000000, -7.080503983578807767E-15, -9.616667744196310939E-29 ) ) ;
#415 = VERTEX_POINT ( 'NONE', #1119 ) ;
#416 = DIRECTION ( 'NONE',  ( 1.950445712854297344E-28, -1.396592535537267857E-14, -1.000000000000000000 ) ) ;
#417 = VECTOR ( 'NONE', #1337, 1000.000000000000000 ) ;
#418 = DIRECTION ( 'NONE',  ( 0.000000000000000000, -1.396600640281428393E-14, -1.000000000000000000 ) ) ;
#419 = AXIS2_PLACEMENT_3D ( 'NONE', #835, #95, #1082 ) ;
#420 = VECTOR ( 'NONE', #189, 1000.000000000000000 ) ;
#421 = FACE_OUTER_BOUND ( 'NONE', #1390, .T. ) ;
#422 = ADVANCED_FACE ( 'NONE', ( #1221 ), #841, .T. ) ;
#423 = EDGE_CURVE ( 'NONE', #803, #1166, #995, .T. ) ;
#424 = LINE ( 'NONE', #1499, #1151 ) ;
#425 = ORIENTED_EDGE ( 'NONE', *, *, #295, .T. ) ;
#426 = DIRECTION ( 'NONE',  ( 1.000000000000000000, 1.393974221767077535E-14, 0.000000000000000000 ) ) ;
#427 = LINE ( 'NONE', #1299, #1014 ) ;
#428 = FACE_OUTER_BOUND ( 'NONE', #1159, .T. ) ;
#429 = VERTEX_POINT ( 'NONE', #714 ) ;
#430 = VERTEX_POINT ( 'NONE', #116 ) ;
#431 = EDGE_CURVE ( 'NONE', #26, #66, #836, .T. ) ;
#432 = CARTESIAN_POINT ( 'NONE',  ( -6.509933288533176746E-14, 4.661403386816382444, -6.510078339888020813E-14 ) ) ;
#433 = CARTESIAN_POINT ( 'NONE',  ( 26.87943088170143113, -2.967023737929558536, 0.4401793975941946657 ) ) ;
#434 = ORIENTED_EDGE ( 'NONE', *, *, #1445, .T. ) ;
#435 = DIRECTION ( 'NONE',  ( 1.950445712854297344E-28, -1.396592535537267857E-14, -1.000000000000000000 ) ) ;
#436 = VECTOR ( 'NONE', #1450, 1000.000000000000000 ) ;
#437 = CARTESIAN_POINT ( 'NONE',  ( 26.37943088170097283, 4.061403386817061367, 23.49445279872765369 ) ) ;
#438 = CARTESIAN_POINT ( 'NONE',  ( 29.27943088170058772, 57.44458918734562047, 22.69445279872690691 ) ) ;
#439 = ORIENTED_EDGE ( 'NONE', *, *, #252, .F. ) ;
#440 = DIRECTION ( 'NONE',  ( 1.000000000000000000, 1.397039674337988458E-14, 0.000000000000000000 ) ) ;
#441 = DIRECTION ( 'NONE',  ( 1.000000000000000000, 0.000000000000000000, 6.938893903907222067E-14 ) ) ;
#442 = ORIENTED_EDGE ( 'NONE', *, *, #643, .T. ) ;
#443 = DIRECTION ( 'NONE',  ( -1.397039674337988300E-14, 1.000000000000000000, -1.395910297075222801E-14 ) ) ;
#444 = AXIS2_PLACEMENT_3D ( 'NONE', #909, #698, #526 ) ;
#445 = CYLINDRICAL_SURFACE ( 'NONE', #788, 1.500000000000000444 ) ;
#446 = VECTOR ( 'NONE', #1443, 1000.000000000000000 ) ;
#447 = ORIENTED_EDGE ( 'NONE', *, *, #423, .T. ) ;
#448 = CARTESIAN_POINT ( 'NONE',  ( 9.679430881701557965, 4.061403386816829553, 23.49445279872765369 ) ) ;
#449 = CARTESIAN_POINT ( 'NONE',  ( 10.47943088170162085, -0.1385966131834926729, -1.559820602405823209 ) ) ;
#450 = ORIENTED_EDGE ( 'NONE', *, *, #216, .T. ) ;
#451 = DIRECTION ( 'NONE',  ( -1.000000000000000000, -7.080503983578807767E-15, -9.615878117234920866E-29 ) ) ;
#452 = ADVANCED_FACE ( 'NONE', ( #259 ), #749, .F. ) ;
#453 = DIRECTION ( 'NONE',  ( 0.000000000000000000, 1.000000000000000000, -1.387778780781445202E-14 ) ) ;
#454 = DIRECTION ( 'NONE',  ( -1.000000000000000000, -6.938893903907233900E-15, -5.421010862427526484E-17 ) ) ;
#455 = VERTEX_POINT ( 'NONE', #1086 ) ;
#456 = VERTEX_POINT ( 'NONE', #1558 ) ;
#457 = DIRECTION ( 'NONE',  ( 1.000000000000000000, 1.396574636641576162E-14, 0.000000000000000000 ) ) ;
#458 = CARTESIAN_POINT ( 'NONE',  ( 26.37943088170074901, 2.361403386816968819, 27.09445279872855039 ) ) ;
#459 = LINE ( 'NONE', #703, #908 ) ;
#460 = DIRECTION ( 'NONE',  ( 1.084202172485486921E-14, 1.511349879628631313E-28, -1.000000000000000000 ) ) ;
#461 = CARTESIAN_POINT ( 'NONE',  ( 11.97943088170141657, 12.85999470999118088, -14.60554720127246853 ) ) ;
#462 = EDGE_CURVE ( 'NONE', #309, #258, #470, .T. ) ;
#463 = ORIENTED_EDGE ( 'NONE', *, *, #33, .F. ) ;
#464 = PRODUCT_DEFINITION_SHAPE ( 'NONE', 'NONE',  #874 ) ;
#465 = FACE_OUTER_BOUND ( 'NONE', #149, .T. ) ;
#466 = LINE ( 'NONE', #349, #1060 ) ;
#467 = LINE ( 'NONE', #966, #218 ) ;
#468 = DIRECTION ( 'NONE',  ( 1.950445712854297344E-28, -1.396592535537267857E-14, -1.000000000000000000 ) ) ;
#469 = AXIS2_PLACEMENT_3D ( 'NONE', #235, #724, #960 ) ;
#470 = LINE ( 'NONE', #1454, #341 ) ;
#471 = CIRCLE ( 'NONE', #65, 2.000000000000000000 ) ;
#472 = VERTEX_POINT ( 'NONE', #461 ) ;
#473 = EDGE_LOOP ( 'NONE', ( #775, #596, #123, #1015 ) ) ;
#474 = CYLINDRICAL_SURFACE ( 'NONE', #293, 1.500000000000001332 ) ;
#475 = LINE ( 'NONE', #598, #436 ) ;
#476 = ADVANCED_FACE ( 'NONE', ( #1444 ), #602, .F. ) ;
#477 = LINE ( 'NONE', #955, #495 ) ;
#478 = DIRECTION ( 'NONE',  ( -1.396592535537228887E-14, 1.000000000000000000, -1.396592535537267857E-14 ) ) ;
#479 = ADVANCED_FACE ( 'NONE', ( #1329 ), #480, .F. ) ;
#480 = PLANE ( 'NONE',  #8 ) ;
#481 = DIRECTION ( 'NONE',  ( 0.000000000000000000, 1.387778780781446149E-14, 1.000000000000000000 ) ) ;
#482 = CARTESIAN_POINT ( 'NONE',  ( 10.47943088170163328, -2.178204418620566685, 0.4401793975941926673 ) ) ;
#483 = VERTEX_POINT ( 'NONE', #594 ) ;
#484 = VERTEX_POINT ( 'NONE', #1093 ) ;
#485 = DIRECTION ( 'NONE',  ( 0.000000000000000000, 1.387778780781446149E-14, 1.000000000000000000 ) ) ;
#486 = CARTESIAN_POINT ( 'NONE',  ( 22.81943088170135781, 7.121403386816620440, 23.49445279872760750 ) ) ;
#487 = CARTESIAN_POINT ( 'NONE',  ( 11.97943088170155335, 4.661403386816866501, 22.69445279872764232 ) ) ;
#488 = ORIENTED_EDGE ( 'NONE', *, *, #1559, .F. ) ;
#489 = CARTESIAN_POINT ( 'NONE',  ( 28.07943088170118173, 12.85999470999129457, -15.40554720127248345 ) ) ;
#490 = EDGE_CURVE ( 'NONE', #269, #529, #1582, .T. ) ;
#491 = ORIENTED_EDGE ( 'NONE', *, *, #916, .T. ) ;
#492 = LINE ( 'NONE', #1242, #1164 ) ;
#493 = ORIENTED_EDGE ( 'NONE', *, *, #431, .T. ) ;
#494 = CARTESIAN_POINT ( 'NONE',  ( 11.67943088170080834, 57.44458918734487440, -13.40554720127309984 ) ) ;
#495 = VECTOR ( 'NONE', #1564, 1000.000000000000000 ) ;
#496 = CIRCLE ( 'NONE', #1273, 1.500000000000000444 ) ;
#497 = CARTESIAN_POINT ( 'NONE',  ( 10.47943088170081616, 57.44458918734535757, 22.69445279872690691 ) ) ;
#498 = ORIENTED_EDGE ( 'NONE', *, *, #388, .F. ) ;
#499 = LINE ( 'NONE', #18, #732 ) ;
#500 = ORIENTED_EDGE ( 'NONE', *, *, #1115, .F. ) ;
#501 = DIRECTION ( 'NONE',  ( -1.396574636641591308E-14, 1.000000000000000000, 0.000000000000000000 ) ) ;
#502 = EDGE_CURVE ( 'NONE', #1551, #935, #242, .T. ) ;
#503 = MANIFOLD_SOLID_BREP ( 'MainBody', #122 ) ;
#504 = ORIENTED_EDGE ( 'NONE', *, *, #542, .F. ) ;
#505 = CARTESIAN_POINT ( 'NONE',  ( 26.87943088170120731, -0.1385966131829490799, 20.96017939759418525 ) ) ;
#506 = EDGE_CURVE ( 'NONE', #430, #300, #1465, .T. ) ;
#507 = CARTESIAN_POINT ( 'NONE',  ( 0.000000000000000000, 0.000000000000000000, 0.000000000000000000 ) ) ;
#508 = ORIENTED_EDGE ( 'NONE', *, *, #637, .T. ) ;
#509 = PLANE ( 'NONE',  #195 ) ;
#510 = ADVANCED_BREP_SHAPE_REPRESENTATION ( 'IGC LoggerMainCase', ( #503, #1585 ), #1386 ) ;
#511 = ORIENTED_EDGE ( 'NONE', *, *, #1395, .T. ) ;
#512 = LINE ( 'NONE', #1385, #720 ) ;
#513 = ORIENTED_EDGE ( 'NONE', *, *, #834, .T. ) ;
#514 = SURFACE_STYLE_USAGE ( .BOTH. , #644 ) ;
#515 = VECTOR ( 'NONE', #1126, 1000.000000000000000 ) ;
#516 = EDGE_CURVE ( 'NONE', #49, #415, #880, .T. ) ;
#517 = AXIS2_PLACEMENT_3D ( 'NONE', #1050, #1522, #1290 ) ;
#518 = ORIENTED_EDGE ( 'NONE', *, *, #55, .T. ) ;
#519 = CARTESIAN_POINT ( 'NONE',  ( 26.37943088170099770, 2.361403386816968819, 23.49445279872767500 ) ) ;
#520 = DIRECTION ( 'NONE',  ( 8.673617379883861292E-14, -1.395910297075059033E-14, -1.000000000000000000 ) ) ;
#521 = EDGE_LOOP ( 'NONE', ( #613, #843, #715, #1079, #15, #1288, #1331, #747 ) ) ;
#522 = ORIENTED_EDGE ( 'NONE', *, *, #462, .T. ) ;
#523 = DIRECTION ( 'NONE',  ( 6.938893903907421491E-14, -1.395910297075125929E-14, -1.000000000000000000 ) ) ;
#524 = EDGE_CURVE ( 'NONE', #633, #1166, #270, .T. ) ;
#525 = AXIS2_PLACEMENT_3D ( 'NONE', #1312, #1158, #48 ) ;
#526 = DIRECTION ( 'NONE',  ( 1.396592535537228887E-14, -1.000000000000000000, 0.000000000000000000 ) ) ;
#527 = CARTESIAN_POINT ( 'NONE',  ( 26.87943088170119665, 4.661403386817038808, 20.16017939759414190 ) ) ;
#528 = CIRCLE ( 'NONE', #1297, 1.760000000000001119 ) ;
#529 = VERTEX_POINT ( 'NONE', #1140 ) ;
#530 = PLANE ( 'NONE',  #605 ) ;
#531 = CARTESIAN_POINT ( 'NONE',  ( 22.81943088170135070, 8.881403386816620227, 24.26017939759418951 ) ) ;
#532 = ORIENTED_EDGE ( 'NONE', *, *, #959, .T. ) ;
#533 = DIRECTION ( 'NONE',  ( 0.000000000000000000, 1.000000000000000000, -1.387778780781445202E-14 ) ) ;
#534 = EDGE_CURVE ( 'NONE', #1361, #1118, #386, .T. ) ;
#535 = ORIENTED_EDGE ( 'NONE', *, *, #78, .T. ) ;
#536 = DIRECTION ( 'NONE',  ( 2.422701857770446816E-29, -3.491481338843133750E-15, -1.000000000000000000 ) ) ;
#537 = AXIS2_PLACEMENT_3D ( 'NONE', #115, #357, #854 ) ;
#538 = EDGE_LOOP ( 'NONE', ( #319, #875 ) ) ;
#539 = LINE ( 'NONE', #912, #706 ) ;
#540 = CARTESIAN_POINT ( 'NONE',  ( 30.07943088170120660, 12.85999470999131589, -13.40554720127246924 ) ) ;
#541 = EDGE_CURVE ( 'NONE', #1460, #1011, #1244, .T. ) ;
#542 = EDGE_CURVE ( 'NONE', #1205, #1124, #1004, .T. ) ;
#543 = EDGE_LOOP ( 'NONE', ( #1009, #500, #911, #780 ) ) ;
#544 = EDGE_CURVE ( 'NONE', #328, #803, #1173, .T. ) ;
#545 = DIRECTION ( 'NONE',  ( 1.950445712854297344E-28, -1.396592535537267857E-14, -1.000000000000000000 ) ) ;
#546 = ORIENTED_EDGE ( 'NONE', *, *, #1429, .F. ) ;
#547 = CARTESIAN_POINT ( 'NONE',  ( 10.47943088170162085, -0.1385966131831539438, 22.69445279872771337 ) ) ;
#548 = CARTESIAN_POINT ( 'NONE',  ( 29.27943088170135866, 4.661403386816587613, 0.4401793975941680204 ) ) ;
#549 = AXIS2_PLACEMENT_3D ( 'NONE', #486, #1213, #1356 ) ;
#550 = CARTESIAN_POINT ( 'NONE',  ( 12.87943088170145423, -2.967023737929656679, 0.4401793975941948878 ) ) ;
#551 = ORIENTED_EDGE ( 'NONE', *, *, #1043, .F. ) ;
#552 = EDGE_CURVE ( 'NONE', #1296, #1061, #528, .T. ) ;
#553 = ORIENTED_EDGE ( 'NONE', *, *, #1125, .T. ) ;
#554 = CARTESIAN_POINT ( 'NONE',  ( 19.87943088170140982, 7.360699048403840372, -15.40554720127239818 ) ) ;
#555 = LINE ( 'NONE', #312, #308 ) ;
#556 = ORIENTED_EDGE ( 'NONE', *, *, #961, .F. ) ;
#557 = CARTESIAN_POINT ( 'NONE',  ( 13.37943088170096573, 2.361403386816878225, 22.69445279872767784 ) ) ;
#558 = LINE ( 'NONE', #817, #41 ) ;
#559 = EDGE_CURVE ( 'NONE', #878, #1314, #499, .T. ) ;
#560 = ORIENTED_EDGE ( 'NONE', *, *, #1418, .T. ) ;
#561 = CARTESIAN_POINT ( 'NONE',  ( 10.47943088170112880, 12.85999470999130168, 22.69445279872752153 ) ) ;
#562 = CARTESIAN_POINT ( 'NONE',  ( 29.27943088170133024, 4.661403386817072558, 20.16017939759410638 ) ) ;
#563 = ORIENTED_EDGE ( 'NONE', *, *, #853, .F. ) ;
#564 = DIRECTION ( 'NONE',  ( 0.000000000000000000, 0.000000000000000000, -1.000000000000000000 ) ) ;
#565 = VECTOR ( 'NONE', #321, 1000.000000000000000 ) ;
#566 = CARTESIAN_POINT ( 'NONE',  ( 12.87943088170093908, 3.561403386816874406, 23.49445279872765369 ) ) ;
#567 = EDGE_CURVE ( 'NONE', #455, #309, #1423, .T. ) ;
#568 = ORIENTED_EDGE ( 'NONE', *, *, #1138, .F. ) ;
#569 = LINE ( 'NONE', #1070, #1073 ) ;
#570 = FACE_OUTER_BOUND ( 'NONE', #111, .T. ) ;
#571 = ORIENTED_EDGE ( 'NONE', *, *, #1525, .T. ) ;
#572 = CARTESIAN_POINT ( 'NONE',  ( 10.47943088170162085, -0.1385966131831539438, 22.69445279872771337 ) ) ;
#573 = CIRCLE ( 'NONE', #1468, 0.5000000000000000000 ) ;
#574 = PLANE ( 'NONE',  #1076 ) ;
#575 = AXIS2_PLACEMENT_3D ( 'NONE', #1282, #182, #670 ) ;
#576 = FACE_BOUND ( 'NONE', #392, .T. ) ;
#577 = VERTEX_POINT ( 'NONE', #362 ) ;
#578 = DIRECTION ( 'NONE',  ( 1.396574636641576162E-14, -1.000000000000000000, 1.396572245702246938E-14 ) ) ;
#579 = DIRECTION ( 'NONE',  ( 1.396574636641576004E-14, -1.000000000000000000, 1.396572245702246780E-14 ) ) ;
#580 = DIRECTION ( 'NONE',  ( -1.396592535537228887E-14, 1.000000000000000000, -1.396592535537267857E-14 ) ) ;
#581 = CARTESIAN_POINT ( 'NONE',  ( 28.07943088170140200, -1.138596613182897066, 23.49445279872772119 ) ) ;
#582 = VECTOR ( 'NONE', #304, 1000.000000000000000 ) ;
#583 = FACE_OUTER_BOUND ( 'NONE', #1184, .T. ) ;
#584 = ORIENTED_EDGE ( 'NONE', *, *, #926, .T. ) ;
#585 = VERTEX_POINT ( 'NONE', #1135 ) ;
#586 = FACE_OUTER_BOUND ( 'NONE', #1300, .T. ) ;
#587 = CARTESIAN_POINT ( 'NONE',  ( 10.47943088170142900, 4.661403386816824757, 21.19445279872764232 ) ) ;
#588 = DIRECTION ( 'NONE',  ( 1.950445712854297344E-28, -1.396592535537267857E-14, -1.000000000000000000 ) ) ;
#589 = CIRCLE ( 'NONE', #950, 1.500000000000000444 ) ;
#590 = DIRECTION ( 'NONE',  ( -1.396574636641576162E-14, 1.000000000000000000, -1.396592535537267857E-14 ) ) ;
#591 = VECTOR ( 'NONE', #814, 1000.000000000000000 ) ;
#592 = VECTOR ( 'NONE', #226, 1000.000000000000000 ) ;
#593 = EDGE_CURVE ( 'NONE', #99, #768, #471, .T. ) ;
#594 = CARTESIAN_POINT ( 'NONE',  ( 27.77943088170131603, 4.661403386817092986, 22.69445279872764232 ) ) ;
#595 = ADVANCED_FACE ( 'NONE', ( #279 ), #1122, .T. ) ;
#596 = ORIENTED_EDGE ( 'NONE', *, *, #996, .F. ) ;
#597 = CARTESIAN_POINT ( 'NONE',  ( 10.47943088170155335, 4.661403386816447281, -1.559820602405830092 ) ) ;
#598 = CARTESIAN_POINT ( 'NONE',  ( 10.47943088170153914, -2.178204418620573346, -1.559820602405808332 ) ) ;
#599 = DIRECTION ( 'NONE',  ( 1.396592535537228887E-14, -1.000000000000000000, 1.396592535537267857E-14 ) ) ;
#600 = LINE ( 'NONE', #1453, #54 ) ;
#601 = VECTOR ( 'NONE', #391, 1000.000000000000000 ) ;
#602 = PLANE ( 'NONE',  #1253 ) ;
#603 = AXIS2_PLACEMENT_3D ( 'NONE', #129, #34, #155 ) ;
#604 = EDGE_CURVE ( 'NONE', #1206, #69, #1239, .T. ) ;
#605 = AXIS2_PLACEMENT_3D ( 'NONE', #664, #1031, #408 ) ;
#606 = EDGE_CURVE ( 'NONE', #278, #1431, #161, .T. ) ;
#607 = CARTESIAN_POINT ( 'NONE',  ( 29.27943088170139063, -0.1385966131829267645, 20.16017939759419519 ) ) ;
#608 = DIRECTION ( 'NONE',  ( -7.885106708985489231E-15, -1.000000000000000000, 1.379893674072460734E-14 ) ) ;
#609 = VERTEX_POINT ( 'NONE', #873 ) ;
#610 = DIRECTION ( 'NONE',  ( -7.097508525429686916E-15, 1.000000000000000000, -3.497202527569242313E-15 ) ) ;
#611 = FILL_AREA_STYLE_COLOUR ( '', #272 ) ;
#612 = DIRECTION ( 'NONE',  ( 0.000000000000000000, -1.000000000000000000, 1.396592535537267857E-14 ) ) ;
#613 = ORIENTED_EDGE ( 'NONE', *, *, #916, .F. ) ;
#614 = DIRECTION ( 'NONE',  ( -1.084202172485506485E-14, 1.399298428864106842E-14, 1.000000000000000000 ) ) ;
#615 = ORIENTED_EDGE ( 'NONE', *, *, #1401, .T. ) ;
#616 = CARTESIAN_POINT ( 'NONE',  ( 12.87943088170106520, 2.361403386816868455, 23.49445279872767500 ) ) ;
#617 = ORIENTED_EDGE ( 'NONE', *, *, #675, .F. ) ;
#618 = DIRECTION ( 'NONE',  ( 1.000000000000000000, 1.396574636641576162E-14, 0.000000000000000000 ) ) ;
#619 = EDGE_CURVE ( 'NONE', #274, #403, #766, .T. ) ;
#620 = VECTOR ( 'NONE', #929, 1000.000000000000000 ) ;
#621 = CARTESIAN_POINT ( 'NONE',  ( 9.679430881701422962, 12.85999470999129457, 23.49445279872705683 ) ) ;
#622 = ORIENTED_EDGE ( 'NONE', *, *, #637, .F. ) ;
#623 = ADVANCED_FACE ( 'NONE', ( #1477, #1112 ), #509, .F. ) ;
#624 = CARTESIAN_POINT ( 'NONE',  ( 19.87943088170140982, 4.360699048403852807, -14.40554720127235733 ) ) ;
#625 = ORIENTED_EDGE ( 'NONE', *, *, #1336, .F. ) ;
#626 = LINE ( 'NONE', #131, #263 ) ;
#627 = ORIENTED_EDGE ( 'NONE', *, *, #225, .T. ) ;
#628 = DIRECTION ( 'NONE',  ( -2.453474918025454504E-29, 6.982962677686217801E-15, 1.000000000000000000 ) ) ;
#629 = VECTOR ( 'NONE', #870, 1000.000000000000000 ) ;
#630 = ORIENTED_EDGE ( 'NONE', *, *, #659, .F. ) ;
#631 = ADVANCED_FACE ( 'NONE', ( #858 ), #1350, .F. ) ;
#632 = AXIS2_PLACEMENT_3D ( 'NONE', #1547, #1539, #816 ) ;
#633 = VERTEX_POINT ( 'NONE', #489 ) ;
#634 = LINE ( 'NONE', #744, #601 ) ;
#635 = ORIENTED_EDGE ( 'NONE', *, *, #399, .T. ) ;
#636 = CARTESIAN_POINT ( 'NONE',  ( 29.27943088170140840, -2.178204418620443228, -1.559820602405808332 ) ) ;
#637 = EDGE_CURVE ( 'NONE', #577, #1542, #988, .T. ) ;
#638 = ORIENTED_EDGE ( 'NONE', *, *, #926, .F. ) ;
#639 = VERTEX_POINT ( 'NONE', #1367 ) ;
#640 = CARTESIAN_POINT ( 'NONE',  ( 11.67943088170080834, 57.44458918734538599, 23.49445279872690406 ) ) ;
#641 = CARTESIAN_POINT ( 'NONE',  ( 12.87943088170102790, -0.1385966131831557757, 20.16017939759418809 ) ) ;
#642 = ORIENTED_EDGE ( 'NONE', *, *, #1138, .T. ) ;
#643 = EDGE_CURVE ( 'NONE', #168, #363, #1373, .T. ) ;
#644 = SURFACE_SIDE_STYLE ('',( #1255 ) ) ;
#645 = AXIS2_PLACEMENT_3D ( 'NONE', #1306, #954, #94 ) ;
#646 =( NAMED_UNIT ( * ) SI_UNIT ( $, .STERADIAN. ) SOLID_ANGLE_UNIT ( ) );
#647 = DIRECTION ( 'NONE',  ( 1.950524675550436351E-28, -1.396592535537267857E-14, -1.000000000000000000 ) ) ;
#648 = CARTESIAN_POINT ( 'NONE',  ( 10.47943088170162085, -0.1385966131836748605, -14.60554720127227846 ) ) ;
#649 = ORIENTED_EDGE ( 'NONE', *, *, #643, .F. ) ;
#650 = ORIENTED_EDGE ( 'NONE', *, *, #1252, .T. ) ;
#651 = VECTOR ( 'NONE', #414, 1000.000000000000000 ) ;
#652 = SHAPE_DEFINITION_REPRESENTATION ( #464, #510 ) ;
#653 = ADVANCED_FACE ( 'NONE', ( #273 ), #27, .T. ) ;
#654 = CARTESIAN_POINT ( 'NONE',  ( 10.47943088170118564, 5.361403386816530947, 22.69445279872763521 ) ) ;
#655 = ORIENTED_EDGE ( 'NONE', *, *, #541, .F. ) ;
#656 = CARTESIAN_POINT ( 'NONE',  ( 27.77943088170131603, 4.661403386817079664, 22.69445279872764232 ) ) ;
#657 = VECTOR ( 'NONE', #1436, 1000.000000000000000 ) ;
#658 = EDGE_LOOP ( 'NONE', ( #144, #563, #203, #1243 ) ) ;
#659 = EDGE_CURVE ( 'NONE', #702, #197, #1249, .T. ) ;
#660 = DIRECTION ( 'NONE',  ( 0.000000000000000000, 1.000000000000000000, -1.396572245702236841E-14 ) ) ;
#661 = ORIENTED_EDGE ( 'NONE', *, *, #593, .F. ) ;
#662 = CARTESIAN_POINT ( 'NONE',  ( 12.87943088170143469, -0.1385966131834311665, 0.4401793975941850068 ) ) ;
#663 = CARTESIAN_POINT ( 'NONE',  ( 9.679430881701177825, 5.361403386816530947, 23.49445279872763237 ) ) ;
#664 = CARTESIAN_POINT ( 'NONE',  ( -3.234498354443273546E-14, 4.661403386816383332, -1.617249177221635511E-14 ) ) ;
#665 = VECTOR ( 'NONE', #291, 1000.000000000000000 ) ;
#666 = EDGE_CURVE ( 'NONE', #197, #430, #634, .T. ) ;
#667 = FACE_OUTER_BOUND ( 'NONE', #335, .T. ) ;
#668 = AXIS2_PLACEMENT_3D ( 'NONE', #1175, #205, #805 ) ;
#669 = ORIENTED_EDGE ( 'NONE', *, *, #559, .T. ) ;
#670 = DIRECTION ( 'NONE',  ( -1.000000000000000000, -6.938893903907228378E-15, 0.000000000000000000 ) ) ;
#671 = DIRECTION ( 'NONE',  ( 1.000000000000000000, 1.397039674338382888E-14, -5.705054799647810670E-32 ) ) ;
#672 = EDGE_CURVE ( 'NONE', #258, #1497, #802, .T. ) ;
#673 = DIRECTION ( 'NONE',  ( -1.000000000000000000, -1.396631176179150393E-14, -0.000000000000000000 ) ) ;
#674 = ORIENTED_EDGE ( 'NONE', *, *, #753, .T. ) ;
#675 = EDGE_CURVE ( 'NONE', #1254, #894, #773, .T. ) ;
#676 = VECTOR ( 'NONE', #1396, 1000.000000000000000 ) ;
#677 = ORIENTED_EDGE ( 'NONE', *, *, #516, .F. ) ;
#678 = CARTESIAN_POINT ( 'NONE',  ( 29.27943088170133024, 4.661403386817072558, 20.16017939759410638 ) ) ;
#679 = DIRECTION ( 'NONE',  ( 0.000000000000000000, 1.000000000000000000, -1.387778780781445202E-14 ) ) ;
#680 = ORIENTED_EDGE ( 'NONE', *, *, #1501, .T. ) ;
#681 = FACE_BOUND ( 'NONE', #166, .T. ) ;
#682 = VECTOR ( 'NONE', #628, 1000.000000000000000 ) ;
#683 = VERTEX_POINT ( 'NONE', #1078 ) ;
#684 = EDGE_CURVE ( 'NONE', #998, #1296, #334, .T. ) ;
#685 = ORIENTED_EDGE ( 'NONE', *, *, #33, .T. ) ;
#686 = CARTESIAN_POINT ( 'NONE',  ( 19.87943088170140982, 7.360699048403853695, -14.40554720127239996 ) ) ;
#687 = CARTESIAN_POINT ( 'NONE',  ( 11.97943088170155335, 4.661403386816850514, 21.19445279872764232 ) ) ;
#688 = ORIENTED_EDGE ( 'NONE', *, *, #516, .T. ) ;
#689 = PLANE ( 'NONE',  #632 ) ;
#690 = DIRECTION ( 'NONE',  ( 1.396592535537228887E-14, -1.000000000000000000, 0.000000000000000000 ) ) ;
#691 = ADVANCED_FACE ( 'NONE', ( #1384 ), #1204, .F. ) ;
#692 = EDGE_LOOP ( 'NONE', ( #2, #769, #434, #294 ) ) ;
#693 = CARTESIAN_POINT ( 'NONE',  ( 10.47943088170162085, -0.1385966131836539050, -13.10554720127227846 ) ) ;
#694 = CARTESIAN_POINT ( 'NONE',  ( 19.87943088170140982, 5.860699048403851030, -14.60554720127236372 ) ) ;
#695 = ORIENTED_EDGE ( 'NONE', *, *, #1336, .T. ) ;
#696 = CARTESIAN_POINT ( 'NONE',  ( 22.81943088170137202, 5.361403386816620653, 22.69445279872763521 ) ) ;
#697 = LINE ( 'NONE', #1178, #1354 ) ;
#698 = DIRECTION ( 'NONE',  ( -1.000000000000000000, -1.396592535537228887E-14, 1.950482029343557459E-28 ) ) ;
#699 = ORIENTED_EDGE ( 'NONE', *, *, #1248, .T. ) ;
#700 = DIRECTION ( 'NONE',  ( 1.396574636641576162E-14, -1.000000000000000000, 1.396572245702246938E-14 ) ) ;
#701 = DIRECTION ( 'NONE',  ( -1.462065334817044139E-28, -3.497202527569242313E-15, -1.000000000000000000 ) ) ;
#702 = VERTEX_POINT ( 'NONE', #707 ) ;
#703 = CARTESIAN_POINT ( 'NONE',  ( 30.07943088170058488, 57.44458918734561337, 21.49445279872690051 ) ) ;
#704 = VECTOR ( 'NONE', #103, 1000.000000000000000 ) ;
#705 = CARTESIAN_POINT ( 'NONE',  ( 16.93943088170136235, 7.121403386816578696, 24.26017939759418951 ) ) ;
#706 = VECTOR ( 'NONE', #74, 1000.000000000000000 ) ;
#707 = CARTESIAN_POINT ( 'NONE',  ( 10.47943088170162085, -0.1385966131834647508, 0.4401793975941821202 ) ) ;
#708 = ORIENTED_EDGE ( 'NONE', *, *, #64, .F. ) ;
#709 = CARTESIAN_POINT ( 'NONE',  ( 12.87943088170095862, 4.661403386816844296, 20.16017939759412059 ) ) ;
#710 = DIRECTION ( 'NONE',  ( -1.000000000000000000, 0.000000000000000000, 0.000000000000000000 ) ) ;
#711 = CARTESIAN_POINT ( 'NONE',  ( 26.87943088170114336, 4.661403386817079664, 22.69445279872764232 ) ) ;
#712 = ADVANCED_FACE ( 'NONE', ( #917 ), #949, .T. ) ;
#713 = DIRECTION ( 'NONE',  ( 0.000000000000000000, -1.000000000000000000, 3.491481338843133750E-15 ) ) ;
#714 = CARTESIAN_POINT ( 'NONE',  ( 19.87943088170140982, 7.360699048403851030, -14.60554720127238326 ) ) ;
#715 = ORIENTED_EDGE ( 'NONE', *, *, #1472, .F. ) ;
#716 = ORIENTED_EDGE ( 'NONE', *, *, #1146, .F. ) ;
#717 = CARTESIAN_POINT ( 'NONE',  ( 12.87943088170101724, 1.861403386816874672, 27.09445279872761247 ) ) ;
#718 = DIRECTION ( 'NONE',  ( -1.000000000000000000, -7.097508525429686916E-15, -9.592129701015751411E-29 ) ) ;
#719 = CARTESIAN_POINT ( 'NONE',  ( 11.67943088170162724, -1.138596613183148865, 21.49445279872772119 ) ) ;
#720 = VECTOR ( 'NONE', #1380, 1000.000000000000000 ) ;
#721 = CYLINDRICAL_SURFACE ( 'NONE', #537, 2.000000000000001776 ) ;
#722 = CIRCLE ( 'NONE', #792, 1.500000000000000444 ) ;
#723 = EDGE_CURVE ( 'NONE', #1291, #930, #1224, .T. ) ;
#724 = DIRECTION ( 'NONE',  ( 1.000000000000000000, 1.396592535537228887E-14, -1.950442373686223045E-28 ) ) ;
#725 = PLANE ( 'NONE',  #1200 ) ;
#726 = DIRECTION ( 'NONE',  ( -1.950524675550436351E-28, 1.396592535537267857E-14, 1.000000000000000000 ) ) ;
#727 = EDGE_LOOP ( 'NONE', ( #165, #1510, #857, #180 ) ) ;
#728 = PLANE ( 'NONE',  #1037 ) ;
#729 = CIRCLE ( 'NONE', #36, 1.500000000000001332 ) ;
#730 = CARTESIAN_POINT ( 'NONE',  ( 26.87943088170103678, 3.561403386817069361, 22.69445279872765653 ) ) ;
#731 = ADVANCED_FACE ( 'NONE', ( #829 ), #167, .F. ) ;
#732 = VECTOR ( 'NONE', #1462, 1000.000000000000000 ) ;
#733 = VECTOR ( 'NONE', #460, 1000.000000000000000 ) ;
#734 = LINE ( 'NONE', #482, #80 ) ;
#735 = EDGE_LOOP ( 'NONE', ( #1033, #1235, #447, #1357, #699, #1368, #1247, #1000 ) ) ;
#736 = DIRECTION ( 'NONE',  ( -1.000000000000000000, -6.938893903907228378E-15, 0.000000000000000000 ) ) ;
#737 = ORIENTED_EDGE ( 'NONE', *, *, #150, .F. ) ;
#738 = CYLINDRICAL_SURFACE ( 'NONE', #824, 1.500000000000001332 ) ;
#739 = ORIENTED_EDGE ( 'NONE', *, *, #262, .T. ) ;
#740 = LINE ( 'NONE', #849, #1513 ) ;
#741 = EDGE_CURVE ( 'NONE', #206, #26, #1389, .T. ) ;
#742 = DIRECTION ( 'NONE',  ( -1.462025679159709502E-28, -3.497202527569242313E-15, -1.000000000000000000 ) ) ;
#743 = ORIENTED_EDGE ( 'NONE', *, *, #619, .T. ) ;
#744 = CARTESIAN_POINT ( 'NONE',  ( 12.87943088170143469, -0.1385966131834410198, 0.4401793975941751813 ) ) ;
#745 = ORIENTED_EDGE ( 'NONE', *, *, #853, .T. ) ;
#746 = DIRECTION ( 'NONE',  ( -1.396592535537228887E-14, 1.000000000000000000, 0.000000000000000000 ) ) ;
#747 = ORIENTED_EDGE ( 'NONE', *, *, #1211, .T. ) ;
#748 = VECTOR ( 'NONE', #3, 1000.000000000000000 ) ;
#749 = CYLINDRICAL_SURFACE ( 'NONE', #1044, 1.500000000000000444 ) ;
#750 = EDGE_LOOP ( 'NONE', ( #361, #1351, #1363, #1172, #44, #1434, #571, #1538, #210, #1304 ) ) ;
#751 = VERTEX_POINT ( 'NONE', #1550 ) ;
#752 = DIRECTION ( 'NONE',  ( 1.950524675550436351E-28, -1.396592535537267857E-14, -1.000000000000000000 ) ) ;
#753 = EDGE_CURVE ( 'NONE', #1069, #989, #409, .T. ) ;
#754 = EDGE_LOOP ( 'NONE', ( #213, #1039, #284, #1018 ) ) ;
#755 = CARTESIAN_POINT ( 'NONE',  ( 12.87943088170096395, 2.361403386816871119, 22.69445279872768495 ) ) ;
#756 = EDGE_LOOP ( 'NONE', ( #680, #1141, #1561, #84 ) ) ;
#757 = CARTESIAN_POINT ( 'NONE',  ( 28.07943088170058132, 57.44458918734507336, -15.40554720127309807 ) ) ;
#758 = STYLED_ITEM ( 'NONE', ( #1132 ), #503 ) ;
#759 = VECTOR ( 'NONE', #1010, 1000.000000000000000 ) ;
#760 = ORIENTED_EDGE ( 'NONE', *, *, #542, .T. ) ;
#761 = CARTESIAN_POINT ( 'NONE',  ( 10.87943088170141337, -0.1385966131834692194, 0.4401793975941850068 ) ) ;
#762 = DIRECTION ( 'NONE',  ( 1.396592535537228887E-14, -1.000000000000000000, 1.396592535537267857E-14 ) ) ;
#763 = EDGE_CURVE ( 'NONE', #1133, #30, #424, .T. ) ;
#764 = EDGE_LOOP ( 'NONE', ( #1317, #1448, #1155, #194 ) ) ;
#765 = DIRECTION ( 'NONE',  ( 1.396592535537228887E-14, -1.000000000000000000, 1.396592535537267857E-14 ) ) ;
#766 = LINE ( 'NONE', #138, #318 ) ;
#767 = LINE ( 'NONE', #648, #1013 ) ;
#768 = VERTEX_POINT ( 'NONE', #1437 ) ;
#769 = ORIENTED_EDGE ( 'NONE', *, *, #957, .T. ) ;
#770 = EDGE_CURVE ( 'NONE', #26, #1118, #404, .T. ) ;
#771 = EDGE_CURVE ( 'NONE', #49, #1497, #1268, .T. ) ;
#772 = VECTOR ( 'NONE', #1578, 1000.000000000000000 ) ;
#773 = LINE ( 'NONE', #173, #1493 ) ;
#774 = CARTESIAN_POINT ( 'NONE',  ( 10.47943088170151960, 4.661403386816809657, 20.16017939759410282 ) ) ;
#775 = ORIENTED_EDGE ( 'NONE', *, *, #1418, .F. ) ;
#776 = ADVANCED_FACE ( 'NONE', ( #1032 ), #1504, .T. ) ;
#777 = VECTOR ( 'NONE', #1327, 1000.000000000000000 ) ;
#778 = CARTESIAN_POINT ( 'NONE',  ( 28.87943088170137784, 4.661403386816578731, -1.559820602405831869 ) ) ;
#779 = CIRCLE ( 'NONE', #910, 1.760000000000001119 ) ;
#780 = ORIENTED_EDGE ( 'NONE', *, *, #233, .F. ) ;
#781 = CYLINDRICAL_SURFACE ( 'NONE', #1483, 0.5000000000000004441 ) ;
#782 = ORIENTED_EDGE ( 'NONE', *, *, #72, .F. ) ;
#783 = EDGE_CURVE ( 'NONE', #1422, #376, #179, .T. ) ;
#784 = DIRECTION ( 'NONE',  ( 0.000000000000000000, 0.000000000000000000, -1.000000000000000000 ) ) ;
#785 = ORIENTED_EDGE ( 'NONE', *, *, #1256, .F. ) ;
#786 = EDGE_CURVE ( 'NONE', #1529, #174, #193, .T. ) ;
#787 = DIRECTION ( 'NONE',  ( -1.396574636641576162E-14, 1.000000000000000000, -1.396572245702246938E-14 ) ) ;
#788 = AXIS2_PLACEMENT_3D ( 'NONE', #941, #1430, #453 ) ;
#789 = LINE ( 'NONE', #663, #1394 ) ;
#790 = ORIENTED_EDGE ( 'NONE', *, *, #1353, .T. ) ;
#791 = VECTOR ( 'NONE', #520, 1000.000000000000000 ) ;
#792 = AXIS2_PLACEMENT_3D ( 'NONE', #694, #190, #679 ) ;
#793 = CARTESIAN_POINT ( 'NONE',  ( 27.77943088170118457, 12.85999470999129457, -13.10554720127248274 ) ) ;
#794 = AXIS2_PLACEMENT_3D ( 'NONE', #438, #1464, #746 ) ;
#795 = ORIENTED_EDGE ( 'NONE', *, *, #1062, .T. ) ;
#796 = CARTESIAN_POINT ( 'NONE',  ( 10.47943088170151782, -0.1385966131831781190, 20.96017939759418525 ) ) ;
#797 = LINE ( 'NONE', #68, #984 ) ;
#798 = ORIENTED_EDGE ( 'NONE', *, *, #808, .F. ) ;
#799 = CARTESIAN_POINT ( 'NONE',  ( 27.77943088170131603, 4.661403386817072558, 21.19445279872764232 ) ) ;
#800 = ADVANCED_FACE ( 'NONE', ( #576, #667 ), #1165, .T. ) ;
#801 = EDGE_LOOP ( 'NONE', ( #812, #511, #952, #157 ) ) ;
#802 = CIRCLE ( 'NONE', #243, 0.5000000000000000000 ) ;
#803 = VERTEX_POINT ( 'NONE', #1519 ) ;
#804 = DIRECTION ( 'NONE',  ( 1.397039674337988458E-14, -1.000000000000000000, 1.395910297075222801E-14 ) ) ;
#805 = DIRECTION ( 'NONE',  ( 1.000000000000000000, 0.000000000000000000, 6.938893903907222067E-14 ) ) ;
#806 = ORIENTED_EDGE ( 'NONE', *, *, #1152, .F. ) ;
#807 = LINE ( 'NONE', #201, #838 ) ;
#808 = EDGE_CURVE ( 'NONE', #529, #1254, #729, .T. ) ;
#809 = VECTOR ( 'NONE', #765, 1000.000000000000000 ) ;
#810 = AXIS2_PLACEMENT_3D ( 'NONE', #1042, #915, #1400 ) ;
#811 = LINE ( 'NONE', #79, #657 ) ;
#812 = ORIENTED_EDGE ( 'NONE', *, *, #753, .F. ) ;
#813 = PLANE ( 'NONE',  #1210 ) ;
#814 = DIRECTION ( 'NONE',  ( -6.982962677686267499E-15, 1.000000000000000000, -3.491481338843133750E-15 ) ) ;
#815 = EDGE_LOOP ( 'NONE', ( #844, #109, #1552, #1480 ) ) ;
#816 = DIRECTION ( 'NONE',  ( 2.066982144597695258E-16, 3.497202527569243891E-15, 1.000000000000000000 ) ) ;
#817 = CARTESIAN_POINT ( 'NONE',  ( 26.87943088170126416, -0.1385966131829602377, 20.16017939759420941 ) ) ;
#818 = EDGE_CURVE ( 'NONE', #1257, #1490, #412, .T. ) ;
#819 = VERTEX_POINT ( 'NONE', #286 ) ;
#820 = DIRECTION ( 'NONE',  ( 0.000000000000000000, 1.000000000000000000, -1.387778780781445202E-14 ) ) ;
#821 = CARTESIAN_POINT ( 'NONE',  ( 16.93943088170137656, 5.361403386816578909, 23.49445279872763237 ) ) ;
#822 = ORIENTED_EDGE ( 'NONE', *, *, #1364, .T. ) ;
#823 = CARTESIAN_POINT ( 'NONE',  ( 26.87943088170137784, 4.661403386816571626, 0.4401793975941680759 ) ) ;
#824 = AXIS2_PLACEMENT_3D ( 'NONE', #1471, #478, #1352 ) ;
#825 = APPLICATION_CONTEXT ( 'automotive_design' ) ;
#826 = AXIS2_PLACEMENT_3D ( 'NONE', #1230, #127, #612 ) ;
#827 = CYLINDRICAL_SURFACE ( 'NONE', #1006, 1.760000000000001119 ) ;
#828 = EDGE_CURVE ( 'NONE', #256, #577, #1259, .T. ) ;
#829 = FACE_OUTER_BOUND ( 'NONE', #1271, .T. ) ;
#830 = ORIENTED_EDGE ( 'NONE', *, *, #1094, .F. ) ;
#831 = ORIENTED_EDGE ( 'NONE', *, *, #1113, .T. ) ;
#832 = CARTESIAN_POINT ( 'NONE',  ( 12.87943088170140093, 4.661403386816466821, -1.559820602405831869 ) ) ;
#833 = LINE ( 'NONE', #548, #565 ) ;
#834 = EDGE_CURVE ( 'NONE', #852, #1205, #303, .T. ) ;
#835 = CARTESIAN_POINT ( 'NONE',  ( 10.47943088170081616, 57.44458918734535757, 22.69445279872690691 ) ) ;
#836 = CIRCLE ( 'NONE', #549, 1.759999999999999343 ) ;
#837 = LINE ( 'NONE', #317, #592 ) ;
#838 = VECTOR ( 'NONE', #323, 1000.000000000000000 ) ;
#839 = FACE_OUTER_BOUND ( 'NONE', #1407, .T. ) ;
#840 = VECTOR ( 'NONE', #1305, 1000.000000000000000 ) ;
#841 = PLANE ( 'NONE',  #469 ) ;
#842 = EDGE_CURVE ( 'NONE', #1205, #76, #156, .T. ) ;
#843 = ORIENTED_EDGE ( 'NONE', *, *, #593, .T. ) ;
#844 = ORIENTED_EDGE ( 'NONE', *, *, #506, .F. ) ;
#845 = LINE ( 'NONE', #1332, #148 ) ;
#846 = CYLINDRICAL_SURFACE ( 'NONE', #925, 1.760000000000001119 ) ;
#847 = DIRECTION ( 'NONE',  ( -1.000000000000000000, -1.396813798885490231E-14, 0.000000000000000000 ) ) ;
#848 = DIRECTION ( 'NONE',  ( -1.396592535537228887E-14, 1.000000000000000000, -1.396592535537267857E-14 ) ) ;
#849 = CARTESIAN_POINT ( 'NONE',  ( 9.679430881701627243, -1.138596613183153972, 23.49445279872772119 ) ) ;
#850 = CYLINDRICAL_SURFACE ( 'NONE', #145, 1.499999999999999556 ) ;
#851 = CARTESIAN_POINT ( 'NONE',  ( 29.27943088170120944, 12.85999470999142602, 21.19445279872753218 ) ) ;
#852 = VERTEX_POINT ( 'NONE', #1001 ) ;
#853 = EDGE_CURVE ( 'NONE', #923, #376, #1263, .T. ) ;
#854 = DIRECTION ( 'NONE',  ( 0.000000000000000000, -1.387778780781444413E-14, -1.000000000000000000 ) ) ;
#855 = CARTESIAN_POINT ( 'NONE',  ( 9.679430881701627243, -1.138596613183697093, -15.40554720127227917 ) ) ;
#856 = DIRECTION ( 'NONE',  ( 0.000000000000000000, -1.000000000000000000, 1.387778780781445676E-14 ) ) ;
#857 = ORIENTED_EDGE ( 'NONE', *, *, #1525, .F. ) ;
#858 = FACE_OUTER_BOUND ( 'NONE', #473, .T. ) ;
#859 = ORIENTED_EDGE ( 'NONE', *, *, #277, .T. ) ;
#860 = FACE_OUTER_BOUND ( 'NONE', #754, .T. ) ;
#861 = EDGE_CURVE ( 'NONE', #639, #483, #383, .T. ) ;
#862 = EDGE_LOOP ( 'NONE', ( #1265, #1275, #1005, #1139 ) ) ;
#863 = LINE ( 'NONE', #730, #629 ) ;
#864 =( LENGTH_UNIT ( ) NAMED_UNIT ( * ) SI_UNIT ( .MILLI., .METRE. ) );
#865 = ORIENTED_EDGE ( 'NONE', *, *, #1338, .T. ) ;
#866 = CARTESIAN_POINT ( 'NONE',  ( 29.27943088170139063, -0.1385966131828913761, 22.69445279872771337 ) ) ;
#867 = ORIENTED_EDGE ( 'NONE', *, *, #1482, .T. ) ;
#868 = CARTESIAN_POINT ( 'NONE',  ( 28.07943088170120305, 12.85999470999142602, 23.49445279872752579 ) ) ;
#869 = EDGE_LOOP ( 'NONE', ( #568, #12, #58, #1157, #390, #737, #4, #630, #439, #979, #669, #884, #688, #200, #649, #716, #655, #1285 ) ) ;
#870 = DIRECTION ( 'NONE',  ( 6.938893903907402558E-14, 9.672639229623639314E-28, -1.000000000000000000 ) ) ;
#871 = FACE_OUTER_BOUND ( 'NONE', #366, .T. ) ;
#872 = EDGE_LOOP ( 'NONE', ( #239, #522, #1187, #402 ) ) ;
#873 = CARTESIAN_POINT ( 'NONE',  ( 13.37943088170096928, 1.861403386816881111, 22.69445279872768495 ) ) ;
#874 = PRODUCT_DEFINITION ( 'UNKNOWN', '', #1117, #1495 ) ;
#875 = ORIENTED_EDGE ( 'NONE', *, *, #881, .T. ) ;
#876 = CARTESIAN_POINT ( 'NONE',  ( 29.27943088170139063, -0.1385966131833913373, -13.10554720127227846 ) ) ;
#877 = VECTOR ( 'NONE', #762, 1000.000000000000000 ) ;
#878 = VERTEX_POINT ( 'NONE', #641 ) ;
#879 = CIRCLE ( 'NONE', #1241, 1.999999999999998224 ) ;
#880 = LINE ( 'NONE', #505, #401 ) ;
#881 = EDGE_CURVE ( 'NONE', #1206, #429, #589, .T. ) ;
#882 = ORIENTED_EDGE ( 'NONE', *, *, #675, .T. ) ;
#883 = CARTESIAN_POINT ( 'NONE',  ( 16.93943088170136235, 7.121403386816578696, 24.26017939759418951 ) ) ;
#884 = ORIENTED_EDGE ( 'NONE', *, *, #1104, .F. ) ;
#885 = CARTESIAN_POINT ( 'NONE',  ( 13.37943088170095685, 2.361403386816878225, 23.49445279872767500 ) ) ;
#886 = EDGE_LOOP ( 'NONE', ( #498, #1366, #945, #81, #867, #302 ) ) ;
#887 = VECTOR ( 'NONE', #1274, 1000.000000000000000 ) ;
#888 = VECTOR ( 'NONE', #125, 1000.000000000000000 ) ;
#889 = VECTOR ( 'NONE', #999, 1000.000000000000000 ) ;
#890 = APPLICATION_PROTOCOL_DEFINITION ( 'draft international standard', 'automotive_design', 1998, #825 ) ;
#891 = CARTESIAN_POINT ( 'NONE',  ( 11.67943088170140875, 12.85999470999118266, -13.40554720127249944 ) ) ;
#892 = CARTESIAN_POINT ( 'NONE',  ( 30.07943088170119950, 12.85999470999143313, 21.49445279872750092 ) ) ;
#893 = UNCERTAINTY_MEASURE_WITH_UNIT (LENGTH_MEASURE( 1.000000000000000082E-05 ), #864, 'distance_accuracy_value', 'NONE');
#894 = VERTEX_POINT ( 'NONE', #876 ) ;
#895 = ORIENTED_EDGE ( 'NONE', *, *, #604, .T. ) ;
#896 = DIRECTION ( 'NONE',  ( 0.000000000000000000, -1.000000000000000000, 1.387778780781445676E-14 ) ) ;
#897 = CARTESIAN_POINT ( 'NONE',  ( 10.47943088170155335, 4.661403386816815875, 21.19445279872764232 ) ) ;
#898 = CARTESIAN_POINT ( 'NONE',  ( 22.81943088170135070, 8.881403386816622003, 23.49445279872757908 ) ) ;
#899 = AXIS2_PLACEMENT_3D ( 'NONE', #687, #920, #305 ) ;
#900 = APPLICATION_PROTOCOL_DEFINITION ( 'draft international standard', 'automotive_design', 1998, #164 ) ;
#901 = CARTESIAN_POINT ( 'NONE',  ( 12.87943088170095862, 4.661403386816844296, 20.16017939759412059 ) ) ;
#902 = EDGE_LOOP ( 'NONE', ( #143, #356, #1496, #546, #1584 ) ) ;
#903 = CARTESIAN_POINT ( 'NONE',  ( 13.37943088170090178, 3.561403386816881511, 27.09445279872746681 ) ) ;
#904 = ORIENTED_EDGE ( 'NONE', *, *, #1067, .T. ) ;
#905 = ADVANCED_FACE ( 'NONE', ( #1143 ), #781, .F. ) ;
#906 = ADVANCED_FACE ( 'NONE', ( #29 ), #1391, .T. ) ;
#907 = VECTOR ( 'NONE', #367, 1000.000000000000000 ) ;
#908 = VECTOR ( 'NONE', #599, 1000.000000000000000 ) ;
#909 = CARTESIAN_POINT ( 'NONE',  ( 10.47943088170081616, 57.44458918734535757, 22.69445279872690691 ) ) ;
#910 = AXIS2_PLACEMENT_3D ( 'NONE', #1080, #1323, #1222 ) ;
#911 = ORIENTED_EDGE ( 'NONE', *, *, #991, .F. ) ;
#912 = CARTESIAN_POINT ( 'NONE',  ( 11.97943088170162085, -0.1385966131836545434, -14.60554720127227846 ) ) ;
#913 = EDGE_CURVE ( 'NONE', #1490, #16, #1376, .T. ) ;
#914 = CARTESIAN_POINT ( 'NONE',  ( 16.93943088170137656, 5.361403386816578909, 24.26017939759418951 ) ) ;
#915 = DIRECTION ( 'NONE',  ( 7.097508525429686916E-15, -1.000000000000000000, 3.497202527569242313E-15 ) ) ;
#916 = EDGE_CURVE ( 'NONE', #99, #633, #1020, .T. ) ;
#917 = FACE_OUTER_BOUND ( 'NONE', #1427, .T. ) ;
#918 = ORIENTED_EDGE ( 'NONE', *, *, #1338, .F. ) ;
#919 = LINE ( 'NONE', #204, #1047 ) ;
#920 = DIRECTION ( 'NONE',  ( -1.397039674338382888E-14, 1.000000000000000000, -1.395910297075180202E-14 ) ) ;
#921 = ORIENTED_EDGE ( 'NONE', *, *, #567, .F. ) ;
#922 = PLANE ( 'NONE',  #89 ) ;
#923 = VERTEX_POINT ( 'NONE', #1479 ) ;
#924 = VECTOR ( 'NONE', #564, 1000.000000000000000 ) ;
#925 = AXIS2_PLACEMENT_3D ( 'NONE', #1223, #253, #710 ) ;
#926 = EDGE_CURVE ( 'NONE', #803, #99, #1494, .T. ) ;
#927 = ORIENTED_EDGE ( 'NONE', *, *, #1053, .F. ) ;
#928 = DIRECTION ( 'NONE',  ( 7.097508525429686916E-15, -1.000000000000000000, 3.497202527569242313E-15 ) ) ;
#929 = DIRECTION ( 'NONE',  ( 1.396592535537228887E-14, -1.000000000000000000, 1.396592535537267857E-14 ) ) ;
#930 = VERTEX_POINT ( 'NONE', #892 ) ;
#931 = CARTESIAN_POINT ( 'NONE',  ( 10.47943088170155335, 4.661403386816850514, 22.69445279872764232 ) ) ;
#932 = DIRECTION ( 'NONE',  ( 7.097508525429686916E-15, -1.000000000000000000, 3.497202527569242313E-15 ) ) ;
#933 = CARTESIAN_POINT ( 'NONE',  ( 12.87943088170100481, -0.1385966131831203874, 22.69445279872771337 ) ) ;
#934 = VECTOR ( 'NONE', #146, 1000.000000000000000 ) ;
#935 = VERTEX_POINT ( 'NONE', #163 ) ;
#936 = LINE ( 'NONE', #686, #90 ) ;
#937 = CARTESIAN_POINT ( 'NONE',  ( 16.93943088170134104, 8.881403386816582923, 22.69445279872758547 ) ) ;
#938 = VERTEX_POINT ( 'NONE', #280 ) ;
#939 = LINE ( 'NONE', #931, #1199 ) ;
#940 = AXIS2_PLACEMENT_3D ( 'NONE', #958, #208, #1059 ) ;
#941 = CARTESIAN_POINT ( 'NONE',  ( 19.87943088170140982, 5.860699048403853695, -14.40554720127237864 ) ) ;
#942 = ORIENTED_EDGE ( 'NONE', *, *, #723, .F. ) ;
#943 = DIRECTION ( 'NONE',  ( -1.000000000000000000, 0.000000000000000000, 0.000000000000000000 ) ) ;
#944 = CARTESIAN_POINT ( 'NONE',  ( 26.87943088170119665, 4.661403386817038808, 20.16017939759414190 ) ) ;
#945 = ORIENTED_EDGE ( 'NONE', *, *, #771, .F. ) ;
#946 = LINE ( 'NONE', #1435, #924 ) ;
#947 = EDGE_CURVE ( 'NONE', #38, #1431, #1251, .T. ) ;
#948 = CARTESIAN_POINT ( 'NONE',  ( 26.87943088170115757, -0.1385966131829249048, 22.69445279872771337 ) ) ;
#949 = PLANE ( 'NONE',  #1541 ) ;
#950 = AXIS2_PLACEMENT_3D ( 'NONE', #1137, #45, #533 ) ;
#951 = ORIENTED_EDGE ( 'NONE', *, *, #1534, .T. ) ;
#952 = ORIENTED_EDGE ( 'NONE', *, *, #783, .F. ) ;
#953 = DIRECTION ( 'NONE',  ( 1.000000000000000000, 1.395910297075412285E-14, 7.228014483238380182E-15 ) ) ;
#954 = DIRECTION ( 'NONE',  ( 1.950524675550436351E-28, -1.396592535537267857E-14, -1.000000000000000000 ) ) ;
#955 = CARTESIAN_POINT ( 'NONE',  ( 29.27943088170139063, -0.1385966131828913761, 22.69445279872771337 ) ) ;
#956 = CIRCLE ( 'NONE', #1488, 0.5000000000000000000 ) ;
#957 = EDGE_CURVE ( 'NONE', #38, #1291, #512, .T. ) ;
#958 = CARTESIAN_POINT ( 'NONE',  ( 13.37943088170098349, 2.361403386816878225, 20.96017939759412840 ) ) ;
#959 = EDGE_CURVE ( 'NONE', #819, #269, #767, .T. ) ;
#960 = DIRECTION ( 'NONE',  ( -1.396592535537228887E-14, 1.000000000000000000, 0.000000000000000000 ) ) ;
#961 = EDGE_CURVE ( 'NONE', #30, #415, #37, .T. ) ;
#962 = VERTEX_POINT ( 'NONE', #1500 ) ;
#963 = ORIENTED_EDGE ( 'NONE', *, *, #1179, .F. ) ;
#964 = DIRECTION ( 'NONE',  ( 0.000000000000000000, 1.387778780781444413E-14, 1.000000000000000000 ) ) ;
#965 = DIRECTION ( 'NONE',  ( -1.000000000000000000, -6.938893903907155802E-15, 0.000000000000000000 ) ) ;
#966 = CARTESIAN_POINT ( 'NONE',  ( 10.47943088170112880, 12.85999470999117023, -14.60554720127246853 ) ) ;
#967 = VECTOR ( 'NONE', #618, 1000.000000000000000 ) ;
#968 = FACE_OUTER_BOUND ( 'NONE', #543, .T. ) ;
#969 =( GEOMETRIC_REPRESENTATION_CONTEXT ( 3 ) GLOBAL_UNCERTAINTY_ASSIGNED_CONTEXT ( ( #282 ) ) GLOBAL_UNIT_ASSIGNED_CONTEXT ( ( #22, #1498, #32 ) ) REPRESENTATION_CONTEXT ( 'NONE', 'WORKASPACE' ) );
#970 = CYLINDRICAL_SURFACE ( 'NONE', #1127, 2.000000000000000000 ) ;
#971 = ADVANCED_FACE ( 'NONE', ( #1270 ), #329, .T. ) ;
#972 = CARTESIAN_POINT ( 'NONE',  ( 1.590135151338239422E-14, -1.138596613183617157, 1.590132429022816719E-14 ) ) ;
#973 = CARTESIAN_POINT ( 'NONE',  ( 22.81943088170135781, 7.121403386816620440, 22.69445279872761390 ) ) ;
#974 = FACE_OUTER_BOUND ( 'NONE', #815, .T. ) ;
#975 = PRODUCT_RELATED_PRODUCT_CATEGORY ( 'part', '', ( #1180 ) ) ;
#976 = DIRECTION ( 'NONE',  ( -1.396592535537228887E-14, 1.000000000000000000, -1.396592535537267857E-14 ) ) ;
#977 = DIRECTION ( 'NONE',  ( -1.000000000000000000, -6.969871108835286701E-15, 0.000000000000000000 ) ) ;
#978 = FACE_OUTER_BOUND ( 'NONE', #692, .T. ) ;
#979 = ORIENTED_EDGE ( 'NONE', *, *, #384, .T. ) ;
#980 = EDGE_CURVE ( 'NONE', #206, #1361, #946, .T. ) ;
#981 = CARTESIAN_POINT ( 'NONE',  ( 16.93943088170136235, 7.121403386816578696, 22.69445279872761390 ) ) ;
#982 = ORIENTED_EDGE ( 'NONE', *, *, #47, .T. ) ;
#983 = FACE_OUTER_BOUND ( 'NONE', #1372, .T. ) ;
#984 = VECTOR ( 'NONE', #671, 1000.000000000000000 ) ;
#985 = CARTESIAN_POINT ( 'NONE',  ( 26.87943088170143113, -2.967023737929565641, -1.559820602405805001 ) ) ;
#986 = LINE ( 'NONE', #1106, #772 ) ;
#987 = EDGE_LOOP ( 'NONE', ( #1348, #560, #1107, #153 ) ) ;
#988 = LINE ( 'NONE', #1467, #1025 ) ;
#989 = VERTEX_POINT ( 'NONE', #823 ) ;
#990 = DIRECTION ( 'NONE',  ( -1.000000000000000000, -6.938893903907234689E-15, 0.000000000000000000 ) ) ;
#991 = EDGE_CURVE ( 'NONE', #819, #191, #1162, .T. ) ;
#992 = VECTOR ( 'NONE', #418, 1000.000000000000000 ) ;
#993 = ORIENTED_EDGE ( 'NONE', *, *, #1256, .T. ) ;
#994 = AXIS2_PLACEMENT_3D ( 'NONE', #237, #700, #1207 ) ;
#995 = LINE ( 'NONE', #855, #967 ) ;
#996 = EDGE_CURVE ( 'NONE', #1439, #683, #1365, .T. ) ;
#997 = DIRECTION ( 'NONE',  ( 0.000000000000000000, -1.000000000000000000, 1.396592535537267857E-14 ) ) ;
#998 = VERTEX_POINT ( 'NONE', #696 ) ;
#999 = DIRECTION ( 'NONE',  ( 1.950445712854297344E-28, -1.396592535537267857E-14, -1.000000000000000000 ) ) ;
#1000 = ORIENTED_EDGE ( 'NONE', *, *, #1193, .T. ) ;
#1001 = CARTESIAN_POINT ( 'NONE',  ( 13.37943088170096040, 1.861403386816879779, 23.49445279872767856 ) ) ;
#1002 = ADVANCED_FACE ( 'NONE', ( #1318, #681 ), #689, .T. ) ;
#1003 = ORIENTED_EDGE ( 'NONE', *, *, #389, .F. ) ;
#1004 = LINE ( 'NONE', #1481, #276 ) ;
#1005 = ORIENTED_EDGE ( 'NONE', *, *, #1404, .F. ) ;
#1006 = AXIS2_PLACEMENT_3D ( 'NONE', #705, #1063, #943 ) ;
#1007 = ADVANCED_FACE ( 'NONE', ( #428 ), #922, .T. ) ;
#1008 = PRODUCT_CONTEXT ( 'NONE', #825, 'mechanical' ) ;
#1009 = ORIENTED_EDGE ( 'NONE', *, *, #117, .F. ) ;
#1010 = DIRECTION ( 'NONE',  ( 1.396592535537228887E-14, -1.000000000000000000, 1.396592535537267857E-14 ) ) ;
#1011 = VERTEX_POINT ( 'NONE', #207 ) ;
#1012 = DIRECTION ( 'NONE',  ( -4.336808689941968827E-15, 1.399298428864088383E-14, 1.000000000000000000 ) ) ;
#1013 = VECTOR ( 'NONE', #1148, 1000.000000000000000 ) ;
#1014 = VECTOR ( 'NONE', #701, 1000.000000000000000 ) ;
#1015 = ORIENTED_EDGE ( 'NONE', *, *, #552, .T. ) ;
#1016 = DIRECTION ( 'NONE',  ( -6.982962677686267499E-15, 1.000000000000000000, -3.491481338843133750E-15 ) ) ;
#1017 = EDGE_CURVE ( 'NONE', #66, #1439, #789, .T. ) ;
#1018 = ORIENTED_EDGE ( 'NONE', *, *, #818, .F. ) ;
#1019 = DIRECTION ( 'NONE',  ( 1.396574636641576162E-14, -1.000000000000000000, 1.396572245702246938E-14 ) ) ;
#1020 = LINE ( 'NONE', #406, #1409 ) ;
#1021 = ORIENTED_EDGE ( 'NONE', *, *, #184, .F. ) ;
#1022 = ORIENTED_EDGE ( 'NONE', *, *, #233, .T. ) ;
#1023 = VECTOR ( 'NONE', #380, 1000.000000000000000 ) ;
#1024 = CARTESIAN_POINT ( 'NONE',  ( 12.87943088170145423, -2.967023737929663785, -1.559820602405805001 ) ) ;
#1025 = VECTOR ( 'NONE', #372, 1000.000000000000000 ) ;
#1026 = CIRCLE ( 'NONE', #1153, 1.499999999999999556 ) ;
#1027 = CARTESIAN_POINT ( 'NONE',  ( 9.679430881701138745, 8.881403386816533185, 23.49445279872757908 ) ) ;
#1028 = EDGE_CURVE ( 'NONE', #483, #577, #1516, .T. ) ;
#1029 = DIRECTION ( 'NONE',  ( 1.396574636641576004E-14, -1.000000000000000000, 1.396572245702246780E-14 ) ) ;
#1030 = EDGE_LOOP ( 'NONE', ( #504, #297, #394, #100, #1057, #743, #488, #1410 ) ) ;
#1031 = DIRECTION ( 'NONE',  ( -6.938893903907233900E-15, 1.000000000000000000, -3.469446951953614189E-15 ) ) ;
#1032 = FACE_OUTER_BOUND ( 'NONE', #1095, .T. ) ;
#1033 = ORIENTED_EDGE ( 'NONE', *, *, #389, .T. ) ;
#1034 = ADVANCED_FACE ( 'NONE', ( #53 ), #1428, .F. ) ;
#1035 = DIRECTION ( 'NONE',  ( -1.084202172485486921E-14, -1.511349879628631313E-28, 1.000000000000000000 ) ) ;
#1036 = VERTEX_POINT ( 'NONE', #1185 ) ;
#1037 = AXIS2_PLACEMENT_3D ( 'NONE', #1226, #1234, #713 ) ;
#1038 = DIRECTION ( 'NONE',  ( 1.396592535537228887E-14, -1.000000000000000000, 1.396592535537267857E-14 ) ) ;
#1039 = ORIENTED_EDGE ( 'NONE', *, *, #502, .F. ) ;
#1040 = CARTESIAN_POINT ( 'NONE',  ( 26.87943088170118955, 4.061403386817069361, 27.09445279872761247 ) ) ;
#1041 = LINE ( 'NONE', #550, #147 ) ;
#1042 = CARTESIAN_POINT ( 'NONE',  ( 27.77943088170118102, 12.85999470999141181, 21.19445279872750731 ) ) ;
#1043 = EDGE_CURVE ( 'NONE', #76, #609, #368, .T. ) ;
#1044 = AXIS2_PLACEMENT_3D ( 'NONE', #1103, #358, #1236 ) ;
#1045 = VECTOR ( 'NONE', #580, 1000.000000000000000 ) ;
#1046 = DIRECTION ( 'NONE',  ( 0.000000000000000000, 1.000000000000000000, -1.396592535537267857E-14 ) ) ;
#1047 = VECTOR ( 'NONE', #175, 1000.000000000000000 ) ;
#1048 = VERTEX_POINT ( 'NONE', #540 ) ;
#1049 = DIRECTION ( 'NONE',  ( -1.396592535537228887E-14, 1.000000000000000000, -1.396592535537267857E-14 ) ) ;
#1050 = CARTESIAN_POINT ( 'NONE',  ( 28.07943088170140200, -1.138596613183412432, -13.40554720127227917 ) ) ;
#1051 = CARTESIAN_POINT ( 'NONE',  ( 26.87943088170119665, 4.661403386817038808, 20.16017939759414190 ) ) ;
#1052 = ORIENTED_EDGE ( 'NONE', *, *, #786, .F. ) ;
#1053 = EDGE_CURVE ( 'NONE', #197, #456, #1041, .T. ) ;
#1054 = ORIENTED_EDGE ( 'NONE', *, *, #996, .T. ) ;
#1055 = CARTESIAN_POINT ( 'NONE',  ( 19.87943088170140982, 5.860699048403839484, -15.40554720127237687 ) ) ;
#1056 = DIRECTION ( 'NONE',  ( 1.000000000000000000, 6.785482984263017175E-15, 0.000000000000000000 ) ) ;
#1057 = ORIENTED_EDGE ( 'NONE', *, *, #35, .F. ) ;
#1058 = CARTESIAN_POINT ( 'NONE',  ( 15.17943088170136257, 7.121403386816578696, 22.69445279872761390 ) ) ;
#1059 = DIRECTION ( 'NONE',  ( 1.000000000000000000, 0.000000000000000000, 1.387778780781444413E-14 ) ) ;
#1060 = VECTOR ( 'NONE', #6, 1000.000000000000000 ) ;
#1061 = VERTEX_POINT ( 'NONE', #1058 ) ;
#1062 = EDGE_CURVE ( 'NONE', #1413, #191, #1530, .T. ) ;
#1063 = DIRECTION ( 'NONE',  ( 0.000000000000000000, 0.000000000000000000, -1.000000000000000000 ) ) ;
#1064 = CARTESIAN_POINT ( 'NONE',  ( 26.87943088170143113, -2.967023737929565641, -1.559820602405805001 ) ) ;
#1065 = ORIENTED_EDGE ( 'NONE', *, *, #604, .F. ) ;
#1066 = CARTESIAN_POINT ( 'NONE',  ( 16.93943088170136235, 7.121403386816578696, 23.49445279872760750 ) ) ;
#1067 = EDGE_CURVE ( 'NONE', #1124, #1036, #573, .T. ) ;
#1068 = FACE_OUTER_BOUND ( 'NONE', #1134, .T. ) ;
#1069 = VERTEX_POINT ( 'NONE', #299 ) ;
#1070 = CARTESIAN_POINT ( 'NONE',  ( 26.37943088170097283, 4.061403386817062255, 23.49445279872761816 ) ) ;
#1071 = CARTESIAN_POINT ( 'NONE',  ( 26.87943088170137784, 4.661403386816564520, -1.559820602405831869 ) ) ;
#1072 = AXIS2_PLACEMENT_3D ( 'NONE', #799, #443, #1191 ) ;
#1074 = ORIENTED_EDGE ( 'NONE', *, *, #384, .F. ) ;
#1073 = VECTOR ( 'NONE', #1543, 1000.000000000000000 ) ;
#1075 = DIRECTION ( 'NONE',  ( -7.080503983578807767E-15, 1.000000000000000000, 0.000000000000000000 ) ) ;
#1076 = AXIS2_PLACEMENT_3D ( 'NONE', #202, #1077, #690 ) ;
#1077 = DIRECTION ( 'NONE',  ( -1.000000000000000000, -1.396592535537228887E-14, 1.950442373686223045E-28 ) ) ;
#1078 = CARTESIAN_POINT ( 'NONE',  ( 15.17943088170136257, 7.121403386816578696, 23.49445279872760750 ) ) ;
#1079 = ORIENTED_EDGE ( 'NONE', *, *, #241, .T. ) ;
#1080 = CARTESIAN_POINT ( 'NONE',  ( 16.93943088170136235, 7.121403386816578696, 23.49445279872760750 ) ) ;
#1081 = CARTESIAN_POINT ( 'NONE',  ( 10.47943088170158710, -0.1385966131831892767, 20.16017939759417033 ) ) ;
#1082 = DIRECTION ( 'NONE',  ( 0.000000000000000000, -1.000000000000000000, 1.396592535537267857E-14 ) ) ;
#1083 = EDGE_CURVE ( 'NONE', #1133, #483, #939, .T. ) ;
#1084 = AXIS2_PLACEMENT_3D ( 'NONE', #1511, #928, #1536 ) ;
#1085 = DIRECTION ( 'NONE',  ( 1.000000000000000000, 1.395910297075010597E-14, -1.445602896647260149E-14 ) ) ;
#1086 = CARTESIAN_POINT ( 'NONE',  ( 26.87943088170120731, 2.361403386816979477, 23.49445279872767500 ) ) ;
#1087 = AXIS2_PLACEMENT_3D ( 'NONE', #169, #176, #501 ) ;
#1088 = ORIENTED_EDGE ( 'NONE', *, *, #1115, .T. ) ;
#1089 = FACE_OUTER_BOUND ( 'NONE', #872, .T. ) ;
#1090 = CARTESIAN_POINT ( 'NONE',  ( 26.87943088170140982, -0.1385966131832636061, -1.559820602405831869 ) ) ;
#1091 = PLANE ( 'NONE',  #419 ) ;
#1092 = CARTESIAN_POINT ( 'NONE',  ( 16.93943088170137656, 5.361403386816578909, 22.69445279872763521 ) ) ;
#1093 = CARTESIAN_POINT ( 'NONE',  ( 30.07943088170140200, -1.138596613182896844, 21.49445279872772474 ) ) ;
#1094 = EDGE_CURVE ( 'NONE', #609, #852, #807, .T. ) ;
#1095 = EDGE_LOOP ( 'NONE', ( #1074, #625, #425, #221 ) ) ;
#1096 = CARTESIAN_POINT ( 'NONE',  ( 11.67943088170140875, 12.85999470999130878, 23.49445279872751868 ) ) ;
#1097 = CARTESIAN_POINT ( 'NONE',  ( -3.234498354443236312E-14, 4.661403386816382444, -1.617249177221601748E-14 ) ) ;
#1098 = CARTESIAN_POINT ( 'NONE',  ( 9.679430881701195588, 1.861403386816853800, 23.49445279872767856 ) ) ;
#1099 = VECTOR ( 'NONE', #454, 1000.000000000000000 ) ;
#1100 = CARTESIAN_POINT ( 'NONE',  ( 28.07943088170118173, 12.85999470999130168, -13.40554720127249766 ) ) ;
#1101 = VECTOR ( 'NONE', #1016, 1000.000000000000000 ) ;
#1102 = VECTOR ( 'NONE', #215, 1000.000000000000000 ) ;
#1103 = CARTESIAN_POINT ( 'NONE',  ( 19.87943088170140982, 5.860699048403853695, -14.40554720127237864 ) ) ;
#1104 = EDGE_CURVE ( 'NONE', #49, #1314, #1283, .T. ) ;
#1105 = CARTESIAN_POINT ( 'NONE',  ( 27.77943088170058417, 57.44458918734510178, -13.10554720127308315 ) ) ;
#1106 = CARTESIAN_POINT ( 'NONE',  ( 12.87943088170019479, 57.44458918734539310, 22.69445279872690691 ) ) ;
#1107 = ORIENTED_EDGE ( 'NONE', *, *, #1379, .T. ) ;
#1108 = ORIENTED_EDGE ( 'NONE', *, *, #666, .T. ) ;
#1109 = CYLINDRICAL_SURFACE ( 'NONE', #1369, 1.499999999999999556 ) ;
#1110 = DIRECTION ( 'NONE',  ( 0.000000000000000000, -1.387778780781445676E-14, -1.000000000000000000 ) ) ;
#1111 = ORIENTED_EDGE ( 'NONE', *, *, #861, .F. ) ;
#1112 = FACE_OUTER_BOUND ( 'NONE', #410, .T. ) ;
#1113 = EDGE_CURVE ( 'NONE', #309, #852, #61, .T. ) ;
#1114 = ORIENTED_EDGE ( 'NONE', *, *, #881, .F. ) ;
#1115 = EDGE_CURVE ( 'NONE', #191, #962, #114, .T. ) ;
#1116 = DIRECTION ( 'NONE',  ( 0.000000000000000000, 0.000000000000000000, -1.000000000000000000 ) ) ;
#1117 = PRODUCT_DEFINITION_FORMATION_WITH_SPECIFIED_SOURCE ( 'ANY', '', #1180, .NOT_KNOWN. ) ;
#1118 = VERTEX_POINT ( 'NONE', #214 ) ;
#1119 = CARTESIAN_POINT ( 'NONE',  ( 26.87943088170126416, -0.1385966131829602377, 20.16017939759420941 ) ) ;
#1120 = PLANE ( 'NONE',  #1461 ) ;
#1121 = ORIENTED_EDGE ( 'NONE', *, *, #152, .T. ) ;
#1122 = CYLINDRICAL_SURFACE ( 'NONE', #603, 2.000000000000000000 ) ;
#1123 = EDGE_CURVE ( 'NONE', #930, #484, #459, .T. ) ;
#1124 = VERTEX_POINT ( 'NONE', #1572 ) ;
#1125 = EDGE_CURVE ( 'NONE', #245, #69, #343, .T. ) ;
#1126 = DIRECTION ( 'NONE',  ( 1.084202172485486921E-14, 7.556749398143047825E-29, -1.000000000000000000 ) ) ;
#1127 = AXIS2_PLACEMENT_3D ( 'NONE', #494, #1362, #1110 ) ;
#1128 = CIRCLE ( 'NONE', #1287, 1.500000000000001332 ) ;
#1129 = ADVANCED_FACE ( 'NONE', ( #224 ), #1091, .F. ) ;
#1130 = ORIENTED_EDGE ( 'NONE', *, *, #534, .F. ) ;
#1131 = VECTOR ( 'NONE', #82, 1000.000000000000000 ) ;
#1132 = PRESENTATION_STYLE_ASSIGNMENT (( #514 ) ) ;
#1133 = VERTEX_POINT ( 'NONE', #711 ) ;
#1134 = EDGE_LOOP ( 'NONE', ( #1065, #229, #627, #553 ) ) ;
#1135 = CARTESIAN_POINT ( 'NONE',  ( 9.679430881701627243, -1.138596613183181949, 21.49445279872772119 ) ) ;
#1136 = ORIENTED_EDGE ( 'NONE', *, *, #544, .F. ) ;
#1137 = CARTESIAN_POINT ( 'NONE',  ( 19.87943088170140982, 5.860699048403851030, -14.60554720127236372 ) ) ;
#1138 = EDGE_CURVE ( 'NONE', #894, #923, #477, .T. ) ;
#1139 = ORIENTED_EDGE ( 'NONE', *, *, #524, .F. ) ;
#1140 = CARTESIAN_POINT ( 'NONE',  ( 27.77943088170120944, 12.85999470999129102, -14.60554720127245965 ) ) ;
#1141 = ORIENTED_EDGE ( 'NONE', *, *, #266, .F. ) ;
#1142 = CARTESIAN_POINT ( 'NONE',  ( 11.67943088170162724, -1.138596613183634476, -13.40554720127228094 ) ) ;
#1143 = FACE_OUTER_BOUND ( 'NONE', #727, .T. ) ;
#1144 = AXIS2_PLACEMENT_3D ( 'NONE', #973, #120, #608 ) ;
#1145 = ORIENTED_EDGE ( 'NONE', *, *, #828, .T. ) ;
#1146 = EDGE_CURVE ( 'NONE', #1011, #168, #1209, .T. ) ;
#1147 = DIRECTION ( 'NONE',  ( 1.950445712854297344E-28, -1.396592535537267857E-14, -1.000000000000000000 ) ) ;
#1148 = DIRECTION ( 'NONE',  ( 1.000000000000000000, 1.396631176179150393E-14, 0.000000000000000000 ) ) ;
#1149 = ORIENTED_EDGE ( 'NONE', *, *, #1383, .T. ) ;
#1150 = CARTESIAN_POINT ( 'NONE',  ( 10.47943088170155335, 4.661403386816814987, 20.16017939759410282 ) ) ;
#1151 = VECTOR ( 'NONE', #296, 1000.000000000000000 ) ;
#1152 = EDGE_CURVE ( 'NONE', #472, #529, #467, .T. ) ;
#1153 = AXIS2_PLACEMENT_3D ( 'NONE', #1203, #932, #1310 ) ;
#1154 = CARTESIAN_POINT ( 'NONE',  ( 26.87943088170101902, 4.661403386817074335, 22.69445279872764232 ) ) ;
#1155 = ORIENTED_EDGE ( 'NONE', *, *, #1017, .F. ) ;
#1156 = CARTESIAN_POINT ( 'NONE',  ( 29.27943088170133024, 4.661403386817072558, 20.16017939759410638 ) ) ;
#1157 = ORIENTED_EDGE ( 'NONE', *, *, #991, .T. ) ;
#1158 = DIRECTION ( 'NONE',  ( -1.950524675550436351E-28, 1.396592535537267857E-14, 1.000000000000000000 ) ) ;
#1159 = EDGE_LOOP ( 'NONE', ( #170, #556, #267, #1149 ) ) ;
#1160 = DIRECTION ( 'NONE',  ( 1.950445712854297344E-28, -1.396592535537267857E-14, -1.000000000000000000 ) ) ;
#1161 = DIRECTION ( 'NONE',  ( -1.000000000000000000, -7.080503983578807767E-15, 0.000000000000000000 ) ) ;
#1162 = CIRCLE ( 'NONE', #1557, 1.499999999999999556 ) ;
#1163 = CARTESIAN_POINT ( 'NONE',  ( 26.87943088170119665, 4.661403386817038808, 20.16017939759414190 ) ) ;
#1164 = VECTOR ( 'NONE', #240, 1000.000000000000000 ) ;
#1165 = PLANE ( 'NONE',  #1420 ) ;
#1166 = VERTEX_POINT ( 'NONE', #350 ) ;
#1167 = LINE ( 'NONE', #547, #420 ) ;
#1168 = LINE ( 'NONE', #212, #331 ) ;
#1169 = DIRECTION ( 'NONE',  ( -1.000000000000000000, 0.000000000000000000, 1.445602896647240585E-14 ) ) ;
#1170 = ORIENTED_EDGE ( 'NONE', *, *, #1395, .F. ) ;
#1171 = MECHANICAL_DESIGN_GEOMETRIC_PRESENTATION_REPRESENTATION (  '', ( #758 ), #969 ) ;
#1172 = ORIENTED_EDGE ( 'NONE', *, *, #1293, .F. ) ;
#1173 = CIRCLE ( 'NONE', #1573, 2.000000000000000000 ) ;
#1174 = LINE ( 'NONE', #1414, #840 ) ;
#1175 = CARTESIAN_POINT ( 'NONE',  ( 26.37943088170115402, 3.561403386817062700, 20.96017939759408577 ) ) ;
#1176 = EDGE_LOOP ( 'NONE', ( #1145, #508, #130, #882, #642, #745, #1170, #322, #442, #56 ) ) ;
#1177 = DIRECTION ( 'NONE',  ( 0.000000000000000000, 1.000000000000000000, -3.491481338843133355E-15 ) ) ;
#1178 = CARTESIAN_POINT ( 'NONE',  ( 26.87943088170100125, 2.361403386816975924, 23.49445279872766790 ) ) ;
#1179 = EDGE_CURVE ( 'NONE', #894, #269, #1128, .T. ) ;
#1180 = PRODUCT ( 'IGC LoggerMainCase', 'IGC LoggerMainCase', '', ( #1008 ) ) ;
#1181 = ORIENTED_EDGE ( 'NONE', *, *, #1123, .T. ) ;
#1182 = PLANE ( 'NONE',  #1278 ) ;
#1183 = LINE ( 'NONE', #1064, #591 ) ;
#1184 = EDGE_LOOP ( 'NONE', ( #661, #638, #1136, #1215 ) ) ;
#1185 = CARTESIAN_POINT ( 'NONE',  ( 13.37943088170093198, 4.061403386816880179, 23.49445279872765369 ) ) ;
#1186 = LINE ( 'NONE', #566, #1102 ) ;
#1187 = ORIENTED_EDGE ( 'NONE', *, *, #388, .T. ) ;
#1188 = CARTESIAN_POINT ( 'NONE',  ( 30.07943088170058488, 57.44458918734513020, -13.40554720127309274 ) ) ;
#1189 = CARTESIAN_POINT ( 'NONE',  ( 15.17943088170136257, 7.121403386816578696, 24.26017939759418951 ) ) ;
#1190 = ORIENTED_EDGE ( 'NONE', *, *, #1346, .F. ) ;
#1191 = DIRECTION ( 'NONE',  ( 1.000000000000000000, 1.387778780781444413E-14, -6.938893903907222067E-15 ) ) ;
#1192 = CARTESIAN_POINT ( 'NONE',  ( 12.87943088170096217, 2.361403386816868455, 22.69445279872767784 ) ) ;
#1193 = EDGE_CURVE ( 'NONE', #1431, #585, #1560, .T. ) ;
#1194 = DIRECTION ( 'NONE',  ( -7.097508525429686916E-15, 1.000000000000000000, -3.497202527569242313E-15 ) ) ;
#1195 = EDGE_CURVE ( 'NONE', #585, #1246, #1457, .T. ) ;
#1196 = ORIENTED_EDGE ( 'NONE', *, *, #423, .F. ) ;
#1197 = CARTESIAN_POINT ( 'NONE',  ( 29.27943088170135866, 4.661403386816580507, -1.559820602405832091 ) ) ;
#1198 = PLANE ( 'NONE',  #1486 ) ;
#1199 = VECTOR ( 'NONE', #314, 1000.000000000000000 ) ;
#1201 = ORIENTED_EDGE ( 'NONE', *, *, #1309, .T. ) ;
#1200 = AXIS2_PLACEMENT_3D ( 'NONE', #222, #1449, #101 ) ;
#1202 = CARTESIAN_POINT ( 'NONE',  ( 26.87943088170139205, -0.1385966131832458703, 0.4401793975941847847 ) ) ;
#1203 = CARTESIAN_POINT ( 'NONE',  ( 11.97943088170141657, 12.85999470999130168, 21.19445279872750731 ) ) ;
#1204 = PLANE ( 'NONE',  #396 ) ;
#1205 = VERTEX_POINT ( 'NONE', #616 ) ;
#1206 = VERTEX_POINT ( 'NONE', #364 ) ;
#1207 = DIRECTION ( 'NONE',  ( 1.000000000000000000, 1.398620802506299458E-14, 0.000000000000000000 ) ) ;
#1208 = PLANE ( 'NONE',  #1532 ) ;
#1209 = LINE ( 'NONE', #1202, #704 ) ;
#1210 = AXIS2_PLACEMENT_3D ( 'NONE', #432, #804, #440 ) ;
#1211 = EDGE_CURVE ( 'NONE', #1048, #633, #879, .T. ) ;
#1212 = DIRECTION ( 'NONE',  ( 4.683753385137377262E-14, 3.469446951953612611E-15, 1.000000000000000000 ) ) ;
#1213 = DIRECTION ( 'NONE',  ( 1.950445712854297344E-28, -1.396592535537267857E-14, -1.000000000000000000 ) ) ;
#1214 = AXIS2_PLACEMENT_3D ( 'NONE', #914, #1075, #1161 ) ;
#1215 = ORIENTED_EDGE ( 'NONE', *, *, #1364, .F. ) ;
#1216 = DIRECTION ( 'NONE',  ( -6.969871108835286701E-15, 1.000000000000000000, 0.000000000000000000 ) ) ;
#1217 = CARTESIAN_POINT ( 'NONE',  ( 26.87943088170103323, 3.561403386817069361, 22.69445279872765653 ) ) ;
#1218 = CIRCLE ( 'NONE', #517, 2.000000000000001776 ) ;
#1219 = DIRECTION ( 'NONE',  ( 1.396574636641576162E-14, -1.000000000000000000, 1.396572245702246938E-14 ) ) ;
#1220 = CARTESIAN_POINT ( 'NONE',  ( 9.679430881700808342, 57.44458918734532915, 21.49445279872690051 ) ) ;
#1221 = FACE_OUTER_BOUND ( 'NONE', #21, .T. ) ;
#1222 = DIRECTION ( 'NONE',  ( 0.000000000000000000, -1.000000000000000000, 1.379893674072459314E-14 ) ) ;
#1223 = CARTESIAN_POINT ( 'NONE',  ( 22.81943088170135781, 7.121403386816620440, 24.26017939759418951 ) ) ;
#1224 = CIRCLE ( 'NONE', #315, 1.999999999999998224 ) ;
#1225 = ORIENTED_EDGE ( 'NONE', *, *, #684, .F. ) ;
#1226 = CARTESIAN_POINT ( 'NONE',  ( 12.87943088170145423, -2.967023737929663785, -1.559820602405805001 ) ) ;
#1227 = AXIS2_PLACEMENT_3D ( 'NONE', #883, #1, #1485 ) ;
#1228 = CARTESIAN_POINT ( 'NONE',  ( 11.97943088170141657, 14.51999470999132313, 22.69445279872750731 ) ) ;
#1229 = ADVANCED_FACE ( 'NONE', ( #1328 ), #257, .F. ) ;
#1230 = CARTESIAN_POINT ( 'NONE',  ( 9.679430881700808342, 57.44458918734535757, 23.49445279872690406 ) ) ;
#1231 = ORIENTED_EDGE ( 'NONE', *, *, #117, .T. ) ;
#1232 = DIRECTION ( 'NONE',  ( 0.000000000000000000, -1.000000000000000000, 1.379893674072459314E-14 ) ) ;
#1233 = ORIENTED_EDGE ( 'NONE', *, *, #506, .T. ) ;
#1234 = DIRECTION ( 'NONE',  ( -2.422701857770421033E-29, 3.491481338843133750E-15, 1.000000000000000000 ) ) ;
#1235 = ORIENTED_EDGE ( 'NONE', *, *, #544, .T. ) ;
#1236 = DIRECTION ( 'NONE',  ( 0.000000000000000000, 1.000000000000000000, -1.387778780781445202E-14 ) ) ;
#1237 = FACE_BOUND ( 'NONE', #1514, .T. ) ;
#1238 = ORIENTED_EDGE ( 'NONE', *, *, #225, .F. ) ;
#1239 = LINE ( 'NONE', #624, #889 ) ;
#1240 = ORIENTED_EDGE ( 'NONE', *, *, #1195, .F. ) ;
#1241 = AXIS2_PLACEMENT_3D ( 'NONE', #1100, #610, #990 ) ;
#1242 = CARTESIAN_POINT ( 'NONE',  ( 30.07943088170140200, -1.138596613183412209, -15.40554720127227917 ) ) ;
#1243 = ORIENTED_EDGE ( 'NONE', *, *, #1388, .T. ) ;
#1244 = LINE ( 'NONE', #142, #682 ) ;
#1245 = ADVANCED_FACE ( 'NONE', ( #1533 ), #721, .T. ) ;
#1246 = VERTEX_POINT ( 'NONE', #1574 ) ;
#1247 = ORIENTED_EDGE ( 'NONE', *, *, #947, .T. ) ;
#1248 = EDGE_CURVE ( 'NONE', #1508, #484, #492, .T. ) ;
#1249 = LINE ( 'NONE', #761, #934 ) ;
#1250 = ORIENTED_EDGE ( 'NONE', *, *, #1193, .F. ) ;
#1251 = LINE ( 'NONE', #151, #106 ) ;
#1252 = EDGE_CURVE ( 'NONE', #989, #1422, #837, .T. ) ;
#1253 = AXIS2_PLACEMENT_3D ( 'NONE', #985, #342, #1575 ) ;
#1254 = VERTEX_POINT ( 'NONE', #1343 ) ;
#1255 = SURFACE_STYLE_FILL_AREA ( #158 ) ;
#1256 = EDGE_CURVE ( 'NONE', #271, #407, #600, .T. ) ;
#1257 = VERTEX_POINT ( 'NONE', #1335 ) ;
#1258 = CARTESIAN_POINT ( 'NONE',  ( 26.37943088170105455, 2.361403386816968819, 22.69445279872767784 ) ) ;
#1259 = LINE ( 'NONE', #1156, #181 ) ;
#1260 = ADVANCED_FACE ( 'NONE', ( #860 ), #738, .F. ) ;
#1261 = VERTEX_POINT ( 'NONE', #248 ) ;
#1262 = CARTESIAN_POINT ( 'NONE',  ( 10.47943088170081616, 57.44458918734483888, -14.60554720127308315 ) ) ;
#1263 = LINE ( 'NONE', #636, #665 ) ;
#1264 = CIRCLE ( 'NONE', #162, 0.5000000000000000000 ) ;
#1265 = ORIENTED_EDGE ( 'NONE', *, *, #1211, .F. ) ;
#1266 = ORIENTED_EDGE ( 'NONE', *, *, #220, .T. ) ;
#1267 = ADVANCED_FACE ( 'NONE', ( #974 ), #728, .F. ) ;
#1268 = LINE ( 'NONE', #1154, #1567 ) ;
#1269 = ORIENTED_EDGE ( 'NONE', *, *, #1309, .F. ) ;
#1270 = FACE_OUTER_BOUND ( 'NONE', #764, .T. ) ;
#1271 = EDGE_LOOP ( 'NONE', ( #1190, #261, #1466, #695, #1569, #1580, #785, #136, #795, #1088 ) ) ;
#1272 = AXIS2_PLACEMENT_3D ( 'NONE', #557, #85, #70 ) ;
#1273 = AXIS2_PLACEMENT_3D ( 'NONE', #1055, #416, #820 ) ;
#1274 = DIRECTION ( 'NONE',  ( 1.000000000000000000, 6.938893903907233900E-15, -0.000000000000000000 ) ) ;
#1275 = ORIENTED_EDGE ( 'NONE', *, *, #220, .F. ) ;
#1276 = DIRECTION ( 'NONE',  ( 1.000000000000000000, 0.000000000000000000, 1.387778780781444413E-14 ) ) ;
#1277 = EDGE_LOOP ( 'NONE', ( #1502, #1240, #1250, #17 ) ) ;
#1278 = AXIS2_PLACEMENT_3D ( 'NONE', #1040, #1405, #426 ) ;
#1279 = EDGE_CURVE ( 'NONE', #300, #456, #374, .T. ) ;
#1280 = DIRECTION ( 'NONE',  ( 0.000000000000000000, 1.000000000000000000, -3.491481338843133750E-15 ) ) ;
#1281 = ORIENTED_EDGE ( 'NONE', *, *, #1293, .T. ) ;
#1282 = CARTESIAN_POINT ( 'NONE',  ( 11.67943088170140875, 12.85999470999130168, 21.49445279872750092 ) ) ;
#1283 = LINE ( 'NONE', #183, #292 ) ;
#1284 = AXIS2_PLACEMENT_3D ( 'NONE', #885, #1489, #275 ) ;
#1285 = ORIENTED_EDGE ( 'NONE', *, *, #1344, .F. ) ;
#1286 = CIRCLE ( 'NONE', #645, 1.760000000000001119 ) ;
#1287 = AXIS2_PLACEMENT_3D ( 'NONE', #1334, #232, #847 ) ;
#1288 = ORIENTED_EDGE ( 'NONE', *, *, #723, .T. ) ;
#1289 = LINE ( 'NONE', #1188, #1517 ) ;
#1290 = DIRECTION ( 'NONE',  ( 1.000000000000000000, 1.398620802506299458E-14, 0.000000000000000000 ) ) ;
#1291 = VERTEX_POINT ( 'NONE', #868 ) ;
#1292 = CARTESIAN_POINT ( 'NONE',  ( 26.87943088170143113, -2.967023737929558536, 0.4401793975941946657 ) ) ;
#1293 = EDGE_CURVE ( 'NONE', #1529, #1133, #626, .T. ) ;
#1294 = ORIENTED_EDGE ( 'NONE', *, *, #72, .T. ) ;
#1295 = AXIS2_PLACEMENT_3D ( 'NONE', #901, #289, #660 ) ;
#1296 = VERTEX_POINT ( 'NONE', #1092 ) ;
#1297 = AXIS2_PLACEMENT_3D ( 'NONE', #981, #752, #1232 ) ;
#1298 = CARTESIAN_POINT ( 'NONE',  ( 12.87943088170141337, -0.1385966131834548976, -1.559820602405814993 ) ) ;
#1299 = CARTESIAN_POINT ( 'NONE',  ( 10.47943088170143078, 12.85999470999130168, 22.69445279872705967 ) ) ;
#1300 = EDGE_LOOP ( 'NONE', ( #927, #1108, #1233, #1307 ) ) ;
#1301 = DIRECTION ( 'NONE',  ( 0.000000000000000000, -1.000000000000000000, 1.379893674072459314E-14 ) ) ;
#1302 = FACE_OUTER_BOUND ( 'NONE', #249, .T. ) ;
#1303 = EDGE_CURVE ( 'NONE', #1439, #1296, #1565, .T. ) ;
#1304 = ORIENTED_EDGE ( 'NONE', *, *, #502, .T. ) ;
#1305 = DIRECTION ( 'NONE',  ( -6.938893903907156591E-15, 1.000000000000000000, -3.469446951953542797E-15 ) ) ;
#1306 = CARTESIAN_POINT ( 'NONE',  ( 16.93943088170136235, 7.121403386816578696, 22.69445279872761390 ) ) ;
#1307 = ORIENTED_EDGE ( 'NONE', *, *, #1279, .T. ) ;
#1308 = DIRECTION ( 'NONE',  ( -1.396574636641576162E-14, 1.000000000000000000, -1.396572245702246938E-14 ) ) ;
#1309 = EDGE_CURVE ( 'NONE', #63, #1261, #956, .T. ) ;
#1310 = DIRECTION ( 'NONE',  ( -1.000000000000000000, -6.938893903907230744E-15, 6.938893903907230744E-15 ) ) ;
#1311 = ADVANCED_FACE ( 'NONE', ( #968 ), #1109, .F. ) ;
#1312 = CARTESIAN_POINT ( 'NONE',  ( 26.37943088170103323, 3.561403386817062700, 22.69445279872766008 ) ) ;
#1313 = VECTOR ( 'NONE', #579, 1000.000000000000000 ) ;
#1314 = VERTEX_POINT ( 'NONE', #933 ) ;
#1315 = LINE ( 'NONE', #1562, #344 ) ;
#1316 = LINE ( 'NONE', #1324, #620 ) ;
#1317 = ORIENTED_EDGE ( 'NONE', *, *, #684, .T. ) ;
#1318 = FACE_OUTER_BOUND ( 'NONE', #521, .T. ) ;
#1319 = LINE ( 'NONE', #96, #196 ) ;
#1320 = CARTESIAN_POINT ( 'NONE',  ( -6.509933288533121210E-14, 4.661403386816382444, -6.510078339888027124E-14 ) ) ;
#1321 = ORIENTED_EDGE ( 'NONE', *, *, #346, .T. ) ;
#1322 = ADVANCED_FACE ( 'NONE', ( #983 ), #1421, .F. ) ;
#1323 = DIRECTION ( 'NONE',  ( 1.950445712854297344E-28, -1.396592535537267857E-14, -1.000000000000000000 ) ) ;
#1324 = CARTESIAN_POINT ( 'NONE',  ( 9.679430881700808342, 57.44458918734484598, -13.40554720127309984 ) ) ;
#1325 = AXIS2_PLACEMENT_3D ( 'NONE', #1555, #588, #1442 ) ;
#1326 = AXIS2_PLACEMENT_3D ( 'NONE', #717, #1216, #977 ) ;
#1327 = DIRECTION ( 'NONE',  ( -1.000000000000000000, -6.969871108835286701E-15, -9.770387164286751314E-29 ) ) ;
#1328 = FACE_OUTER_BOUND ( 'NONE', #1176, .T. ) ;
#1329 = FACE_OUTER_BOUND ( 'NONE', #658, .T. ) ;
#1330 = EDGE_LOOP ( 'NONE', ( #918, #1416, #450, #674 ) ) ;
#1331 = ORIENTED_EDGE ( 'NONE', *, *, #1534, .F. ) ;
#1332 = CARTESIAN_POINT ( 'NONE',  ( 22.81943088170137202, 5.361403386816620653, 24.26017939759418951 ) ) ;
#1333 = DIRECTION ( 'NONE',  ( -1.950524675550436351E-28, 1.396592535537267857E-14, 1.000000000000000000 ) ) ;
#1334 = CARTESIAN_POINT ( 'NONE',  ( 27.77943088170139063, -0.1385966131834115433, -13.10554720127227846 ) ) ;
#1335 = CARTESIAN_POINT ( 'NONE',  ( 10.47943088170143078, 12.85999470999129812, 21.19445279872750376 ) ) ;
#1336 = EDGE_CURVE ( 'NONE', #16, #1359, #1168, .T. ) ;
#1337 = DIRECTION ( 'NONE',  ( 1.000000000000000000, 1.395910297075412285E-14, 7.228014483238380182E-15 ) ) ;
#1338 = EDGE_CURVE ( 'NONE', #1011, #989, #1425, .T. ) ;
#1339 = LINE ( 'NONE', #337, #1469 ) ;
#1340 = FACE_OUTER_BOUND ( 'NONE', #750, .T. ) ;
#1341 = VECTOR ( 'NONE', #83, 1000.000000000000000 ) ;
#1342 = EDGE_LOOP ( 'NONE', ( #19, #1355, #385, #313 ) ) ;
#1343 = CARTESIAN_POINT ( 'NONE',  ( 29.27943088170119879, 12.85999470999130878, -13.10554720127247919 ) ) ;
#1344 = EDGE_CURVE ( 'NONE', #923, #1460, #555, .T. ) ;
#1345 = DIRECTION ( 'NONE',  ( 0.000000000000000000, -1.000000000000000000, 3.491481338843133750E-15 ) ) ;
#1346 = EDGE_CURVE ( 'NONE', #1257, #962, #427, .T. ) ;
#1347 = FACE_BOUND ( 'NONE', #132, .T. ) ;
#1348 = ORIENTED_EDGE ( 'NONE', *, *, #346, .F. ) ;
#1349 = VECTOR ( 'NONE', #784, 1000.000000000000000 ) ;
#1350 = CYLINDRICAL_SURFACE ( 'NONE', #1227, 1.760000000000001119 ) ;
#1351 = ORIENTED_EDGE ( 'NONE', *, *, #861, .T. ) ;
#1352 = DIRECTION ( 'NONE',  ( 0.000000000000000000, 1.387778780781444413E-14, 1.000000000000000000 ) ) ;
#1353 = EDGE_CURVE ( 'NONE', #1490, #1551, #137, .T. ) ;
#1354 = VECTOR ( 'NONE', #71, 1000.000000000000000 ) ;
#1355 = ORIENTED_EDGE ( 'NONE', *, *, #770, .F. ) ;
#1356 = DIRECTION ( 'NONE',  ( -7.885106708985489231E-15, -1.000000000000000000, 1.379893674072460734E-14 ) ) ;
#1357 = ORIENTED_EDGE ( 'NONE', *, *, #1404, .T. ) ;
#1358 = CARTESIAN_POINT ( 'NONE',  ( 26.87943088170114336, 4.661403386817050354, 20.96017939759412130 ) ) ;
#1359 = VERTEX_POINT ( 'NONE', #1081 ) ;
#1360 = CARTESIAN_POINT ( 'NONE',  ( 26.37943088170097994, 3.561403386817062700, 23.49445279872765724 ) ) ;
#1361 = VERTEX_POINT ( 'NONE', #937 ) ;
#1362 = DIRECTION ( 'NONE',  ( 1.396592535537228887E-14, -1.000000000000000000, 1.396592535537267857E-14 ) ) ;
#1363 = ORIENTED_EDGE ( 'NONE', *, *, #1083, .F. ) ;
#1364 = EDGE_CURVE ( 'NONE', #768, #328, #1316, .T. ) ;
#1365 = CIRCLE ( 'NONE', #387, 1.760000000000001119 ) ;
#1366 = ORIENTED_EDGE ( 'NONE', *, *, #672, .T. ) ;
#1367 = CARTESIAN_POINT ( 'NONE',  ( 27.77943088170117747, 12.85999470999142602, 22.69445279872752153 ) ) ;
#1368 = ORIENTED_EDGE ( 'NONE', *, *, #288, .T. ) ;
#1369 = AXIS2_PLACEMENT_3D ( 'NONE', #1581, #848, #485 ) ;
#1370 = CARTESIAN_POINT ( 'NONE',  ( 11.67943088170081012, 57.44458918734484598, -15.40554720127309807 ) ) ;
#1371 = EDGE_LOOP ( 'NONE', ( #1546, #635, #1281, #1397, #345, #677, #228, #1294 ) ) ;
#1372 = EDGE_LOOP ( 'NONE', ( #1269, #264, #1052, #1526 ) ) ;
#1373 = LINE ( 'NONE', #866, #1023 ) ;
#1374 = ADVANCED_FACE ( 'NONE', ( #1406 ), #1198, .T. ) ;
#1375 = ORIENTED_EDGE ( 'NONE', *, *, #567, .T. ) ;
#1376 = LINE ( 'NONE', #774, #791 ) ;
#1377 = ORIENTED_EDGE ( 'NONE', *, *, #541, .T. ) ;
#1378 = DIRECTION ( 'NONE',  ( -7.097508525429686916E-15, 1.000000000000000000, -3.497202527569242313E-15 ) ) ;
#1379 = EDGE_CURVE ( 'NONE', #1061, #1361, #1286, .T. ) ;
#1380 = DIRECTION ( 'NONE',  ( -1.396592535537228887E-14, 1.000000000000000000, -1.396592535537267857E-14 ) ) ;
#1381 = ORIENTED_EDGE ( 'NONE', *, *, #1576, .F. ) ;
#1382 = ORIENTED_EDGE ( 'NONE', *, *, #462, .F. ) ;
#1383 = EDGE_CURVE ( 'NONE', #256, #363, #1441, .T. ) ;
#1384 = FACE_OUTER_BOUND ( 'NONE', #347, .T. ) ;
#1385 = CARTESIAN_POINT ( 'NONE',  ( 28.07943088170058132, 57.44458918734561337, 23.49445279872690406 ) ) ;
#1386 =( GEOMETRIC_REPRESENTATION_CONTEXT ( 3 ) GLOBAL_UNCERTAINTY_ASSIGNED_CONTEXT ( ( #893 ) ) GLOBAL_UNIT_ASSIGNED_CONTEXT ( ( #864, #160, #646 ) ) REPRESENTATION_CONTEXT ( 'NONE', 'WORKASPACE' ) );
#1387 = DIRECTION ( 'NONE',  ( 0.000000000000000000, -1.387778780781444413E-14, -1.000000000000000000 ) ) ;
#1388 = EDGE_CURVE ( 'NONE', #1460, #1422, #1183, .T. ) ;
#1389 = LINE ( 'NONE', #1027, #676 ) ;
#1390 = EDGE_LOOP ( 'NONE', ( #942, #325, #371, #1505 ) ) ;
#1391 = PLANE ( 'NONE',  #1087 ) ;
#1392 = ORIENTED_EDGE ( 'NONE', *, *, #1195, .T. ) ;
#1393 = ADVANCED_FACE ( 'NONE', ( #570 ), #1537, .F. ) ;
#1394 = VECTOR ( 'NONE', #451, 1000.000000000000000 ) ;
#1395 = EDGE_CURVE ( 'NONE', #1069, #376, #833, .T. ) ;
#1396 = DIRECTION ( 'NONE',  ( 1.000000000000000000, 6.785482984263017175E-15, 1.002790224270609879E-28 ) ) ;
#1397 = ORIENTED_EDGE ( 'NONE', *, *, #763, .T. ) ;
#1398 = CARTESIAN_POINT ( 'NONE',  ( 29.27943088170140840, -0.1385966131832021275, 0.4401793975941846182 ) ) ;
#1399 = DIRECTION ( 'NONE',  ( 0.000000000000000000, -1.000000000000000000, 1.387778780781445676E-14 ) ) ;
#1400 = DIRECTION ( 'NONE',  ( -1.000000000000000000, -6.938893903907222067E-15, 2.312964634635740689E-15 ) ) ;
#1401 = EDGE_CURVE ( 'NONE', #1551, #403, #797, .T. ) ;
#1402 = CARTESIAN_POINT ( 'NONE',  ( 28.07943088170118173, 12.85999470999141892, 21.49445279872750092 ) ) ;
#1403 = ORIENTED_EDGE ( 'NONE', *, *, #1028, .F. ) ;
#1404 = EDGE_CURVE ( 'NONE', #1166, #1508, #1218, .T. ) ;
#1405 = DIRECTION ( 'NONE',  ( 1.393974221767077535E-14, -1.000000000000000000, 0.000000000000000000 ) ) ;
#1406 = FACE_OUTER_BOUND ( 'NONE', #1342, .T. ) ;
#1407 = EDGE_LOOP ( 'NONE', ( #139, #830, #551, #1470 ) ) ;
#1408 = DIRECTION ( 'NONE',  ( -1.445602896647240585E-14, -1.396572245702267133E-14, -1.000000000000000000 ) ) ;
#1409 = VECTOR ( 'NONE', #400, 1000.000000000000000 ) ;
#1410 = ORIENTED_EDGE ( 'NONE', *, *, #92, .T. ) ;
#1411 = EDGE_CURVE ( 'NONE', #429, #1206, #722, .T. ) ;
#1412 = VECTOR ( 'NONE', #75, 1000.000000000000000 ) ;
#1413 = VERTEX_POINT ( 'NONE', #449 ) ;
#1414 = CARTESIAN_POINT ( 'NONE',  ( 29.27943088170140840, -2.178204418620436567, 0.4401793975941917236 ) ) ;
#1415 = DIRECTION ( 'NONE',  ( 6.785482984263017175E-15, -1.000000000000000000, 0.000000000000000000 ) ) ;
#1416 = ORIENTED_EDGE ( 'NONE', *, *, #1146, .T. ) ;
#1417 = CARTESIAN_POINT ( 'NONE',  ( 13.37943088170093908, 3.561403386816881511, 23.49445279872765724 ) ) ;
#1418 = EDGE_CURVE ( 'NONE', #683, #1061, #1528, .T. ) ;
#1419 = CARTESIAN_POINT ( 'NONE',  ( 13.37943088170094086, 4.061403386816881067, 22.69445279872766363 ) ) ;
#1420 = AXIS2_PLACEMENT_3D ( 'NONE', #57, #545, #1046 ) ;
#1421 = CYLINDRICAL_SURFACE ( 'NONE', #668, 0.5000000000000004441 ) ;
#1422 = VERTEX_POINT ( 'NONE', #1071 ) ;
#1423 = CIRCLE ( 'NONE', #40, 0.5000000000000000000 ) ;
#1424 = LINE ( 'NONE', #561, #1131 ) ;
#1425 = LINE ( 'NONE', #433, #1412 ) ;
#1426 = AXIS2_PLACEMENT_3D ( 'NONE', #413, #177, #1387 ) ;
#1427 = EDGE_LOOP ( 'NONE', ( #254, #790, #615, #141, #91 ) ) ;
#1428 = PLANE ( 'NONE',  #10 ) ;
#1429 = EDGE_CURVE ( 'NONE', #30, #256, #1544, .T. ) ;
#1430 = DIRECTION ( 'NONE',  ( 1.950445712854297344E-28, -1.396592535537267857E-14, -1.000000000000000000 ) ) ;
#1431 = VERTEX_POINT ( 'NONE', #327 ) ;
#1432 = DIRECTION ( 'NONE',  ( -1.000000000000000000, -1.396592535537233936E-14, 2.453474918025446377E-29 ) ) ;
#1433 = DIRECTION ( 'NONE',  ( 1.000000000000000000, 1.395910297075010597E-14, -1.445602896647260149E-14 ) ) ;
#1434 = ORIENTED_EDGE ( 'NONE', *, *, #78, .F. ) ;
#1435 = CARTESIAN_POINT ( 'NONE',  ( 16.93943088170134459, 8.881403386816579371, 24.26017939759418951 ) ) ;
#1436 = DIRECTION ( 'NONE',  ( 1.000000000000000000, 1.393974221767077535E-14, 3.710682699163900195E-31 ) ) ;
#1437 = CARTESIAN_POINT ( 'NONE',  ( 9.679430881701422962, 12.85999470999116667, -13.40554720127250299 ) ) ;
#1438 = VECTOR ( 'NONE', #1116, 1000.000000000000000 ) ;
#1439 = VERTEX_POINT ( 'NONE', #821 ) ;
#1440 = PLANE ( 'NONE',  #11 ) ;
#1441 = LINE ( 'NONE', #562, #1313 ) ;
#1442 = DIRECTION ( 'NONE',  ( 0.000000000000000000, 1.000000000000000000, -1.387778780781445202E-14 ) ) ;
#1443 = DIRECTION ( 'NONE',  ( 1.000000000000000000, 6.938893903907155802E-15, -0.000000000000000000 ) ) ;
#1444 = FACE_OUTER_BOUND ( 'NONE', #1520, .T. ) ;
#1445 = EDGE_CURVE ( 'NONE', #1291, #278, #370, .T. ) ;
#1446 = VECTOR ( 'NONE', #976, 1000.000000000000000 ) ;
#1447 = ORIENTED_EDGE ( 'NONE', *, *, #251, .T. ) ;
#1448 = ORIENTED_EDGE ( 'NONE', *, *, #1303, .F. ) ;
#1449 = DIRECTION ( 'NONE',  ( -1.000000000000000000, -6.982962677686267499E-15, 2.422701857770446816E-29 ) ) ;
#1450 = DIRECTION ( 'NONE',  ( -6.938893903907156591E-15, 1.000000000000000000, -3.469446951953542797E-15 ) ) ;
#1451 = ADVANCED_FACE ( 'NONE', ( #360 ), #846, .F. ) ;
#1452 = DIRECTION ( 'NONE',  ( 1.000000000000000000, 7.097508525429686916E-15, 9.592919327977141484E-29 ) ) ;
#1453 = CARTESIAN_POINT ( 'NONE',  ( 10.47943088170158710, 4.661403386816457051, 0.4401793975941689085 ) ) ;
#1454 = CARTESIAN_POINT ( 'NONE',  ( 26.37943088170105810, 1.861403386816968819, 22.69445279872764942 ) ) ;
#1455 = CARTESIAN_POINT ( 'NONE',  ( 27.77943088170058061, 57.44458918734557784, 21.19445279872690691 ) ) ;
#1456 = CARTESIAN_POINT ( 'NONE',  ( 13.37943088170094796, 3.561403386816881511, 22.69445279872766008 ) ) ;
#1457 = LINE ( 'NONE', #1220, #748 ) ;
#1458 = DIRECTION ( 'NONE',  ( 6.938893903907402558E-14, 4.836319614811749704E-28, -1.000000000000000000 ) ) ;
#1459 = FACE_BOUND ( 'NONE', #1579, .T. ) ;
#1460 = VERTEX_POINT ( 'NONE', #1090 ) ;
#1461 = AXIS2_PLACEMENT_3D ( 'NONE', #497, #726, #997 ) ;
#1462 = DIRECTION ( 'NONE',  ( -1.084202172485506485E-14, 1.399298428864106842E-14, 1.000000000000000000 ) ) ;
#1463 = ORIENTED_EDGE ( 'NONE', *, *, #1518, .T. ) ;
#1464 = DIRECTION ( 'NONE',  ( 1.000000000000000000, 1.396592535537228887E-14, -1.950482029343557459E-28 ) ) ;
#1465 = LINE ( 'NONE', #1024, #1101 ) ;
#1466 = ORIENTED_EDGE ( 'NONE', *, *, #913, .T. ) ;
#1467 = CARTESIAN_POINT ( 'NONE',  ( 29.27943088170118813, 14.51999470999141373, 21.19445279872750731 ) ) ;
#1468 = AXIS2_PLACEMENT_3D ( 'NONE', #1417, #435, #1399 ) ;
#1469 = VECTOR ( 'NONE', #1553, 1000.000000000000000 ) ;
#1470 = ORIENTED_EDGE ( 'NONE', *, *, #842, .F. ) ;
#1471 = CARTESIAN_POINT ( 'NONE',  ( 11.97943088170081616, 57.44458918734535757, 21.19445279872690691 ) ) ;
#1472 = EDGE_CURVE ( 'NONE', #1246, #768, #1563, .T. ) ;
#1473 = ORIENTED_EDGE ( 'NONE', *, *, #741, .T. ) ;
#1474 = CARTESIAN_POINT ( 'NONE',  ( 28.87943088170142758, -2.967023737929551874, -1.559820602405805001 ) ) ;
#1475 = CARTESIAN_POINT ( 'NONE',  ( 9.679430881701120981, 12.85999470999129457, 23.49445279872751868 ) ) ;
#1476 = ORIENTED_EDGE ( 'NONE', *, *, #1472, .T. ) ;
#1477 = FACE_BOUND ( 'NONE', #538, .T. ) ;
#1478 = EDGE_LOOP ( 'NONE', ( #1114, #895, #31, #1238 ) ) ;
#1479 = CARTESIAN_POINT ( 'NONE',  ( 29.27943088170139418, -0.1385966131832299941, -1.559820602405832091 ) ) ;
#1480 = ORIENTED_EDGE ( 'NONE', *, *, #64, .T. ) ;
#1481 = CARTESIAN_POINT ( 'NONE',  ( 12.87943088170642802, 57.44458918734504493, 23.49445279872690406 ) ) ;
#1482 = EDGE_CURVE ( 'NONE', #1314, #76, #466, .T. ) ;
#1483 = AXIS2_PLACEMENT_3D ( 'NONE', #903, #1035, #1276 ) ;
#1484 = ORIENTED_EDGE ( 'NONE', *, *, #1053, .T. ) ;
#1485 = DIRECTION ( 'NONE',  ( -1.000000000000000000, 0.000000000000000000, 0.000000000000000000 ) ) ;
#1486 = AXIS2_PLACEMENT_3D ( 'NONE', #199, #1415, #1056 ) ;
#1487 = ORIENTED_EDGE ( 'NONE', *, *, #1501, .F. ) ;
#1488 = AXIS2_PLACEMENT_3D ( 'NONE', #1360, #468, #351 ) ;
#1489 = DIRECTION ( 'NONE',  ( 1.950445712854297344E-28, -1.396592535537267857E-14, -1.000000000000000000 ) ) ;
#1490 = VERTEX_POINT ( 'NONE', #587 ) ;
#1491 = CARTESIAN_POINT ( 'NONE',  ( 10.47943088170114656, 8.881403386816540291, 22.69445279872758547 ) ) ;
#1492 = DIRECTION ( 'NONE',  ( 9.733726170758755687E-14, 1.000000000000000000, -1.396592535537267857E-14 ) ) ;
#1493 = VECTOR ( 'NONE', #1038, 1000.000000000000000 ) ;
#1494 = LINE ( 'NONE', #1370, #260 ) ;
#1495 = PRODUCT_DEFINITION_CONTEXT ( 'detailed design', #164, 'design' ) ;
#1496 = ORIENTED_EDGE ( 'NONE', *, *, #828, .F. ) ;
#1497 = VERTEX_POINT ( 'NONE', #113 ) ;
#1498 =( NAMED_UNIT ( * ) PLANE_ANGLE_UNIT ( ) SI_UNIT ( $, .RADIAN. ) );
#1499 = CARTESIAN_POINT ( 'NONE',  ( 26.87943088170114336, 4.661403386817050354, 20.96017939759412130 ) ) ;
#1500 = CARTESIAN_POINT ( 'NONE',  ( 10.47943088170143966, 12.85999470999117378, -13.10554720127246142 ) ) ;
#1501 = EDGE_CURVE ( 'NONE', #1118, #998, #236, .T. ) ;
#1502 = ORIENTED_EDGE ( 'NONE', *, *, #241, .F. ) ;
#1503 = CYLINDRICAL_SURFACE ( 'NONE', #1426, 2.000000000000001776 ) ;
#1504 = PLANE ( 'NONE',  #1295 ) ;
#1505 = ORIENTED_EDGE ( 'NONE', *, *, #1123, .F. ) ;
#1506 = DIRECTION ( 'NONE',  ( 7.097508525429686916E-15, -1.000000000000000000, 3.497202527569242313E-15 ) ) ;
#1507 = EDGE_CURVE ( 'NONE', #1413, #271, #475, .T. ) ;
#1508 = VERTEX_POINT ( 'NONE', #378 ) ;
#1509 = DIRECTION ( 'NONE',  ( -1.000000000000000000, -1.397039674338382888E-14, 0.000000000000000000 ) ) ;
#1510 = ORIENTED_EDGE ( 'NONE', *, *, #92, .F. ) ;
#1511 = CARTESIAN_POINT ( 'NONE',  ( 11.97943088170141657, 12.85999470999118266, -13.10554720127248274 ) ) ;
#1512 = DIRECTION ( 'NONE',  ( -6.982962677686267499E-15, 1.000000000000000000, -3.491481338843133750E-15 ) ) ;
#1513 = VECTOR ( 'NONE', #377, 1000.000000000000000 ) ;
#1514 = EDGE_LOOP ( 'NONE', ( #1568, #1225, #1487, #1130, #73 ) ) ;
#1515 = ADVANCED_FACE ( 'NONE', ( #871 ), #1208, .T. ) ;
#1516 = CIRCLE ( 'NONE', #1072, 1.500000000000001332 ) ;
#1517 = VECTOR ( 'NONE', #1049, 1000.000000000000000 ) ;
#1518 = EDGE_CURVE ( 'NONE', #1261, #455, #102, .T. ) ;
#1519 = CARTESIAN_POINT ( 'NONE',  ( 11.67943088170162724, -1.138596613183669115, -15.40554720127227917 ) ) ;
#1520 = EDGE_LOOP ( 'NONE', ( #7, #1377, #865, #650 ) ) ;
#1521 = DIRECTION ( 'NONE',  ( -1.000000000000000000, -1.396574636641576162E-14, 0.000000000000000000 ) ) ;
#1522 = DIRECTION ( 'NONE',  ( 1.396574636641576162E-14, -1.000000000000000000, 1.396572245702246938E-14 ) ) ;
#1523 = DIRECTION ( 'NONE',  ( 5.421010862429949150E-17, -3.491481338843133355E-15, -1.000000000000000000 ) ) ;
#1524 = ORIENTED_EDGE ( 'NONE', *, *, #490, .T. ) ;
#1525 = EDGE_CURVE ( 'NONE', #938, #751, #1264, .T. ) ;
#1526 = ORIENTED_EDGE ( 'NONE', *, *, #399, .F. ) ;
#1527 = CARTESIAN_POINT ( 'NONE',  ( 26.37943088170105810, 1.861403386816971706, 22.69445279872768495 ) ) ;
#1528 = LINE ( 'NONE', #1189, #1341 ) ;
#1529 = VERTEX_POINT ( 'NONE', #1217 ) ;
#1530 = LINE ( 'NONE', #572, #992 ) ;
#1531 = LINE ( 'NONE', #1419, #733 ) ;
#1532 = AXIS2_PLACEMENT_3D ( 'NONE', #1097, #223, #965 ) ;
#1533 = FACE_OUTER_BOUND ( 'NONE', #1277, .T. ) ;
#1534 = EDGE_CURVE ( 'NONE', #1048, #930, #135, .T. ) ;
#1535 = ORIENTED_EDGE ( 'NONE', *, *, #1152, .T. ) ;
#1536 = DIRECTION ( 'NONE',  ( -1.000000000000000000, -6.938893903907230744E-15, 0.000000000000000000 ) ) ;
#1537 = CYLINDRICAL_SURFACE ( 'NONE', #185, 0.5000000000000004441 ) ;
#1538 = ORIENTED_EDGE ( 'NONE', *, *, #1559, .T. ) ;
#1539 = DIRECTION ( 'NONE',  ( -7.097508525429686916E-15, 1.000000000000000000, -3.497202527569242313E-15 ) ) ;
#1540 = DIRECTION ( 'NONE',  ( 1.396574636641576004E-14, -1.000000000000000000, 1.396572245702246780E-14 ) ) ;
#1541 = AXIS2_PLACEMENT_3D ( 'NONE', #1320, #217, #1509 ) ;
#1542 = VERTEX_POINT ( 'NONE', #851 ) ;
#1543 = DIRECTION ( 'NONE',  ( -6.938893903907402558E-14, -9.672639229623639314E-28, 1.000000000000000000 ) ) ;
#1544 = LINE ( 'NONE', #944, #108 ) ;
#1545 = CIRCLE ( 'NONE', #810, 1.500000000000001332 ) ;
#1546 = ORIENTED_EDGE ( 'NONE', *, *, #1518, .F. ) ;
#1547 = CARTESIAN_POINT ( 'NONE',  ( 27.50443088170131034, 12.85999470999134964, 3.065179395546141272 ) ) ;
#1548 = CARTESIAN_POINT ( 'NONE',  ( 12.87943088170140093, 4.661403386816466821, -1.559820602405831869 ) ) ;
#1549 = ADVANCED_FACE ( 'NONE', ( #1340, #1237 ), #1120, .F. ) ;
#1550 = CARTESIAN_POINT ( 'NONE',  ( 12.87943088170094796, 3.561403386816874406, 22.69445279872766008 ) ) ;
#1551 = VERTEX_POINT ( 'NONE', #487 ) ;
#1552 = ORIENTED_EDGE ( 'NONE', *, *, #1507, .T. ) ;
#1553 = DIRECTION ( 'NONE',  ( 1.462065334817044139E-28, 3.497202527569242313E-15, 1.000000000000000000 ) ) ;
#1554 = DIRECTION ( 'NONE',  ( 1.396574636641576004E-14, -1.000000000000000000, 1.396572245702246780E-14 ) ) ;
#1555 = CARTESIAN_POINT ( 'NONE',  ( 19.87943088170140982, 5.860699048403839484, -15.40554720127237687 ) ) ;
#1556 = CYLINDRICAL_SURFACE ( 'NONE', #940, 0.5000000000000004441 ) ;
#1557 = AXIS2_PLACEMENT_3D ( 'NONE', #307, #1308, #77 ) ;
#1558 = CARTESIAN_POINT ( 'NONE',  ( 12.87943088170140093, 4.661403386816473926, 0.4401793975941682424 ) ) ;
#1559 = EDGE_CURVE ( 'NONE', #751, #403, #986, .T. ) ;
#1560 = CIRCLE ( 'NONE', #134, 2.000000000000000000 ) ;
#1561 = ORIENTED_EDGE ( 'NONE', *, *, #431, .F. ) ;
#1562 = CARTESIAN_POINT ( 'NONE',  ( 12.87943088170095862, 4.661403386816844296, 20.16017939759412059 ) ) ;
#1563 = LINE ( 'NONE', #621, #332 ) ;
#1564 = DIRECTION ( 'NONE',  ( -0.000000000000000000, 1.396600640281428393E-14, 1.000000000000000000 ) ) ;
#1565 = LINE ( 'NONE', #140, #1438 ) ;
#1566 = CARTESIAN_POINT ( 'NONE',  ( 27.77943088170118457, 14.51999470999122011, -14.60554720127248274 ) ) ;
#1567 = VECTOR ( 'NONE', #43, 1000.000000000000000 ) ;
#1568 = ORIENTED_EDGE ( 'NONE', *, *, #552, .F. ) ;
#1569 = ORIENTED_EDGE ( 'NONE', *, *, #252, .T. ) ;
#1570 = CARTESIAN_POINT ( 'NONE',  ( 26.37943088170099770, 1.861403386816970373, 23.49445279872767856 ) ) ;
#1571 = DIRECTION ( 'NONE',  ( 1.462025679159709502E-28, 3.497202527569242313E-15, 1.000000000000000000 ) ) ;
#1572 = CARTESIAN_POINT ( 'NONE',  ( 12.87943088170118244, 3.561403386816874850, 23.49445279872765724 ) ) ;
#1573 = AXIS2_PLACEMENT_3D ( 'NONE', #1142, #1019, #246 ) ;
#1574 = CARTESIAN_POINT ( 'NONE',  ( 9.679430881701431844, 12.85999470999128746, 21.49445279872752224 ) ) ;
#1575 = DIRECTION ( 'NONE',  ( -6.982962677686267499E-15, 1.000000000000000000, 0.000000000000000000 ) ) ;
#1576 = EDGE_CURVE ( 'NONE', #702, #407, #734, .T. ) ;
#1577 = DIRECTION ( 'NONE',  ( -1.396592535537228887E-14, 1.000000000000000000, -1.396592535537267857E-14 ) ) ;
#1578 = DIRECTION ( 'NONE',  ( -1.396574636641576162E-14, 1.000000000000000000, -1.396592535537267857E-14 ) ) ;
#1579 = EDGE_LOOP ( 'NONE', ( #1463, #1375, #831, #513, #760, #904, #1121, #1201 ) ) ;
#1580 = ORIENTED_EDGE ( 'NONE', *, *, #1576, .T. ) ;
#1581 = CARTESIAN_POINT ( 'NONE',  ( 11.97943088170081616, 57.44458918734488151, -13.10554720127308315 ) ) ;
#1582 = LINE ( 'NONE', #1566, #1446 ) ;
#1583 = DIRECTION ( 'NONE',  ( -6.938893903907156591E-15, 1.000000000000000000, -3.469446951953542797E-15 ) ) ;
#1584 = ORIENTED_EDGE ( 'NONE', *, *, #763, .F. ) ;
#1585 = AXIS2_PLACEMENT_3D ( 'NONE', #507, #25, #397 ) ;
#1586 = ADVANCED_FACE ( 'NONE', ( #978, #1459, #1347 ), #244, .T. ) ;
ENDSEC;
END-ISO-10303-21;
