ISO-10303-21;
HEADER;
FILE_DESCRIPTION (( 'STEP AP214' ),
    '1' );
FILE_NAME ('IGC Logger Main Case.STEP',
    '2026-01-18T19:19:29',
    ( '' ),
    ( '' ),
    'SwSTEP 2.0',
    'SolidWorks 2026',
    '' );
FILE_SCHEMA (( 'AUTOMOTIVE_DESIGN' ));
ENDSEC;

DATA;
#1 = ORIENTED_EDGE ( 'NONE', *, *, #611, .F. ) ;
#2 = VECTOR ( 'NONE', #2367, 1000.000000000000000 ) ;
#3 = AXIS2_PLACEMENT_3D ( 'NONE', #2005, #2029, #1050 ) ;
#4 = AXIS2_PLACEMENT_3D ( 'NONE', #1743, #2275, #163 ) ;
#5 = AXIS2_PLACEMENT_3D ( 'NONE', #753, #1135, #2546 ) ;
#6 = ORIENTED_EDGE ( 'NONE', *, *, #624, .F. ) ;
#7 = VECTOR ( 'NONE', #174, 1000.000000000000000 ) ;
#8 = DIRECTION ( 'NONE',  ( -6.587557503709257065E-16, -3.497202527569247047E-15, -1.000000000000000000 ) ) ;
#9 = DIRECTION ( 'NONE',  ( -1.000000000000000000, -6.938893903907222067E-15, 0.000000000000000000 ) ) ;
#10 = ORIENTED_EDGE ( 'NONE', *, *, #2397, .T. ) ;
#11 = DIRECTION ( 'NONE',  ( 7.097508525429686916E-15, -1.000000000000000000, 3.497202527569242313E-15 ) ) ;
#12 = VERTEX_POINT ( 'NONE', #1762 ) ;
#13 = DIRECTION ( 'NONE',  ( 1.000000000000000000, 7.097508525429696383E-15, 2.832201593431510485E-15 ) ) ;
#14 = DIRECTION ( 'NONE',  ( -1.000000000000000000, -6.938893903907276498E-15, 0.000000000000000000 ) ) ;
#15 = LINE ( 'NONE', #803, #733 ) ;
#16 = VERTEX_POINT ( 'NONE', #1177 ) ;
#17 = EDGE_CURVE ( 'NONE', #1640, #78, #1531, .T. ) ;
#18 = LINE ( 'NONE', #1995, #1673 ) ;
#19 = LINE ( 'NONE', #1590, #1310 ) ;
#20 = ORIENTED_EDGE ( 'NONE', *, *, #1078, .F. ) ;
#21 = FACE_OUTER_BOUND ( 'NONE', #2104, .T. ) ;
#22 = DIRECTION ( 'NONE',  ( -7.097508525429686916E-15, 1.000000000000000000, -3.497202527569242313E-15 ) ) ;
#23 = FACE_OUTER_BOUND ( 'NONE', #703, .T. ) ;
#24 = ORIENTED_EDGE ( 'NONE', *, *, #629, .T. ) ;
#25 = DIRECTION ( 'NONE',  ( 7.097508525429686916E-15, -1.000000000000000000, 3.497202527569242313E-15 ) ) ;
#26 = CARTESIAN_POINT ( 'NONE',  ( 24.37943088170096928, 15.85999470999139405, 21.09445279872765866 ) ) ;
#27 = DIRECTION ( 'NONE',  ( -1.000000000000000000, -6.938893903907233900E-15, 0.000000000000000000 ) ) ;
#28 = ORIENTED_EDGE ( 'NONE', *, *, #254, .F. ) ;
#29 = VERTEX_POINT ( 'NONE', #146 ) ;
#30 = PRODUCT_DEFINITION_FORMATION_WITH_SPECIFIED_SOURCE ( 'ANY', '', #2080, .NOT_KNOWN. ) ;
#31 = DIRECTION ( 'NONE',  ( -9.941108744852783528E-17, 3.497202527569241525E-15, 1.000000000000000000 ) ) ;
#32 = ORIENTED_EDGE ( 'NONE', *, *, #151, .T. ) ;
#33 = ORIENTED_EDGE ( 'NONE', *, *, #1782, .T. ) ;
#34 = CIRCLE ( 'NONE', #522, 0.5000000000000004441 ) ;
#35 = LINE ( 'NONE', #2429, #1403 ) ;
#36 = EDGE_CURVE ( 'NONE', #114, #2292, #2496, .T. ) ;
#37 = ADVANCED_FACE ( 'NONE', ( #1915 ), #1120, .F. ) ;
#38 = VECTOR ( 'NONE', #2430, 1000.000000000000000 ) ;
#39 = AXIS2_PLACEMENT_3D ( 'NONE', #1996, #417, #1207 ) ;
#40 = AXIS2_PLACEMENT_3D ( 'NONE', #1582, #953, #155 ) ;
#41 = ORIENTED_EDGE ( 'NONE', *, *, #2445, .T. ) ;
#42 = CIRCLE ( 'NONE', #1199, 0.5000000000000004441 ) ;
#43 = ADVANCED_FACE ( 'NONE', ( #1429 ), #2240, .T. ) ;
#44 = CARTESIAN_POINT ( 'NONE',  ( 10.57943088170151569, 12.85999470999128924, 19.66750478252090062 ) ) ;
#45 = CARTESIAN_POINT ( 'NONE',  ( 28.77943088170120944, 12.85999470999141359, 19.66750478252090062 ) ) ;
#46 = DIRECTION ( 'NONE',  ( 6.938893903907233900E-15, -1.000000000000000000, 3.469446951953613006E-15 ) ) ;
#47 = VECTOR ( 'NONE', #1570, 1000.000000000000000 ) ;
#48 = ORIENTED_EDGE ( 'NONE', *, *, #1425, .T. ) ;
#49 = EDGE_LOOP ( 'NONE', ( #60, #996, #559, #1419 ) ) ;
#50 = DIRECTION ( 'NONE',  ( -7.097508525429686916E-15, 1.000000000000000000, -3.497202527569242313E-15 ) ) ;
#51 = DIRECTION ( 'NONE',  ( 7.097508525429686916E-15, -1.000000000000000000, 3.497202527569242313E-15 ) ) ;
#52 = DIRECTION ( 'NONE',  ( -7.097508525429686916E-15, 1.000000000000000000, -3.497202527569242313E-15 ) ) ;
#53 = ORIENTED_EDGE ( 'NONE', *, *, #2416, .T. ) ;
#54 = EDGE_CURVE ( 'NONE', #1697, #135, #1143, .T. ) ;
#55 = PLANE ( 'NONE',  #457 ) ;
#56 = ADVANCED_FACE ( 'NONE', ( #1637 ), #1239, .F. ) ;
#57 = CYLINDRICAL_SURFACE ( 'NONE', #1780, 7.500000000000003553 ) ;
#58 = ORIENTED_EDGE ( 'NONE', *, *, #246, .F. ) ;
#59 = VERTEX_POINT ( 'NONE', #620 ) ;
#60 = ORIENTED_EDGE ( 'NONE', *, *, #802, .F. ) ;
#61 = DIRECTION ( 'NONE',  ( 1.000000000000000000, 6.938893903907198401E-15, 0.000000000000000000 ) ) ;
#62 = EDGE_CURVE ( 'NONE', #78, #440, #1316, .T. ) ;
#63 = CARTESIAN_POINT ( 'NONE',  ( 27.77943088170115971, 15.85999470999141536, 21.19445279872749666 ) ) ;
#64 = DIRECTION ( 'NONE',  ( 7.097508525429687705E-15, -1.000000000000000000, 3.497202527569242708E-15 ) ) ;
#65 = ORIENTED_EDGE ( 'NONE', *, *, #755, .T. ) ;
#66 = CIRCLE ( 'NONE', #2086, 0.5000000000000004441 ) ;
#67 = ADVANCED_FACE ( 'NONE', ( #472 ), #213, .T. ) ;
#68 = CARTESIAN_POINT ( 'NONE',  ( 28.67943088170047616, 10.85999470999137451, 7.667504782520907725 ) ) ;
#69 = DIRECTION ( 'NONE',  ( 1.000000000000000000, 7.401486830834372729E-15, 0.000000000000000000 ) ) ;
#70 = ORIENTED_EDGE ( 'NONE', *, *, #550, .T. ) ;
#71 = CYLINDRICAL_SURFACE ( 'NONE', #1021, 7.500000000000003553 ) ;
#72 = FACE_OUTER_BOUND ( 'NONE', #1903, .T. ) ;
#73 = CARTESIAN_POINT ( 'NONE',  ( 12.87943088170124462, 16.46499470999118842, -13.75982060445390687 ) ) ;
#74 = AXIS2_PLACEMENT_3D ( 'NONE', #159, #394, #2350 ) ;
#75 = FACE_OUTER_BOUND ( 'NONE', #2437, .T. ) ;
#76 = CIRCLE ( 'NONE', #2258, 0.5000000000000004441 ) ;
#77 = AXIS2_PLACEMENT_3D ( 'NONE', #450, #1023, #2216 ) ;
#78 = VERTEX_POINT ( 'NONE', #816 ) ;
#79 = VERTEX_POINT ( 'NONE', #653 ) ;
#80 = CIRCLE ( 'NONE', #1369, 1.499999999999994449 ) ;
#81 = AXIS2_PLACEMENT_3D ( 'NONE', #2036, #1826, #1396 ) ;
#82 = VECTOR ( 'NONE', #523, 1000.000000000000000 ) ;
#83 = CIRCLE ( 'NONE', #415, 1.500000000000022204 ) ;
#84 = PLANE ( 'NONE',  #1735 ) ;
#85 = PLANE ( 'NONE',  #1362 ) ;
#86 = EDGE_LOOP ( 'NONE', ( #198, #2516, #1260, #918 ) ) ;
#87 = ORIENTED_EDGE ( 'NONE', *, *, #511, .T. ) ;
#88 = DIRECTION ( 'NONE',  ( 1.000000000000000000, 6.938893903907125826E-15, 0.000000000000000000 ) ) ;
#89 = ADVANCED_FACE ( 'NONE', ( #2208 ), #1410, .F. ) ;
#90 = CARTESIAN_POINT ( 'NONE',  ( 27.17943088170047616, 10.85999470999140293, 19.16750478252090772 ) ) ;
#91 = CARTESIAN_POINT ( 'NONE',  ( 24.37943088170098704, 12.85999470999139760, 22.59445279872767998 ) ) ;
#92 = EDGE_CURVE ( 'NONE', #2358, #2248, #1038, .T. ) ;
#93 = DIRECTION ( 'NONE',  ( -1.000000000000000000, -7.097508525429686916E-15, 5.547074552975278455E-31 ) ) ;
#94 = EDGE_CURVE ( 'NONE', #1573, #2365, #1805, .T. ) ;
#95 = VERTEX_POINT ( 'NONE', #1006 ) ;
#96 = ADVANCED_FACE ( 'NONE', ( #1796 ), #1213, .T. ) ;
#97 = VERTEX_POINT ( 'NONE', #2402 ) ;
#98 = CARTESIAN_POINT ( 'NONE',  ( 29.27943088170120944, 12.85999470999142602, 21.19445279872753218 ) ) ;
#99 = CARTESIAN_POINT ( 'NONE',  ( 28.67943088170046195, 12.85999470999141359, 19.16750478252090062 ) ) ;
#100 = EDGE_LOOP ( 'NONE', ( #1471, #399, #1994, #285 ) ) ;
#101 = DIRECTION ( 'NONE',  ( 1.000000000000000000, 6.308085367188397538E-15, 0.000000000000000000 ) ) ;
#102 = CARTESIAN_POINT ( 'NONE',  ( 11.07943088170152990, 10.85999470999128924, 19.16750478252090772 ) ) ;
#103 = ORIENTED_EDGE ( 'NONE', *, *, #1734, .F. ) ;
#104 = CARTESIAN_POINT ( 'NONE',  ( 11.07943088170151569, 12.85999470999125371, 8.167504782520900619 ) ) ;
#105 = EDGE_LOOP ( 'NONE', ( #1560, #1477, #2045, #839 ) ) ;
#106 = CARTESIAN_POINT ( 'NONE',  ( 12.87943088170133876, 15.85999470999119332, -11.55982060445390402 ) ) ;
#107 = FACE_OUTER_BOUND ( 'NONE', #86, .T. ) ;
#108 = EDGE_LOOP ( 'NONE', ( #1859, #2438, #265, #1455 ) ) ;
#109 = AXIS2_PLACEMENT_3D ( 'NONE', #794, #1364, #378 ) ;
#110 = DIRECTION ( 'NONE',  ( -2.832201593431535729E-15, 3.540251991789420055E-15, 1.000000000000000000 ) ) ;
#111 = DIRECTION ( 'NONE',  ( -4.956352788504941401E-16, -3.497202527569246258E-15, -1.000000000000000000 ) ) ;
#112 = VERTEX_POINT ( 'NONE', #1830 ) ;
#113 = CARTESIAN_POINT ( 'NONE',  ( 24.87943088170100836, 10.85999470999139938, 22.09445279872768353 ) ) ;
#114 = VERTEX_POINT ( 'NONE', #463 ) ;
#115 = CIRCLE ( 'NONE', #1934, 1.000000000000000888 ) ;
#116 = AXIS2_PLACEMENT_3D ( 'NONE', #382, #1959, #2202 ) ;
#117 = DIRECTION ( 'NONE',  ( 7.097508525429686916E-15, -1.000000000000000000, 3.497202527569242313E-15 ) ) ;
#118 = ADVANCED_FACE ( 'NONE', ( #2017 ), #2390, .T. ) ;
#119 = VECTOR ( 'NONE', #2018, 1000.000000000000000 ) ;
#120 = AXIS2_PLACEMENT_3D ( 'NONE', #1062, #1855, #1298 ) ;
#121 = CARTESIAN_POINT ( 'NONE',  ( 29.17943088170047616, 10.85999470999141714, 19.16750478252090772 ) ) ;
#122 = CIRCLE ( 'NONE', #1568, 0.5000000000000004441 ) ;
#123 = AXIS2_PLACEMENT_3D ( 'NONE', #231, #1426, #630 ) ;
#124 = ORIENTED_EDGE ( 'NONE', *, *, #94, .T. ) ;
#125 = CARTESIAN_POINT ( 'NONE',  ( 11.67943088170139809, 16.85999470999130878, 23.49445279872749381 ) ) ;
#126 = DIRECTION ( 'NONE',  ( -6.938893903907198401E-15, 1.000000000000000000, -3.469446951953613006E-15 ) ) ;
#127 = EDGE_LOOP ( 'NONE', ( #1745, #2155, #1347, #2118, #310, #24, #1891, #1660 ) ) ;
#128 = FACE_OUTER_BOUND ( 'NONE', #2269, .T. ) ;
#129 = EDGE_LOOP ( 'NONE', ( #178, #2172, #1124, #1657 ) ) ;
#130 = CARTESIAN_POINT ( 'NONE',  ( 29.07943088170119950, 16.85999470999130168, -13.40554720127250121 ) ) ;
#131 = LINE ( 'NONE', #1145, #372 ) ;
#132 = EDGE_CURVE ( 'NONE', #518, #16, #35, .T. ) ;
#133 = DIRECTION ( 'NONE',  ( 6.938893903907233900E-15, -1.000000000000000000, 3.469446951953613006E-15 ) ) ;
#134 = LINE ( 'NONE', #1881, #570 ) ;
#135 = VERTEX_POINT ( 'NONE', #1625 ) ;
#136 = DIRECTION ( 'NONE',  ( -1.000000000000000000, -6.938893903907222067E-15, 0.000000000000000000 ) ) ;
#137 = PLANE ( 'NONE',  #1275 ) ;
#138 = ORIENTED_EDGE ( 'NONE', *, *, #822, .T. ) ;
#139 = DIRECTION ( 'NONE',  ( -7.097508525429686916E-15, 1.000000000000000000, -3.497202527569242313E-15 ) ) ;
#140 = DIRECTION ( 'NONE',  ( -7.097508525429686916E-15, 1.000000000000000000, -3.497202527569242313E-15 ) ) ;
#141 = LINE ( 'NONE', #2523, #1986 ) ;
#142 = DIRECTION ( 'NONE',  ( -7.097508525429696383E-15, 1.000000000000000000, 0.000000000000000000 ) ) ;
#143 = DIRECTION ( 'NONE',  ( 7.097508525429686127E-15, -1.000000000000000000, 3.497202527569242313E-15 ) ) ;
#144 = DIRECTION ( 'NONE',  ( 2.849902853390469249E-15, -3.497202527569222592E-15, -1.000000000000000000 ) ) ;
#145 = EDGE_CURVE ( 'NONE', #446, #240, #1061, .T. ) ;
#146 = CARTESIAN_POINT ( 'NONE',  ( 24.87943088170099060, 12.85999470999139760, 22.19445279872752153 ) ) ;
#147 = EDGE_LOOP ( 'NONE', ( #211, #395, #2003, #433 ) ) ;
#148 = CARTESIAN_POINT ( 'NONE',  ( 14.87943088170096573, 15.85999470999133187, 22.19445279872751797 ) ) ;
#149 = LINE ( 'NONE', #1172, #826 ) ;
#150 = CIRCLE ( 'NONE', #2087, 2.199999999999965983 ) ;
#151 = EDGE_CURVE ( 'NONE', #162, #699, #1812, .T. ) ;
#152 = ORIENTED_EDGE ( 'NONE', *, *, #877, .F. ) ;
#153 = VERTEX_POINT ( 'NONE', #1821 ) ;
#154 = CARTESIAN_POINT ( 'NONE',  ( 15.37943088170096750, 15.85999470999132832, 21.09445279872765866 ) ) ;
#155 = DIRECTION ( 'NONE',  ( -1.000000000000000000, -7.097508525429686916E-15, 5.547074552978439259E-31 ) ) ;
#156 = ORIENTED_EDGE ( 'NONE', *, *, #788, .T. ) ;
#157 = CARTESIAN_POINT ( 'NONE',  ( 14.87943088170100303, 10.85999470999132654, 21.09445279872767642 ) ) ;
#158 = AXIS2_PLACEMENT_3D ( 'NONE', #204, #736, #599 ) ;
#159 = CARTESIAN_POINT ( 'NONE',  ( 10.67943088170142474, 16.85999470999117378, -13.40554720127250299 ) ) ;
#160 = AXIS2_PLACEMENT_3D ( 'NONE', #130, #1115, #1140 ) ;
#161 = AXIS2_PLACEMENT_3D ( 'NONE', #2313, #1354, #2116 ) ;
#162 = VERTEX_POINT ( 'NONE', #837 ) ;
#163 = DIRECTION ( 'NONE',  ( -1.000000000000000000, -6.938893903907230744E-15, 0.000000000000000000 ) ) ;
#164 = AXIS2_PLACEMENT_3D ( 'NONE', #1322, #337, #773 ) ;
#165 = CIRCLE ( 'NONE', #1444, 0.5000000000000004441 ) ;
#166 = DIRECTION ( 'NONE',  ( 6.938893903907233900E-15, -1.000000000000000000, 3.469446951953614189E-15 ) ) ;
#167 = ADVANCED_FACE ( 'NONE', ( #72 ), #860, .F. ) ;
#168 = VECTOR ( 'NONE', #2298, 1000.000000000000000 ) ;
#169 = ORIENTED_EDGE ( 'NONE', *, *, #1897, .T. ) ;
#170 = EDGE_CURVE ( 'NONE', #1442, #2165, #675, .T. ) ;
#171 = EDGE_LOOP ( 'NONE', ( #250, #598, #2253, #2351 ) ) ;
#172 = ADVANCED_FACE ( 'NONE', ( #1865 ), #687, .T. ) ;
#173 = EDGE_CURVE ( 'NONE', #2274, #135, #1088, .T. ) ;
#174 = DIRECTION ( 'NONE',  ( 1.000000000000000000, 7.026728003956803297E-15, -6.587557503709502598E-16 ) ) ;
#175 = DIRECTION ( 'NONE',  ( 1.000000000000000000, 7.026728003956803297E-15, -6.587557503709502598E-16 ) ) ;
#176 = CARTESIAN_POINT ( 'NONE',  ( 26.87943088170123573, 16.46499470999135184, 4.640179395546089935 ) ) ;
#177 = CARTESIAN_POINT ( 'NONE',  ( 11.67943088170139454, 17.85999470999130878, 23.49445279872747960 ) ) ;
#178 = ORIENTED_EDGE ( 'NONE', *, *, #1797, .F. ) ;
#179 = ADVANCED_FACE ( 'NONE', ( #480 ), #279, .F. ) ;
#180 = LINE ( 'NONE', #735, #973 ) ;
#181 = CARTESIAN_POINT ( 'NONE',  ( 28.87943088170133166, 16.46499470999136605, 4.440179395546091534 ) ) ;
#182 = ORIENTED_EDGE ( 'NONE', *, *, #2397, .F. ) ;
#183 = DIRECTION ( 'NONE',  ( 6.938893903907233900E-15, -1.000000000000000000, 3.469446951953614189E-15 ) ) ;
#184 = DIRECTION ( 'NONE',  ( -7.097508525429686916E-15, 1.000000000000000000, -3.497202527569242313E-15 ) ) ;
#185 = ORIENTED_EDGE ( 'NONE', *, *, #2004, .F. ) ;
#186 = ORIENTED_EDGE ( 'NONE', *, *, #432, .T. ) ;
#187 = CARTESIAN_POINT ( 'NONE',  ( 28.07943088170118173, 12.85999470999128924, -15.40554720127248345 ) ) ;
#188 = CARTESIAN_POINT ( 'NONE',  ( 25.37943088170096928, 15.85999470999140115, 22.69445279872751087 ) ) ;
#189 = ORIENTED_EDGE ( 'NONE', *, *, #360, .T. ) ;
#190 = DIRECTION ( 'NONE',  ( 7.097508525429686916E-15, -1.000000000000000000, 3.497202527569242313E-15 ) ) ;
#191 = DIRECTION ( 'NONE',  ( -1.000000000000000000, -6.938893903907222067E-15, 0.000000000000000000 ) ) ;
#192 = ORIENTED_EDGE ( 'NONE', *, *, #2354, .T. ) ;
#193 = DIRECTION ( 'NONE',  ( -1.000000000000000000, -6.938893903907222067E-15, 0.000000000000000000 ) ) ;
#194 = FACE_OUTER_BOUND ( 'NONE', #2277, .T. ) ;
#195 = DIRECTION ( 'NONE',  ( -1.000000000000000000, -6.938893903907222067E-15, 0.000000000000000000 ) ) ;
#196 = EDGE_LOOP ( 'NONE', ( #2177, #186, #1676, #832 ) ) ;
#197 = VECTOR ( 'NONE', #190, 1000.000000000000000 ) ;
#198 = ORIENTED_EDGE ( 'NONE', *, *, #1041, .F. ) ;
#199 = FACE_OUTER_BOUND ( 'NONE', #770, .T. ) ;
#200 = DIRECTION ( 'NONE',  ( -7.097508525429686127E-15, 1.000000000000000000, -3.497202527569242313E-15 ) ) ;
#201 = DIRECTION ( 'NONE',  ( 7.097508525429687705E-15, -1.000000000000000000, 0.000000000000000000 ) ) ;
#202 = PLANE ( 'NONE',  #2383 ) ;
#203 = LINE ( 'NONE', #796, #1890 ) ;
#204 = CARTESIAN_POINT ( 'NONE',  ( 28.67943088170047616, 10.85999470999137628, 8.167504782520907725 ) ) ;
#205 = AXIS2_PLACEMENT_3D ( 'NONE', #364, #2137, #338 ) ;
#206 = CARTESIAN_POINT ( 'NONE',  ( 29.17943088170046195, 12.85999470999137806, 8.167504782520900619 ) ) ;
#207 = CARTESIAN_POINT ( 'NONE',  ( 10.47943088170152670, 12.85999470999117200, -13.10554720127232464 ) ) ;
#208 = CARTESIAN_POINT ( 'NONE',  ( 10.67943088170111388, 42.56652425765619796, 2.440179395545999608 ) ) ;
#209 = VECTOR ( 'NONE', #143, 1000.000000000000000 ) ;
#210 = AXIS2_PLACEMENT_3D ( 'NONE', #885, #2250, #1687 ) ;
#211 = ORIENTED_EDGE ( 'NONE', *, *, #694, .F. ) ;
#212 = CIRCLE ( 'NONE', #940, 2.000000000000005329 ) ;
#213 = TOROIDAL_SURFACE ( 'NONE', #2462, 0.9999999999999861222, 1.000000000000000000 ) ;
#214 = CIRCLE ( 'NONE', #532, 1.000000000000021760 ) ;
#215 = AXIS2_PLACEMENT_3D ( 'NONE', #1760, #553, #2522 ) ;
#216 = CARTESIAN_POINT ( 'NONE',  ( 19.87943088170121086, 17.46499470999127013, -4.559820604453906689 ) ) ;
#217 = ORIENTED_EDGE ( 'NONE', *, *, #2265, .F. ) ;
#218 = VERTEX_POINT ( 'NONE', #91 ) ;
#219 = DIRECTION ( 'NONE',  ( 0.000000000000000000, -1.000000000000000000, 3.497202527569245074E-15 ) ) ;
#220 = DIRECTION ( 'NONE',  ( 7.097508525429688494E-15, -1.000000000000000000, 3.497202527569242708E-15 ) ) ;
#221 = CARTESIAN_POINT ( 'NONE',  ( 15.37943088170089467, 26.05803373717689553, 22.09445279872762669 ) ) ;
#222 = ORIENTED_EDGE ( 'NONE', *, *, #1815, .F. ) ;
#223 = CARTESIAN_POINT ( 'NONE',  ( 10.57943088170151391, 12.85999470999124838, 7.667504782520900619 ) ) ;
#224 = DIRECTION ( 'NONE',  ( 0.000000000000000000, 0.000000000000000000, 1.000000000000000000 ) ) ;
#225 = CARTESIAN_POINT ( 'NONE',  ( 24.37943088170100481, 10.85999470999139049, 20.59445279872767642 ) ) ;
#226 = VERTEX_POINT ( 'NONE', #1513 ) ;
#227 = CARTESIAN_POINT ( 'NONE',  ( 13.37790327638491661, 15.85999470999127325, 10.11372225237001921 ) ) ;
#228 = EDGE_CURVE ( 'NONE', #1818, #582, #331, .T. ) ;
#229 = CARTESIAN_POINT ( 'NONE',  ( 29.67943088170046195, 12.85999470999137984, 7.667504782520900619 ) ) ;
#230 = EDGE_CURVE ( 'NONE', #809, #2289, #410, .T. ) ;
#231 = CARTESIAN_POINT ( 'NONE',  ( 26.87943088170115757, 42.56652425765630454, 2.440179395546032026 ) ) ;
#232 = ORIENTED_EDGE ( 'NONE', *, *, #891, .T. ) ;
#233 = EDGE_LOOP ( 'NONE', ( #1635, #958, #2190, #1789 ) ) ;
#234 = CARTESIAN_POINT ( 'NONE',  ( 28.07943088170118884, 17.85999470999142247, 23.49445279872751868 ) ) ;
#235 = EDGE_CURVE ( 'NONE', #518, #1851, #1566, .T. ) ;
#236 = VERTEX_POINT ( 'NONE', #2454 ) ;
#237 = FACE_OUTER_BOUND ( 'NONE', #978, .T. ) ;
#238 = FACE_OUTER_BOUND ( 'NONE', #1957, .T. ) ;
#239 = ORIENTED_EDGE ( 'NONE', *, *, #759, .F. ) ;
#240 = VERTEX_POINT ( 'NONE', #1875 ) ;
#241 = VECTOR ( 'NONE', #1465, 1000.000000000000000 ) ;
#242 = CARTESIAN_POINT ( 'NONE',  ( 27.67943088170047616, 10.85999470999140826, 19.66750478252090772 ) ) ;
#243 = ADVANCED_FACE ( 'NONE', ( #898 ), #920, .F. ) ;
#244 = VECTOR ( 'NONE', #2488, 1000.000000000000000 ) ;
#245 = AXIS2_PLACEMENT_3D ( 'NONE', #928, #1721, #2310 ) ;
#246 = EDGE_CURVE ( 'NONE', #79, #2307, #1481, .T. ) ;
#247 = DIRECTION ( 'NONE',  ( 6.982962677686266711E-15, -1.000000000000000000, 3.491481338843133355E-15 ) ) ;
#248 = VECTOR ( 'NONE', #1037, 1000.000000000000000 ) ;
#249 = AXIS2_PLACEMENT_3D ( 'NONE', #2503, #184, #195 ) ;
#250 = ORIENTED_EDGE ( 'NONE', *, *, #173, .F. ) ;
#251 = ADVANCED_FACE ( 'NONE', ( #303 ), #137, .F. ) ;
#252 = VECTOR ( 'NONE', #1593, 1000.000000000000000 ) ;
#253 = LINE ( 'NONE', #1029, #1437 ) ;
#254 = EDGE_CURVE ( 'NONE', #1283, #2264, #497, .T. ) ;
#255 = DIRECTION ( 'NONE',  ( 1.000000000000000000, 6.938893903907245733E-15, 0.000000000000000000 ) ) ;
#256 = CARTESIAN_POINT ( 'NONE',  ( 11.07943088170152990, 10.85999470999129102, 19.16750478252090772 ) ) ;
#257 = ORIENTED_EDGE ( 'NONE', *, *, #509, .T. ) ;
#258 = LINE ( 'NONE', #1060, #2188 ) ;
#259 = DIRECTION ( 'NONE',  ( 7.097508525429686916E-15, -1.000000000000000000, 0.000000000000000000 ) ) ;
#260 = DIRECTION ( 'NONE',  ( 1.969954345601289832E-31, -3.497202527569242313E-15, -1.000000000000000000 ) ) ;
#261 = EDGE_CURVE ( 'NONE', #162, #1434, #702, .T. ) ;
#262 = ORIENTED_EDGE ( 'NONE', *, *, #2408, .F. ) ;
#263 = LINE ( 'NONE', #1072, #737 ) ;
#264 = FACE_OUTER_BOUND ( 'NONE', #171, .T. ) ;
#265 = ORIENTED_EDGE ( 'NONE', *, *, #2510, .F. ) ;
#266 = VERTEX_POINT ( 'NONE', #1096 ) ;
#267 = CARTESIAN_POINT ( 'NONE',  ( 10.47943088170140946, 15.85999470999129457, 21.19445279872749310 ) ) ;
#268 = DIRECTION ( 'NONE',  ( 7.097508525429697960E-15, -1.000000000000000000, 0.000000000000000000 ) ) ;
#269 = FACE_OUTER_BOUND ( 'NONE', #474, .T. ) ;
#270 = ORIENTED_EDGE ( 'NONE', *, *, #2270, .T. ) ;
#271 = CIRCLE ( 'NONE', #1800, 0.5000000000000004441 ) ;
#272 = FACE_OUTER_BOUND ( 'NONE', #1271, .T. ) ;
#273 = LINE ( 'NONE', #121, #365 ) ;
#274 = ORIENTED_EDGE ( 'NONE', *, *, #1629, .F. ) ;
#275 = EDGE_CURVE ( 'NONE', #218, #2052, #452, .T. ) ;
#276 = ORIENTED_EDGE ( 'NONE', *, *, #1272, .T. ) ;
#277 = ADVANCED_FACE ( 'NONE', ( #1700 ), #2478, .T. ) ;
#278 = DIRECTION ( 'NONE',  ( 1.000000000000000000, 6.938893903907222067E-15, 0.000000000000000000 ) ) ;
#279 = CYLINDRICAL_SURFACE ( 'NONE', #120, 2.500000000000002220 ) ;
#280 = EDGE_CURVE ( 'NONE', #2289, #1671, #2285, .T. ) ;
#281 = CIRCLE ( 'NONE', #2494, 1.500000000000001332 ) ;
#282 = CARTESIAN_POINT ( 'NONE',  ( 15.37943088170098704, 12.85999470999133365, 22.59445279872767287 ) ) ;
#283 = AXIS2_PLACEMENT_3D ( 'NONE', #104, #887, #1065 ) ;
#284 = VECTOR ( 'NONE', #436, 1000.000000000000000 ) ;
#285 = ORIENTED_EDGE ( 'NONE', *, *, #572, .F. ) ;
#286 = VECTOR ( 'NONE', #319, 1000.000000000000000 ) ;
#287 = VECTOR ( 'NONE', #1201, 1000.000000000000000 ) ;
#288 = CARTESIAN_POINT ( 'NONE',  ( 11.67943088170139454, 17.85999470999118088, -13.40554720127250654 ) ) ;
#289 = DIRECTION ( 'NONE',  ( 7.097508525429687705E-15, -1.000000000000000000, 3.469446951953612217E-15 ) ) ;
#290 = FACE_OUTER_BOUND ( 'NONE', #765, .T. ) ;
#291 = ORIENTED_EDGE ( 'NONE', *, *, #92, .T. ) ;
#292 = CARTESIAN_POINT ( 'NONE',  ( 14.87790327638489885, 18.56140338681651869, 10.11372225237001388 ) ) ;
#293 = CARTESIAN_POINT ( 'NONE',  ( -7.503912184657747973E-14, 10.85999470999114713, -3.762266439357988536E-14 ) ) ;
#294 = ORIENTED_EDGE ( 'NONE', *, *, #1920, .F. ) ;
#295 = DIRECTION ( 'NONE',  ( 6.982962677686266711E-15, -1.000000000000000000, 3.491481338843133355E-15 ) ) ;
#296 = EDGE_LOOP ( 'NONE', ( #2043, #1137, #217, #731 ) ) ;
#297 = CARTESIAN_POINT ( 'NONE',  ( 10.47943088170140946, 15.85999470999129457, 21.19445279872749310 ) ) ;
#298 = LINE ( 'NONE', #917, #317 ) ;
#299 = ORIENTED_EDGE ( 'NONE', *, *, #429, .F. ) ;
#300 = ADVANCED_FACE ( 'NONE', ( #2102 ), #1559, .T. ) ;
#301 = EDGE_CURVE ( 'NONE', #1804, #79, #1642, .T. ) ;
#302 = DIRECTION ( 'NONE',  ( -1.000000000000000000, -7.097508525429686916E-15, 5.547074552977611617E-31 ) ) ;
#303 = FACE_OUTER_BOUND ( 'NONE', #431, .T. ) ;
#304 = VERTEX_POINT ( 'NONE', #1962 ) ;
#305 = SURFACE_SIDE_STYLE ('',( #385 ) ) ;
#306 = EDGE_CURVE ( 'NONE', #921, #79, #2518, .T. ) ;
#307 = VERTEX_POINT ( 'NONE', #2532 ) ;
#308 = CARTESIAN_POINT ( 'NONE',  ( 26.87943088170132455, 16.46499470999135184, 4.640179395546089935 ) ) ;
#309 = CIRCLE ( 'NONE', #2048, 0.5000000000000004441 ) ;
#310 = ORIENTED_EDGE ( 'NONE', *, *, #1350, .T. ) ;
#311 = DIRECTION ( 'NONE',  ( 7.097508525429686127E-15, -1.000000000000000000, 3.497202527569242313E-15 ) ) ;
#312 = DIRECTION ( 'NONE',  ( 7.097508525429686127E-15, -1.000000000000000000, 3.497202527569242313E-15 ) ) ;
#313 = ORIENTED_EDGE ( 'NONE', *, *, #893, .T. ) ;
#314 =( NAMED_UNIT ( * ) SI_UNIT ( $, .STERADIAN. ) SOLID_ANGLE_UNIT ( ) );
#315 = EDGE_CURVE ( 'NONE', #586, #348, #322, .T. ) ;
#316 = ORIENTED_EDGE ( 'NONE', *, *, #698, .F. ) ;
#317 = VECTOR ( 'NONE', #1707, 1000.000000000000000 ) ;
#318 = CARTESIAN_POINT ( 'NONE',  ( 14.37943088170096573, 15.85999470999132477, 22.69445279872752153 ) ) ;
#319 = DIRECTION ( 'NONE',  ( -7.097508525429686127E-15, 1.000000000000000000, -3.497202527569242313E-15 ) ) ;
#320 = EDGE_CURVE ( 'NONE', #1496, #153, #1185, .T. ) ;
#321 = CIRCLE ( 'NONE', #2223, 7.500000000000003553 ) ;
#322 = CIRCLE ( 'NONE', #728, 1.000000000000004441 ) ;
#323 = DIRECTION ( 'NONE',  ( 2.426671729927918576E-29, -3.497202527569242313E-15, -1.000000000000000000 ) ) ;
#324 = DIRECTION ( 'NONE',  ( -6.938893903907198401E-15, 1.000000000000000000, -3.469446951953613006E-15 ) ) ;
#325 = VECTOR ( 'NONE', #1512, 1000.000000000000000 ) ;
#326 = AXIS2_PLACEMENT_3D ( 'NONE', #1665, #488, #2067 ) ;
#327 = ADVANCED_FACE ( 'NONE', ( #976 ), #1534, .F. ) ;
#328 = ORIENTED_EDGE ( 'NONE', *, *, #1782, .F. ) ;
#329 = AXIS2_PLACEMENT_3D ( 'NONE', #346, #1330, #2151 ) ;
#330 = DIRECTION ( 'NONE',  ( 2.849902853390469249E-15, -3.593355771666244281E-15, -1.000000000000000000 ) ) ;
#331 = LINE ( 'NONE', #1470, #617 ) ;
#332 = ORIENTED_EDGE ( 'NONE', *, *, #1597, .F. ) ;
#333 = ORIENTED_EDGE ( 'NONE', *, *, #390, .T. ) ;
#334 = DIRECTION ( 'NONE',  ( -6.938893903907222067E-15, 1.000000000000000000, 0.000000000000000000 ) ) ;
#335 = CARTESIAN_POINT ( 'NONE',  ( 27.77943088170117747, 12.85999470999141892, 22.69445279872752153 ) ) ;
#336 = EDGE_CURVE ( 'NONE', #423, #1475, #2186, .T. ) ;
#337 = DIRECTION ( 'NONE',  ( -7.097508525429686916E-15, 1.000000000000000000, -3.497202527569242313E-15 ) ) ;
#338 = DIRECTION ( 'NONE',  ( 1.000000000000000000, 6.938893903907222067E-15, 0.000000000000000000 ) ) ;
#339 = DIRECTION ( 'NONE',  ( -7.097508525429687705E-15, 1.000000000000000000, -3.497202527569242313E-15 ) ) ;
#340 = EDGE_CURVE ( 'NONE', #440, #345, #1770, .T. ) ;
#341 = ORIENTED_EDGE ( 'NONE', *, *, #390, .F. ) ;
#342 = CARTESIAN_POINT ( 'NONE',  ( 29.17943088170047616, 10.85999470999137984, 8.167504782520907725 ) ) ;
#343 = DIRECTION ( 'NONE',  ( 1.000000000000000000, 6.938893903907222067E-15, 0.000000000000000000 ) ) ;
#344 = ORIENTED_EDGE ( 'NONE', *, *, #539, .T. ) ;
#345 = VERTEX_POINT ( 'NONE', #2171 ) ;
#346 = CARTESIAN_POINT ( 'NONE',  ( 12.87943088170125883, 15.85999470999124483, 2.440179395546140384 ) ) ;
#347 = CARTESIAN_POINT ( 'NONE',  ( 27.77943088170116326, 15.85999470999129457, -13.10554720127249340 ) ) ;
#348 = VERTEX_POINT ( 'NONE', #578 ) ;
#349 = DIRECTION ( 'NONE',  ( -7.097508525429687705E-15, 1.000000000000000000, -3.469446951953612217E-15 ) ) ;
#350 = FACE_OUTER_BOUND ( 'NONE', #2535, .T. ) ;
#351 = EDGE_CURVE ( 'NONE', #1500, #1442, #149, .T. ) ;
#352 = ORIENTED_EDGE ( 'NONE', *, *, #1880, .T. ) ;
#353 = CARTESIAN_POINT ( 'NONE',  ( 10.97943088170141301, 15.85999470999129457, 20.16750478252088996 ) ) ;
#354 = DIRECTION ( 'NONE',  ( 7.097508525429686916E-15, -1.000000000000000000, 3.497202527569242313E-15 ) ) ;
#355 = ADVANCED_FACE ( 'NONE', ( #931 ), #2128, .T. ) ;
#356 = AXIS2_PLACEMENT_3D ( 'NONE', #981, #2537, #1924 ) ;
#357 = ADVANCED_FACE ( 'NONE', ( #549 ), #1154, .T. ) ;
#358 = ORIENTED_EDGE ( 'NONE', *, *, #759, .T. ) ;
#359 = ORIENTED_EDGE ( 'NONE', *, *, #2242, .T. ) ;
#360 = EDGE_CURVE ( 'NONE', #1358, #1146, #1279, .T. ) ;
#361 = LINE ( 'NONE', #1162, #2424 ) ;
#362 = FACE_OUTER_BOUND ( 'NONE', #105, .T. ) ;
#363 = ORIENTED_EDGE ( 'NONE', *, *, #421, .F. ) ;
#364 = CARTESIAN_POINT ( 'NONE',  ( 25.37943088170099060, 12.85999470999140293, 22.19445279872752153 ) ) ;
#365 = VECTOR ( 'NONE', #503, 1000.000000000000000 ) ;
#366 = DIRECTION ( 'NONE',  ( 7.097508525429690072E-15, -1.000000000000000000, 3.497202527569242708E-15 ) ) ;
#367 = VECTOR ( 'NONE', #349, 1000.000000000000000 ) ;
#368 = AXIS2_PLACEMENT_3D ( 'NONE', #666, #831, #1253 ) ;
#369 = ORIENTED_EDGE ( 'NONE', *, *, #1352, .T. ) ;
#370 = DIRECTION ( 'NONE',  ( 1.000000000000000000, 6.938893903907222067E-15, 0.000000000000000000 ) ) ;
#371 = CIRCLE ( 'NONE', #654, 2.199999999999997069 ) ;
#372 = VECTOR ( 'NONE', #526, 1000.000000000000000 ) ;
#373 = DIRECTION ( 'NONE',  ( -1.000000000000000000, -7.026728003956828540E-15, 8.673617379884210599E-15 ) ) ;
#374 = AXIS2_PLACEMENT_3D ( 'NONE', #2204, #1990, #628 ) ;
#375 = EDGE_LOOP ( 'NONE', ( #70, #276, #1632, #1068, #1121, #2037 ) ) ;
#376 = ORIENTED_EDGE ( 'NONE', *, *, #1132, .T. ) ;
#377 = CARTESIAN_POINT ( 'NONE',  ( 25.37943088170096928, 15.85999470999140115, 22.69445279872751087 ) ) ;
#378 = DIRECTION ( 'NONE',  ( 0.000000000000000000, 1.000000000000000000, -3.469446951953611033E-15 ) ) ;
#379 = CYLINDRICAL_SURFACE ( 'NONE', #1850, 0.5000000000000004441 ) ;
#380 = ORIENTED_EDGE ( 'NONE', *, *, #683, .T. ) ;
#381 = DIRECTION ( 'NONE',  ( 7.097508525429686916E-15, -1.000000000000000000, 3.497202527569242313E-15 ) ) ;
#382 = CARTESIAN_POINT ( 'NONE',  ( 15.37943088170100125, 10.85999470999132832, 21.09445279872767642 ) ) ;
#383 = ORIENTED_EDGE ( 'NONE', *, *, #2416, .F. ) ;
#384 = LINE ( 'NONE', #396, #1894 ) ;
#385 = SURFACE_STYLE_FILL_AREA ( #397 ) ;
#386 = CARTESIAN_POINT ( 'NONE',  ( 28.67943088170047616, 10.85999470999141536, 19.66750478252090772 ) ) ;
#387 = ORIENTED_EDGE ( 'NONE', *, *, #2197, .F. ) ;
#388 = ORIENTED_EDGE ( 'NONE', *, *, #1702, .T. ) ;
#389 = LINE ( 'NONE', #2162, #1436 ) ;
#390 = EDGE_CURVE ( 'NONE', #2426, #2287, #1930, .T. ) ;
#391 = CARTESIAN_POINT ( 'NONE',  ( 28.07943088170117107, 17.85999470999141536, 21.49445279872749381 ) ) ;
#392 = PLANE ( 'NONE',  #1067 ) ;
#393 = ORIENTED_EDGE ( 'NONE', *, *, #593, .F. ) ;
#394 = DIRECTION ( 'NONE',  ( -3.009265538105061065E-29, 3.469446951953617344E-15, 1.000000000000000000 ) ) ;
#395 = ORIENTED_EDGE ( 'NONE', *, *, #1695, .F. ) ;
#396 = CARTESIAN_POINT ( 'NONE',  ( 30.07943088170119594, 16.85999470999142957, 21.49445279872749026 ) ) ;
#397 = FILL_AREA_STYLE ('',( #723 ) ) ;
#398 = DIRECTION ( 'NONE',  ( 1.000000000000000000, 7.097508525429686916E-15, -5.547074552977806923E-31 ) ) ;
#399 = ORIENTED_EDGE ( 'NONE', *, *, #2527, .F. ) ;
#400 = CARTESIAN_POINT ( 'NONE',  ( 29.07943088170111778, 42.56652425765627612, -11.55982060445390758 ) ) ;
#401 = DIRECTION ( 'NONE',  ( 1.000000000000000000, 0.000000000000000000, 0.000000000000000000 ) ) ;
#402 = FACE_OUTER_BOUND ( 'NONE', #456, .T. ) ;
#403 = ORIENTED_EDGE ( 'NONE', *, *, #2332, .F. ) ;
#404 = VECTOR ( 'NONE', #1571, 1000.000000000000000 ) ;
#405 = CARTESIAN_POINT ( 'NONE',  ( 28.07943088170118529, 16.85999470999141892, 22.49445279872751868 ) ) ;
#406 = DIRECTION ( 'NONE',  ( 9.941108744852783528E-17, -3.497202527569241525E-15, -1.000000000000000000 ) ) ;
#407 = LINE ( 'NONE', #905, #1569 ) ;
#408 = VECTOR ( 'NONE', #295, 1000.000000000000000 ) ;
#409 = ORIENTED_EDGE ( 'NONE', *, *, #951, .T. ) ;
#410 = CIRCLE ( 'NONE', #1441, 1.500000000000001332 ) ;
#411 = ORIENTED_EDGE ( 'NONE', *, *, #1987, .F. ) ;
#412 = AXIS2_PLACEMENT_3D ( 'NONE', #1076, #1636, #1252 ) ;
#413 = CIRCLE ( 'NONE', #861, 1.000000000000000888 ) ;
#414 = AXIS2_PLACEMENT_3D ( 'NONE', #1055, #1816, #255 ) ;
#415 = AXIS2_PLACEMENT_3D ( 'NONE', #2326, #1956, #2512 ) ;
#416 = DIRECTION ( 'NONE',  ( -1.969954345601121676E-31, 3.497202527569242313E-15, 1.000000000000000000 ) ) ;
#417 = DIRECTION ( 'NONE',  ( 7.097508525429686916E-15, -1.000000000000000000, 3.497202527569242313E-15 ) ) ;
#418 = ORIENTED_EDGE ( 'NONE', *, *, #2445, .F. ) ;
#419 = EDGE_CURVE ( 'NONE', #1383, #2358, #2334, .T. ) ;
#420 = PLANE ( 'NONE',  #1486 ) ;
#421 = EDGE_CURVE ( 'NONE', #551, #1211, #786, .T. ) ;
#422 = FACE_BOUND ( 'NONE', #962, .T. ) ;
#423 = VERTEX_POINT ( 'NONE', #1974 ) ;
#424 = DIRECTION ( 'NONE',  ( 7.097508525429686916E-15, -1.000000000000000000, 3.497202527569242313E-15 ) ) ;
#425 = ORIENTED_EDGE ( 'NONE', *, *, #306, .F. ) ;
#426 = VERTEX_POINT ( 'NONE', #960 ) ;
#427 = ORIENTED_EDGE ( 'NONE', *, *, #2217, .F. ) ;
#428 = FACE_OUTER_BOUND ( 'NONE', #754, .T. ) ;
#429 = EDGE_CURVE ( 'NONE', #16, #1296, #1237, .T. ) ;
#430 = CARTESIAN_POINT ( 'NONE',  ( 28.07943088170117107, 17.85999470999141536, 21.49445279872749381 ) ) ;
#431 = EDGE_LOOP ( 'NONE', ( #2209, #87, #1462, #1342, #1633, #706, #1837, #1866 ) ) ;
#432 = EDGE_CURVE ( 'NONE', #933, #1278, #15, .T. ) ;
#433 = ORIENTED_EDGE ( 'NONE', *, *, #437, .F. ) ;
#434 = CARTESIAN_POINT ( 'NONE',  ( 12.57943088170152812, 10.85999470999129990, 19.16750478252090772 ) ) ;
#435 = EDGE_CURVE ( 'NONE', #135, #1697, #1319, .T. ) ;
#436 = DIRECTION ( 'NONE',  ( 7.097508525429686916E-15, -1.000000000000000000, 3.497202527569242313E-15 ) ) ;
#437 = EDGE_CURVE ( 'NONE', #1656, #266, #1044, .T. ) ;
#438 = DIRECTION ( 'NONE',  ( -7.097508525429686127E-15, 1.000000000000000000, 0.000000000000000000 ) ) ;
#439 = EDGE_CURVE ( 'NONE', #2098, #12, #214, .T. ) ;
#440 = VERTEX_POINT ( 'NONE', #615 ) ;
#441 = DIRECTION ( 'NONE',  ( -1.000000000000000000, -6.938893903907233900E-15, 0.000000000000000000 ) ) ;
#442 = PLANE ( 'NONE',  #1066 ) ;
#443 = CARTESIAN_POINT ( 'NONE',  ( 26.87943088170127126, 16.46499470999128789, -13.75982060445391220 ) ) ;
#444 = ORIENTED_EDGE ( 'NONE', *, *, #893, .F. ) ;
#445 = LINE ( 'NONE', #1234, #2299 ) ;
#446 = VERTEX_POINT ( 'NONE', #1993 ) ;
#447 = CYLINDRICAL_SURFACE ( 'NONE', #1236, 1.500000000000001332 ) ;
#448 = AXIS2_PLACEMENT_3D ( 'NONE', #1113, #2090, #2106 ) ;
#449 = CIRCLE ( 'NONE', #1476, 1.500000000000001332 ) ;
#450 = CARTESIAN_POINT ( 'NONE',  ( 19.87943088170121442, 16.46499470999127013, -4.559820604453904913 ) ) ;
#451 = VECTOR ( 'NONE', #2389, 1000.000000000000000 ) ;
#452 = CIRCLE ( 'NONE', #1729, 0.5000000000000004441 ) ;
#453 = CARTESIAN_POINT ( 'NONE',  ( 29.27943088170120589, 12.85999470999137628, 7.167504782520900619 ) ) ;
#454 = CIRCLE ( 'NONE', #39, 1.500000000000001332 ) ;
#455 = AXIS2_PLACEMENT_3D ( 'NONE', #1939, #2306, #1117 ) ;
#456 = EDGE_LOOP ( 'NONE', ( #950, #1767 ) ) ;
#457 = AXIS2_PLACEMENT_3D ( 'NONE', #840, #1630, #2407 ) ;
#458 = LINE ( 'NONE', #2044, #1523 ) ;
#459 = CYLINDRICAL_SURFACE ( 'NONE', #123, 2.199999999999965983 ) ;
#460 = ORIENTED_EDGE ( 'NONE', *, *, #1602, .F. ) ;
#461 = ORIENTED_EDGE ( 'NONE', *, *, #2451, .T. ) ;
#462 = DIRECTION ( 'NONE',  ( 7.097508525429688494E-15, -1.000000000000000000, 3.497202527569242708E-15 ) ) ;
#463 = CARTESIAN_POINT ( 'NONE',  ( 27.67943088170047616, 10.85999470999136740, 7.667504782520907725 ) ) ;
#464 = CYLINDRICAL_SURFACE ( 'NONE', #1517, 1.500000000000001332 ) ;
#465 = ORIENTED_EDGE ( 'NONE', *, *, #1739, .F. ) ;
#466 = EDGE_CURVE ( 'NONE', #669, #95, #165, .T. ) ;
#467 = FACE_OUTER_BOUND ( 'NONE', #914, .T. ) ;
#468 = ORIENTED_EDGE ( 'NONE', *, *, #1131, .T. ) ;
#469 = ORIENTED_EDGE ( 'NONE', *, *, #1136, .F. ) ;
#470 = VERTEX_POINT ( 'NONE', #1218 ) ;
#471 = CARTESIAN_POINT ( 'NONE',  ( 12.87943088170115047, 42.56652425765615533, -11.55982060445399817 ) ) ;
#472 = FACE_OUTER_BOUND ( 'NONE', #1261, .T. ) ;
#473 = CARTESIAN_POINT ( 'NONE',  ( 11.97943088170150538, 15.85999470999117911, -14.60554720127233352 ) ) ;
#474 = EDGE_LOOP ( 'NONE', ( #316, #719, #808, #2279 ) ) ;
#475 = ORIENTED_EDGE ( 'NONE', *, *, #1733, .T. ) ;
#476 = CARTESIAN_POINT ( 'NONE',  ( 12.57943088170149437, 15.85999470999126260, 7.667504782520890849 ) ) ;
#477 = CARTESIAN_POINT ( 'NONE',  ( 24.37943088170100481, 10.85999470999139582, 22.09445279872768353 ) ) ;
#478 = ORIENTED_EDGE ( 'NONE', *, *, #1766, .F. ) ;
#479 = LINE ( 'NONE', #2215, #1405 ) ;
#480 = FACE_OUTER_BOUND ( 'NONE', #1289, .T. ) ;
#481 = VERTEX_POINT ( 'NONE', #638 ) ;
#482 = VECTOR ( 'NONE', #807, 1000.000000000000000 ) ;
#483 = CARTESIAN_POINT ( 'NONE',  ( 28.77943088170118457, 15.85999470999136918, 7.167504782520889961 ) ) ;
#484 = ORIENTED_EDGE ( 'NONE', *, *, #629, .F. ) ;
#485 = AXIS2_PLACEMENT_3D ( 'NONE', #1949, #1976, #1435 ) ;
#486 = AXIS2_PLACEMENT_3D ( 'NONE', #2110, #117, #915 ) ;
#487 = PRODUCT_DEFINITION_SHAPE ( 'NONE', 'NONE',  #766 ) ;
#488 = DIRECTION ( 'NONE',  ( -7.097508525429686127E-15, 1.000000000000000000, -3.497202527569242313E-15 ) ) ;
#489 = ADVANCED_FACE ( 'NONE', ( #1678 ), #647, .T. ) ;
#490 = DIRECTION ( 'NONE',  ( 1.000000000000000000, 7.097508525429687705E-15, -2.462442932001683756E-29 ) ) ;
#491 = AXIS2_PLACEMENT_3D ( 'NONE', #1340, #1756, #219 ) ;
#492 = ADVANCED_FACE ( 'NONE', ( #422, #2387, #2014, #238 ), #2183, .F. ) ;
#493 = CARTESIAN_POINT ( 'NONE',  ( 29.27943088170115971, 15.85999470999130345, -13.10554720127248984 ) ) ;
#494 = ORIENTED_EDGE ( 'NONE', *, *, #437, .T. ) ;
#495 = ADVANCED_FACE ( 'NONE', ( #23 ), #2229, .F. ) ;
#496 = DIRECTION ( 'NONE',  ( 7.097508525429686916E-15, -1.000000000000000000, 3.497202527569242313E-15 ) ) ;
#497 = LINE ( 'NONE', #2469, #1846 ) ;
#498 = VERTEX_POINT ( 'NONE', #2026 ) ;
#499 = LINE ( 'NONE', #1290, #2021 ) ;
#500 = ORIENTED_EDGE ( 'NONE', *, *, #170, .T. ) ;
#501 = LINE ( 'NONE', #2093, #286 ) ;
#502 = ORIENTED_EDGE ( 'NONE', *, *, #254, .T. ) ;
#503 = DIRECTION ( 'NONE',  ( 7.097508525429686916E-15, -1.000000000000000000, 3.497202527569242313E-15 ) ) ;
#504 = ORIENTED_EDGE ( 'NONE', *, *, #2089, .F. ) ;
#505 = ADVANCED_FACE ( 'NONE', ( #813 ), #459, .F. ) ;
#506 = LINE ( 'NONE', #2099, #657 ) ;
#507 = DIRECTION ( 'NONE',  ( 7.097508525429686127E-15, -1.000000000000000000, 3.497202527569242313E-15 ) ) ;
#508 = ORIENTED_EDGE ( 'NONE', *, *, #261, .F. ) ;
#509 = EDGE_CURVE ( 'NONE', #751, #2321, #1148, .T. ) ;
#510 = ORIENTED_EDGE ( 'NONE', *, *, #1739, .T. ) ;
#511 = EDGE_CURVE ( 'NONE', #2114, #112, #1690, .T. ) ;
#512 = CARTESIAN_POINT ( 'NONE',  ( 11.67943088170139454, 17.85999470999118088, -13.40554720127250654 ) ) ;
#513 = VECTOR ( 'NONE', #969, 1000.000000000000000 ) ;
#514 = CARTESIAN_POINT ( 'NONE',  ( 27.17943088170044419, 15.85999470999136918, 8.167504782520891737 ) ) ;
#515 = ORIENTED_EDGE ( 'NONE', *, *, #1698, .F. ) ;
#516 = CARTESIAN_POINT ( 'NONE',  ( 10.57943088170152812, 10.85999470999124661, 7.667504782520907725 ) ) ;
#517 = CARTESIAN_POINT ( 'NONE',  ( 13.37790327638489707, 18.56140338681651158, 10.11372225237001388 ) ) ;
#518 = VERTEX_POINT ( 'NONE', #443 ) ;
#519 = EDGE_CURVE ( 'NONE', #1102, #1496, #1370, .T. ) ;
#520 = CARTESIAN_POINT ( 'NONE',  ( 28.07943088170119594, 16.85999470999142247, 23.49445279872752224 ) ) ;
#521 = ORIENTED_EDGE ( 'NONE', *, *, #1165, .F. ) ;
#522 = AXIS2_PLACEMENT_3D ( 'NONE', #477, #869, #684 ) ;
#523 = DIRECTION ( 'NONE',  ( -1.000000000000000000, -6.938893903907233900E-15, 2.522337235784670728E-44 ) ) ;
#524 = CIRCLE ( 'NONE', #690, 2.500000000000002220 ) ;
#525 = VECTOR ( 'NONE', #398, 1000.000000000000000 ) ;
#526 = DIRECTION ( 'NONE',  ( 1.000000000000000000, 7.097508525429686916E-15, -5.547074552977611617E-31 ) ) ;
#527 = VECTOR ( 'NONE', #2210, 1000.000000000000000 ) ;
#528 = VECTOR ( 'NONE', #1825, 1000.000000000000000 ) ;
#529 = CARTESIAN_POINT ( 'NONE',  ( 24.87943088170096928, 15.85999470999140115, 22.19445279872751087 ) ) ;
#530 = LINE ( 'NONE', #908, #241 ) ;
#531 = CIRCLE ( 'NONE', #2228, 0.5000000000000004441 ) ;
#532 = AXIS2_PLACEMENT_3D ( 'NONE', #430, #1408, #2460 ) ;
#533 = ORIENTED_EDGE ( 'NONE', *, *, #228, .F. ) ;
#534 = DIRECTION ( 'NONE',  ( -0.000000000000000000, -3.469446951953614189E-15, -1.000000000000000000 ) ) ;
#535 = DIRECTION ( 'NONE',  ( -7.097508525429686127E-15, 1.000000000000000000, -3.497202527569242313E-15 ) ) ;
#536 = ORIENTED_EDGE ( 'NONE', *, *, #2476, .F. ) ;
#537 = CARTESIAN_POINT ( 'NONE',  ( 11.67943088170140875, 12.85999470999130168, 21.49445279872750092 ) ) ;
#538 = ORIENTED_EDGE ( 'NONE', *, *, #228, .T. ) ;
#539 = EDGE_CURVE ( 'NONE', #1872, #1412, #904, .T. ) ;
#540 = FACE_OUTER_BOUND ( 'NONE', #1823, .T. ) ;
#541 = EDGE_LOOP ( 'NONE', ( #427, #2230, #2446, #1454 ) ) ;
#542 = CARTESIAN_POINT ( 'NONE',  ( 28.67943088170046195, 12.85999470999137273, 7.667504782520900619 ) ) ;
#543 = ADVANCED_FACE ( 'NONE', ( #264 ), #57, .F. ) ;
#544 = LINE ( 'NONE', #1543, #2255 ) ;
#545 = EDGE_CURVE ( 'NONE', #1646, #1511, #407, .T. ) ;
#546 = DIRECTION ( 'NONE',  ( -7.097508525429687705E-15, 1.000000000000000000, -3.497202527569242708E-15 ) ) ;
#547 = ORIENTED_EDGE ( 'NONE', *, *, #1919, .T. ) ;
#548 = LINE ( 'NONE', #711, #2385 ) ;
#549 = FACE_OUTER_BOUND ( 'NONE', #49, .T. ) ;
#550 = EDGE_CURVE ( 'NONE', #2292, #1549, #131, .T. ) ;
#551 = VERTEX_POINT ( 'NONE', #716 ) ;
#552 = CARTESIAN_POINT ( 'NONE',  ( 11.67943088170139454, 17.85999470999130168, 21.49445279872749381 ) ) ;
#553 = DIRECTION ( 'NONE',  ( 7.097508525429686916E-15, -1.000000000000000000, 3.497202527569242313E-15 ) ) ;
#554 = DIRECTION ( 'NONE',  ( -7.097508525429687705E-15, 1.000000000000000000, -3.497202527569242313E-15 ) ) ;
#555 = CARTESIAN_POINT ( 'NONE',  ( 10.67943088170141763, 17.85999470999129457, 21.49445279872751158 ) ) ;
#556 = LINE ( 'NONE', #177, #1887 ) ;
#557 = ORIENTED_EDGE ( 'NONE', *, *, #2010, .F. ) ;
#558 = LINE ( 'NONE', #1348, #513 ) ;
#559 = ORIENTED_EDGE ( 'NONE', *, *, #1797, .T. ) ;
#560 = DIRECTION ( 'NONE',  ( -1.000000000000000000, -7.097508525429693227E-15, -1.692413147294466875E-15 ) ) ;
#561 = CARTESIAN_POINT ( 'NONE',  ( 11.67943088170139454, 17.85999470999130168, 21.49445279872749381 ) ) ;
#562 = PLANE ( 'NONE',  #485 ) ;
#563 = EDGE_LOOP ( 'NONE', ( #2047, #827, #1164, #461 ) ) ;
#564 = CARTESIAN_POINT ( 'NONE',  ( 29.07943088170118173, 16.85999470999130168, -13.40554720127248700 ) ) ;
#565 = ORIENTED_EDGE ( 'NONE', *, *, #2257, .F. ) ;
#566 = CARTESIAN_POINT ( 'NONE',  ( 11.67943088170140875, 12.85999470999130878, 23.49445279872748671 ) ) ;
#567 = LINE ( 'NONE', #795, #1853 ) ;
#568 = ORIENTED_EDGE ( 'NONE', *, *, #2113, .T. ) ;
#569 = CARTESIAN_POINT ( 'NONE',  ( 11.07943088170152812, 10.85999470999125371, 8.167504782520907725 ) ) ;
#570 = VECTOR ( 'NONE', #2295, 1000.000000000000000 ) ;
#571 = PLANE ( 'NONE',  #1057 ) ;
#572 = EDGE_CURVE ( 'NONE', #1595, #751, #1911, .T. ) ;
#573 = DIRECTION ( 'NONE',  ( -0.000000000000000000, -3.469446951953614189E-15, -1.000000000000000000 ) ) ;
#574 = PRESENTATION_LAYER_ASSIGNMENT (  '', '', ( #2220 ) ) ;
#575 = VERTEX_POINT ( 'NONE', #318 ) ;
#576 = CARTESIAN_POINT ( 'NONE',  ( 10.47943088170150716, 15.85999470999117200, -13.10554720127233352 ) ) ;
#577 = AXIS2_PLACEMENT_3D ( 'NONE', #2001, #834, #1620 ) ;
#578 = CARTESIAN_POINT ( 'NONE',  ( 28.07943088170117107, 17.85999470999129102, -14.40554720127250832 ) ) ;
#579 = AXIS2_PLACEMENT_3D ( 'NONE', #1381, #2119, #952 ) ;
#580 = EDGE_CURVE ( 'NONE', #1427, #1014, #1717, .T. ) ;
#581 = VERTEX_POINT ( 'NONE', #2134 ) ;
#582 = VERTEX_POINT ( 'NONE', #1940 ) ;
#583 = CARTESIAN_POINT ( 'NONE',  ( 11.67943088170142119, 17.85999470999117733, -14.40554720127247990 ) ) ;
#584 = DIRECTION ( 'NONE',  ( -1.000000000000000000, -6.938893903907222067E-15, 0.000000000000000000 ) ) ;
#585 = DIRECTION ( 'NONE',  ( 7.097508525429686916E-15, -1.000000000000000000, 3.497202527569242313E-15 ) ) ;
#586 = VERTEX_POINT ( 'NONE', #1694 ) ;
#587 = LINE ( 'NONE', #778, #2221 ) ;
#588 = VERTEX_POINT ( 'NONE', #176 ) ;
#589 = CARTESIAN_POINT ( 'NONE',  ( 28.07943088170117463, 16.85999470999129102, -14.40554720127248522 ) ) ;
#590 = LINE ( 'NONE', #922, #1603 ) ;
#591 = CARTESIAN_POINT ( 'NONE',  ( 15.37943088170100125, 10.85999470999133187, 22.09445279872767998 ) ) ;
#592 = VERTEX_POINT ( 'NONE', #1751 ) ;
#593 = EDGE_CURVE ( 'NONE', #1500, #1601, #1292, .T. ) ;
#594 = ORIENTED_EDGE ( 'NONE', *, *, #2476, .T. ) ;
#595 = LINE ( 'NONE', #1612, #451 ) ;
#596 =( NAMED_UNIT ( * ) PLANE_ANGLE_UNIT ( ) SI_UNIT ( $, .RADIAN. ) );
#597 = CARTESIAN_POINT ( 'NONE',  ( 12.07943088170152812, 10.85999470999129812, 19.66750478252090772 ) ) ;
#598 = ORIENTED_EDGE ( 'NONE', *, *, #1792, .T. ) ;
#599 = DIRECTION ( 'NONE',  ( -1.000000000000000000, -6.938893903907222067E-15, 0.000000000000000000 ) ) ;
#600 = FACE_OUTER_BOUND ( 'NONE', #108, .T. ) ;
#601 = LINE ( 'NONE', #1313, #2547 ) ;
#602 = DIRECTION ( 'NONE',  ( -7.097508525429686916E-15, 1.000000000000000000, -3.497202527569242313E-15 ) ) ;
#603 = ORIENTED_EDGE ( 'NONE', *, *, #694, .T. ) ;
#604 = EDGE_LOOP ( 'NONE', ( #468, #2411, #1972, #2481 ) ) ;
#605 = DIRECTION ( 'NONE',  ( 7.097508525429686916E-15, -1.000000000000000000, 3.497202527569242313E-15 ) ) ;
#606 = ADVANCED_FACE ( 'NONE', ( #1497 ), #1104, .T. ) ;
#607 = LINE ( 'NONE', #223, #119 ) ;
#608 = DIRECTION ( 'NONE',  ( 7.097508525429686916E-15, -1.000000000000000000, 3.497202527569242313E-15 ) ) ;
#609 = DIRECTION ( 'NONE',  ( -7.097508525429687705E-15, 1.000000000000000000, -3.497202527569242313E-15 ) ) ;
#610 = ORIENTED_EDGE ( 'NONE', *, *, #1880, .F. ) ;
#611 = EDGE_CURVE ( 'NONE', #97, #1511, #2059, .T. ) ;
#612 = PLANE ( 'NONE',  #1932 ) ;
#613 = AXIS2_PLACEMENT_3D ( 'NONE', #1384, #2123, #926 ) ;
#614 = CARTESIAN_POINT ( 'NONE',  ( 27.67943088170047616, 10.85999470999136918, 8.167504782520907725 ) ) ;
#615 = CARTESIAN_POINT ( 'NONE',  ( 24.37943088170096928, 15.85999470999139049, 20.59445279872765866 ) ) ;
#616 = AXIS2_PLACEMENT_3D ( 'NONE', #2456, #2271, #838 ) ;
#617 = VECTOR ( 'NONE', #535, 1000.000000000000000 ) ;
#618 = ORIENTED_EDGE ( 'NONE', *, *, #315, .F. ) ;
#619 = AXIS2_PLACEMENT_3D ( 'NONE', #1032, #2205, #2212 ) ;
#620 = CARTESIAN_POINT ( 'NONE',  ( 11.67943088170143362, 12.85999470999117378, -15.40554720127247457 ) ) ;
#621 = DIRECTION ( 'NONE',  ( -1.000000000000000000, -6.938893903907210234E-15, 0.000000000000000000 ) ) ;
#622 = AXIS2_PLACEMENT_3D ( 'NONE', #1492, #1353, #2485 ) ;
#623 = ORIENTED_EDGE ( 'NONE', *, *, #2054, .T. ) ;
#624 = EDGE_CURVE ( 'NONE', #1409, #1202, #1321, .T. ) ;
#625 = EDGE_CURVE ( 'NONE', #1759, #1573, #1892, .T. ) ;
#626 = ORIENTED_EDGE ( 'NONE', *, *, #320, .F. ) ;
#627 = ADVANCED_FACE ( 'NONE', ( #1705 ), #2280, .F. ) ;
#628 = DIRECTION ( 'NONE',  ( -1.000000000000000000, -6.938893903907222067E-15, 0.000000000000000000 ) ) ;
#629 = EDGE_CURVE ( 'NONE', #2506, #1427, #1814, .T. ) ;
#630 = DIRECTION ( 'NONE',  ( 1.000000000000000000, 6.308085367188486679E-15, 0.000000000000000000 ) ) ;
#631 = ORIENTED_EDGE ( 'NONE', *, *, #2508, .T. ) ;
#632 = ORIENTED_EDGE ( 'NONE', *, *, #2161, .F. ) ;
#633 = EDGE_CURVE ( 'NONE', #95, #1358, #2459, .T. ) ;
#634 = DIRECTION ( 'NONE',  ( -7.097508525429686916E-15, 1.000000000000000000, -3.497202527569242313E-15 ) ) ;
#635 = ORIENTED_EDGE ( 'NONE', *, *, #1811, .F. ) ;
#636 = DIRECTION ( 'NONE',  ( -7.097508525429690072E-15, 1.000000000000000000, -3.497202527569242708E-15 ) ) ;
#637 = CARTESIAN_POINT ( 'NONE',  ( 24.87943088170100481, 10.85999470999139405, 20.59445279872767642 ) ) ;
#638 = CARTESIAN_POINT ( 'NONE',  ( 30.07943088170119950, 16.85999470999130878, -13.40554720127247279 ) ) ;
#639 = ORIENTED_EDGE ( 'NONE', *, *, #2089, .T. ) ;
#640 = ORIENTED_EDGE ( 'NONE', *, *, #2072, .F. ) ;
#641 = CARTESIAN_POINT ( 'NONE',  ( 12.87943088170133343, 16.46499470999119552, -11.55982060445390758 ) ) ;
#642 = CARTESIAN_POINT ( 'NONE',  ( 22.82943088170132029, 15.85999470999134964, 12.12017939759413743 ) ) ;
#643 = FACE_OUTER_BOUND ( 'NONE', #2543, .T. ) ;
#644 = CARTESIAN_POINT ( 'NONE',  ( 26.87943088170134587, 15.85999470999134253, 2.440179395546125285 ) ) ;
#645 = ORIENTED_EDGE ( 'NONE', *, *, #1811, .T. ) ;
#646 = DIRECTION ( 'NONE',  ( 7.097508525429688494E-15, -1.000000000000000000, 3.497202527569242708E-15 ) ) ;
#647 = CYLINDRICAL_SURFACE ( 'NONE', #692, 0.5000000000000004441 ) ;
#648 = ORIENTED_EDGE ( 'NONE', *, *, #1624, .T. ) ;
#649 = ORIENTED_EDGE ( 'NONE', *, *, #340, .F. ) ;
#650 = DIRECTION ( 'NONE',  ( 1.000000000000000000, 6.938893903907233900E-15, -0.000000000000000000 ) ) ;
#651 = MECHANICAL_DESIGN_GEOMETRIC_PRESENTATION_REPRESENTATION (  '', ( #2220 ), #1883 ) ;
#652 = VECTOR ( 'NONE', #406, 1000.000000000000000 ) ;
#653 = CARTESIAN_POINT ( 'NONE',  ( 12.07943088170149259, 15.85999470999125904, 7.667504782520890849 ) ) ;
#654 = AXIS2_PLACEMENT_3D ( 'NONE', #641, #2453, #686 ) ;
#655 = AXIS2_PLACEMENT_3D ( 'NONE', #712, #1503, #1711 ) ;
#656 = CARTESIAN_POINT ( 'NONE',  ( 9.679430881701417633, 17.85999470999128746, 21.49445279872751513 ) ) ;
#657 = VECTOR ( 'NONE', #534, 1000.000000000000000 ) ;
#658 = TOROIDAL_SURFACE ( 'NONE', #993, 1.000000000000020872, 1.000000000000000000 ) ;
#659 = ORIENTED_EDGE ( 'NONE', *, *, #2451, .F. ) ;
#660 = VECTOR ( 'NONE', #726, 1000.000000000000000 ) ;
#661 = LINE ( 'NONE', #2227, #695 ) ;
#662 = ORIENTED_EDGE ( 'NONE', *, *, #1005, .F. ) ;
#663 = DIRECTION ( 'NONE',  ( 7.097508525429686127E-15, -1.000000000000000000, 3.497202527569242313E-15 ) ) ;
#664 = ORIENTED_EDGE ( 'NONE', *, *, #301, .T. ) ;
#665 = FACE_BOUND ( 'NONE', #1187, .T. ) ;
#666 = CARTESIAN_POINT ( 'NONE',  ( 27.77943088170115615, 15.85999470999141892, 22.69445279872751087 ) ) ;
#667 = CARTESIAN_POINT ( 'NONE',  ( 14.87943088170089290, 26.05803373717689198, 21.09445279872762669 ) ) ;
#668 = ORIENTED_EDGE ( 'NONE', *, *, #755, .F. ) ;
#669 = VERTEX_POINT ( 'NONE', #729 ) ;
#670 = CARTESIAN_POINT ( 'NONE',  ( 10.67943088170130217, 15.85999470999122707, 2.440179395546092866 ) ) ;
#671 = DIRECTION ( 'NONE',  ( 1.000000000000000000, 7.097508525429686916E-15, -2.462442932001681794E-29 ) ) ;
#672 = ORIENTED_EDGE ( 'NONE', *, *, #1005, .T. ) ;
#673 = VERTEX_POINT ( 'NONE', #2317 ) ;
#674 = CARTESIAN_POINT ( 'NONE',  ( 10.47943088170143433, 12.85999470999128924, 20.16750478252090062 ) ) ;
#675 = LINE ( 'NONE', #2486, #2148 ) ;
#676 = ORIENTED_EDGE ( 'NONE', *, *, #1675, .F. ) ;
#677 = CARTESIAN_POINT ( 'NONE',  ( 27.77943088170118813, 15.85999470999129102, -14.60554720127247030 ) ) ;
#678 = EDGE_CURVE ( 'NONE', #1409, #2506, #413, .T. ) ;
#679 = ADVANCED_FACE ( 'NONE', ( #2133 ), #379, .T. ) ;
#680 = ORIENTED_EDGE ( 'NONE', *, *, #1965, .T. ) ;
#681 = VERTEX_POINT ( 'NONE', #1716 ) ;
#682 = DIRECTION ( 'NONE',  ( 7.097508525429686916E-15, -1.000000000000000000, 3.497202527569242313E-15 ) ) ;
#683 = EDGE_CURVE ( 'NONE', #307, #575, #746, .T. ) ;
#684 = DIRECTION ( 'NONE',  ( -1.000000000000000000, -6.938893903907222067E-15, 0.000000000000000000 ) ) ;
#685 = ORIENTED_EDGE ( 'NONE', *, *, #1617, .T. ) ;
#686 = DIRECTION ( 'NONE',  ( -1.000000000000000000, -7.885106708985497120E-15, 0.000000000000000000 ) ) ;
#687 = CYLINDRICAL_SURFACE ( 'NONE', #1232, 0.5000000000000004441 ) ;
#688 = VERTEX_POINT ( 'NONE', #1925 ) ;
#689 = CARTESIAN_POINT ( 'NONE',  ( 27.77943088170117747, 12.85999470999141892, 22.69445279872752863 ) ) ;
#690 = AXIS2_PLACEMENT_3D ( 'NONE', #1387, #2077, #1300 ) ;
#691 = ORIENTED_EDGE ( 'NONE', *, *, #280, .T. ) ;
#692 = AXIS2_PLACEMENT_3D ( 'NONE', #221, #842, #1003 ) ;
#693 = DIRECTION ( 'NONE',  ( 7.097508525429687705E-15, -1.000000000000000000, 3.497202527569242313E-15 ) ) ;
#694 = EDGE_CURVE ( 'NONE', #921, #1656, #830, .T. ) ;
#695 = VECTOR ( 'NONE', #289, 1000.000000000000000 ) ;
#696 = ADVANCED_FACE ( 'NONE', ( #760 ), #2262, .T. ) ;
#697 = CARTESIAN_POINT ( 'NONE',  ( 28.67943088170047616, 10.85999470999137628, 8.167504782520907725 ) ) ;
#698 = EDGE_CURVE ( 'NONE', #2165, #1551, #2465, .T. ) ;
#699 = VERTEX_POINT ( 'NONE', #2360 ) ;
#700 = ADVANCED_FACE ( 'NONE', ( #362 ), #658, .T. ) ;
#701 = FACE_OUTER_BOUND ( 'NONE', #1622, .T. ) ;
#702 = LINE ( 'NONE', #1493, #1776 ) ;
#703 = EDGE_LOOP ( 'NONE', ( #1494, #1522, #649, #2141 ) ) ;
#704 = EDGE_CURVE ( 'NONE', #761, #1535, #567, .T. ) ;
#705 = DIRECTION ( 'NONE',  ( -2.832201593431535729E-15, 3.540251991789420055E-15, 1.000000000000000000 ) ) ;
#706 = ORIENTED_EDGE ( 'NONE', *, *, #1501, .T. ) ;
#707 = DIRECTION ( 'NONE',  ( 7.097508525429688494E-15, -1.000000000000000000, 3.497202527569242708E-15 ) ) ;
#708 = DIRECTION ( 'NONE',  ( 7.097508525429686916E-15, -1.000000000000000000, 0.000000000000000000 ) ) ;
#709 = EDGE_CURVE ( 'NONE', #740, #1220, #141, .T. ) ;
#710 = ORIENTED_EDGE ( 'NONE', *, *, #62, .T. ) ;
#711 = CARTESIAN_POINT ( 'NONE',  ( 14.87943088170100481, 10.85999470999133010, 22.59445279872767998 ) ) ;
#712 = CARTESIAN_POINT ( 'NONE',  ( 29.17943088170047616, 10.85999470999137806, 7.667504782520907725 ) ) ;
#713 = LINE ( 'NONE', #2170, #244 ) ;
#714 = ORIENTED_EDGE ( 'NONE', *, *, #1054, .F. ) ;
#715 = FACE_OUTER_BOUND ( 'NONE', #1159, .T. ) ;
#716 = CARTESIAN_POINT ( 'NONE',  ( 15.37943088170100125, 10.85999470999133365, 22.59445279872767998 ) ) ;
#717 = DIRECTION ( 'NONE',  ( -1.000000000000000000, -7.885106708985609138E-15, 0.000000000000000000 ) ) ;
#718 = PLANE ( 'NONE',  #2294 ) ;
#719 = ORIENTED_EDGE ( 'NONE', *, *, #170, .F. ) ;
#720 = LINE ( 'NONE', #125, #785 ) ;
#721 = DIRECTION ( 'NONE',  ( 7.097508525429686916E-15, -1.000000000000000000, 3.497202527569242313E-15 ) ) ;
#722 = ORIENTED_EDGE ( 'NONE', *, *, #2270, .F. ) ;
#723 = FILL_AREA_STYLE_COLOUR ( '', #1686 ) ;
#724 = CIRCLE ( 'NONE', #1015, 1.000000000000000888 ) ;
#725 = EDGE_CURVE ( 'NONE', #1693, #2426, #1200, .T. ) ;
#726 = DIRECTION ( 'NONE',  ( 7.097508525429686916E-15, -1.000000000000000000, 3.497202527569242313E-15 ) ) ;
#727 = AXIS2_PLACEMENT_3D ( 'NONE', #1896, #2108, #334 ) ;
#728 = AXIS2_PLACEMENT_3D ( 'NONE', #1724, #602, #2157 ) ;
#729 = CARTESIAN_POINT ( 'NONE',  ( 12.57943088170152812, 10.85999470999129990, 19.16750478252090772 ) ) ;
#730 = CARTESIAN_POINT ( 'NONE',  ( 27.77943088170118457, 12.85999470999129457, -13.10554720127248274 ) ) ;
#731 = ORIENTED_EDGE ( 'NONE', *, *, #2000, .F. ) ;
#732 = AXIS2_PLACEMENT_3D ( 'NONE', #564, #1359, #1964 ) ;
#733 = VECTOR ( 'NONE', #1757, 1000.000000000000000 ) ;
#734 = EDGE_CURVE ( 'NONE', #1535, #1500, #2507, .T. ) ;
#735 = CARTESIAN_POINT ( 'NONE',  ( 11.97943088170141834, 15.85999470999130700, 22.69445279872752153 ) ) ;
#736 = DIRECTION ( 'NONE',  ( 6.938893903907233900E-15, -1.000000000000000000, 3.469446951953614189E-15 ) ) ;
#737 = VECTOR ( 'NONE', #1666, 1000.000000000000000 ) ;
#738 = CIRCLE ( 'NONE', #2193, 0.5000000000000004441 ) ;
#739 = CARTESIAN_POINT ( 'NONE',  ( 27.67943088170047616, 10.85999470999136740, 7.667504782520907725 ) ) ;
#740 = VERTEX_POINT ( 'NONE', #938 ) ;
#741 = LINE ( 'NONE', #2127, #1609 ) ;
#742 = DIRECTION ( 'NONE',  ( -1.000000000000000000, -6.938893903907222067E-15, 0.000000000000000000 ) ) ;
#743 = ORIENTED_EDGE ( 'NONE', *, *, #1217, .T. ) ;
#744 = ORIENTED_EDGE ( 'NONE', *, *, #2054, .F. ) ;
#745 = CARTESIAN_POINT ( 'NONE',  ( 9.679430881701421185, 16.85999470999116667, -13.40554720127250299 ) ) ;
#746 = LINE ( 'NONE', #2491, #1606 ) ;
#747 = ORIENTED_EDGE ( 'NONE', *, *, #246, .T. ) ;
#748 = LINE ( 'NONE', #1541, #197 ) ;
#749 = DIRECTION ( 'NONE',  ( 2.066982144597695258E-16, 3.497202527569243891E-15, 1.000000000000000000 ) ) ;
#750 = CARTESIAN_POINT ( 'NONE',  ( 20.32943088170121015, 31.06140338681657198, 12.12017939759408414 ) ) ;
#751 = VERTEX_POINT ( 'NONE', #1737 ) ;
#752 = PLANE ( 'NONE',  #2301 ) ;
#753 = CARTESIAN_POINT ( 'NONE',  ( 12.07943088170149259, 15.85999470999129635, 19.16750478252088996 ) ) ;
#754 = EDGE_LOOP ( 'NONE', ( #2107, #2011, #1212, #6 ) ) ;
#755 = EDGE_CURVE ( 'NONE', #1434, #2371, #83, .T. ) ;
#756 = CARTESIAN_POINT ( 'NONE',  ( 30.07943088170120660, 12.85999470999131056, -13.40554720127246924 ) ) ;
#757 = FACE_OUTER_BOUND ( 'NONE', #820, .T. ) ;
#758 = DIRECTION ( 'NONE',  ( -1.000000000000000000, -7.086980054295601472E-15, 5.288791085295225377E-16 ) ) ;
#759 = EDGE_CURVE ( 'NONE', #1033, #1326, #1539, .T. ) ;
#760 = FACE_OUTER_BOUND ( 'NONE', #1879, .T. ) ;
#761 = VERTEX_POINT ( 'NONE', #772 ) ;
#762 = DIRECTION ( 'NONE',  ( -1.000000000000000000, -6.938893903907222067E-15, 0.000000000000000000 ) ) ;
#763 = DIRECTION ( 'NONE',  ( -1.000000000000000000, -6.938893903907222067E-15, 0.000000000000000000 ) ) ;
#764 = EDGE_CURVE ( 'NONE', #2065, #575, #738, .T. ) ;
#765 = EDGE_LOOP ( 'NONE', ( #1082, #393, #2513, #500 ) ) ;
#766 = PRODUCT_DEFINITION ( 'UNKNOWN', '', #30, #2247 ) ;
#767 = LINE ( 'NONE', #576, #2266 ) ;
#768 = CARTESIAN_POINT ( 'NONE',  ( 10.57943088170149437, 15.85999470999124838, 7.667504782520890849 ) ) ;
#769 = ORIENTED_EDGE ( 'NONE', *, *, #1965, .F. ) ;
#770 = EDGE_LOOP ( 'NONE', ( #1012, #1584, #1401, #1836, #403, #1989, #948, #1970 ) ) ;
#771 = PLANE ( 'NONE',  #1106 ) ;
#772 = CARTESIAN_POINT ( 'NONE',  ( 29.27943088170118813, 15.85999470999137628, 7.167504782520889961 ) ) ;
#773 = DIRECTION ( 'NONE',  ( -1.000000000000000000, -6.938893903907300953E-15, 0.000000000000000000 ) ) ;
#774 = EDGE_LOOP ( 'NONE', ( #836, #2348 ) ) ;
#775 = DIRECTION ( 'NONE',  ( 1.000000000000000000, 7.086980054295580173E-15, 1.692413147294466875E-15 ) ) ;
#776 = CIRCLE ( 'NONE', #1098, 0.5000000000000004441 ) ;
#777 = AXIS2_PLACEMENT_3D ( 'NONE', #99, #2450, #882 ) ;
#778 = CARTESIAN_POINT ( 'NONE',  ( 24.37943088170089823, 26.05803373717695948, 20.59445279872762313 ) ) ;
#779 = ADVANCED_FACE ( 'NONE', ( #2164 ), #392, .F. ) ;
#780 = VECTOR ( 'NONE', #573, 1000.000000000000000 ) ;
#781 = AXIS2_PLACEMENT_3D ( 'NONE', #561, #1377, #994 ) ;
#782 = ORIENTED_EDGE ( 'NONE', *, *, #1248, .T. ) ;
#783 = DIRECTION ( 'NONE',  ( -1.000000000000000000, -6.938893903907222067E-15, 0.000000000000000000 ) ) ;
#784 = DIRECTION ( 'NONE',  ( -6.938893903907198401E-15, 1.000000000000000000, -3.469446951953613006E-15 ) ) ;
#785 = VECTOR ( 'NONE', #560, 1000.000000000000000 ) ;
#786 = CIRCLE ( 'NONE', #1936, 0.5000000000000004441 ) ;
#787 = DIRECTION ( 'NONE',  ( 1.000000000000000000, 6.938893903907210234E-15, 0.000000000000000000 ) ) ;
#788 = EDGE_CURVE ( 'NONE', #2371, #751, #982, .T. ) ;
#789 = VECTOR ( 'NONE', #1170, 1000.000000000000000 ) ;
#790 = ORIENTED_EDGE ( 'NONE', *, *, #1198, .F. ) ;
#791 = ORIENTED_EDGE ( 'NONE', *, *, #2448, .F. ) ;
#792 = EDGE_CURVE ( 'NONE', #1214, #114, #19, .T. ) ;
#793 = PLANE ( 'NONE',  #1728 ) ;
#794 = CARTESIAN_POINT ( 'NONE',  ( 10.67943088170142119, 16.85999470999117378, -13.40554720127249944 ) ) ;
#795 = CARTESIAN_POINT ( 'NONE',  ( 29.27943088170118102, 15.85999470999130345, -13.10554720127248984 ) ) ;
#796 = CARTESIAN_POINT ( 'NONE',  ( 14.87943088170089290, 26.05803373717689553, 22.19445279872748245 ) ) ;
#797 = ORIENTED_EDGE ( 'NONE', *, *, #1165, .T. ) ;
#798 = CYLINDRICAL_SURFACE ( 'NONE', #613, 0.5000000000000004441 ) ;
#799 = ORIENTED_EDGE ( 'NONE', *, *, #2072, .T. ) ;
#800 = CARTESIAN_POINT ( 'NONE',  ( 12.57943088170152812, 10.85999470999126082, 8.167504782520907725 ) ) ;
#801 = CARTESIAN_POINT ( 'NONE',  ( 11.97943088170139525, 15.85999470999130345, 21.19445279872749666 ) ) ;
#802 = EDGE_CURVE ( 'NONE', #1202, #1339, #1788, .T. ) ;
#803 = CARTESIAN_POINT ( 'NONE',  ( 27.17943088170047616, 10.85999470999136562, 8.167504782520907725 ) ) ;
#804 = EDGE_LOOP ( 'NONE', ( #984, #714, #2384, #1713 ) ) ;
#805 = ADVANCED_FACE ( 'NONE', ( #402 ), #1190, .T. ) ;
#806 = CYLINDRICAL_SURFACE ( 'NONE', #2178, 0.5000000000000004441 ) ;
#807 = DIRECTION ( 'NONE',  ( -3.034501707248057936E-16, -3.540251991789401123E-15, -1.000000000000000000 ) ) ;
#808 = ORIENTED_EDGE ( 'NONE', *, *, #2033, .T. ) ;
#809 = VERTEX_POINT ( 'NONE', #2463 ) ;
#810 = CARTESIAN_POINT ( 'NONE',  ( 29.17943088170047616, 10.85999470999141714, 19.16750478252090772 ) ) ;
#811 = ORIENTED_EDGE ( 'NONE', *, *, #1430, .T. ) ;
#812 = CARTESIAN_POINT ( 'NONE',  ( 29.17943088170046195, 12.85999470999137628, 7.667504782520900619 ) ) ;
#813 = FACE_OUTER_BOUND ( 'NONE', #604, .T. ) ;
#814 = ADVANCED_BREP_SHAPE_REPRESENTATION ( 'IGC Logger Main Case', ( #1550, #2012 ), #927 ) ;
#815 = EDGE_LOOP ( 'NONE', ( #1393, #2238, #192, #866 ) ) ;
#816 = CARTESIAN_POINT ( 'NONE',  ( 24.87943088170096928, 15.85999470999139405, 21.09445279872765866 ) ) ;
#817 = VECTOR ( 'NONE', #200, 1000.000000000000000 ) ;
#818 = EDGE_CURVE ( 'NONE', #153, #2321, #530, .T. ) ;
#819 = EDGE_CURVE ( 'NONE', #1607, #1931, #34, .T. ) ;
#820 = EDGE_LOOP ( 'NONE', ( #668, #508, #32, #568 ) ) ;
#821 = ADVANCED_FACE ( 'NONE', ( #290 ), #1325, .T. ) ;
#822 = EDGE_CURVE ( 'NONE', #673, #1102, #273, .T. ) ;
#823 = VECTOR ( 'NONE', #1227, 1000.000000000000000 ) ;
#824 = DIRECTION ( 'NONE',  ( -1.040834085586083310E-14, 0.000000000000000000, -1.000000000000000000 ) ) ;
#825 = VECTOR ( 'NONE', #64, 1000.000000000000000 ) ;
#826 = VECTOR ( 'NONE', #373, 1000.000000000000000 ) ;
#827 = ORIENTED_EDGE ( 'NONE', *, *, #1524, .F. ) ;
#828 = EDGE_LOOP ( 'NONE', ( #1389, #2222, #2366, #2027 ) ) ;
#829 = VECTOR ( 'NONE', #496, 1000.000000000000000 ) ;
#830 = CIRCLE ( 'NONE', #455, 0.5000000000000004441 ) ;
#831 = DIRECTION ( 'NONE',  ( -6.587557503709257065E-16, -3.497202527569247047E-15, -1.000000000000000000 ) ) ;
#832 = ORIENTED_EDGE ( 'NONE', *, *, #2000, .T. ) ;
#833 = DIRECTION ( 'NONE',  ( -1.000000000000000000, -6.938893903907222067E-15, 0.000000000000000000 ) ) ;
#834 = DIRECTION ( 'NONE',  ( -2.487338523176113983E-29, 3.497202527569242708E-15, 1.000000000000000000 ) ) ;
#835 = ORIENTED_EDGE ( 'NONE', *, *, #1544, .T. ) ;
#836 = ORIENTED_EDGE ( 'NONE', *, *, #230, .T. ) ;
#837 = CARTESIAN_POINT ( 'NONE',  ( 27.77943088170115615, 15.85999470999141892, 22.69445279872751797 ) ) ;
#838 = DIRECTION ( 'NONE',  ( -1.000000000000000000, -6.938893903907222067E-15, 0.000000000000000000 ) ) ;
#839 = ORIENTED_EDGE ( 'NONE', *, *, #439, .F. ) ;
#840 = CARTESIAN_POINT ( 'NONE',  ( 11.67943088170139454, 17.85999470999130878, 23.49445279872749026 ) ) ;
#841 = EDGE_CURVE ( 'NONE', #588, #1693, #2095, .T. ) ;
#842 = DIRECTION ( 'NONE',  ( -7.097508525429687705E-15, 1.000000000000000000, -3.469446951953612217E-15 ) ) ;
#843 = ORIENTED_EDGE ( 'NONE', *, *, #1807, .F. ) ;
#844 = ORIENTED_EDGE ( 'NONE', *, *, #818, .T. ) ;
#845 = CARTESIAN_POINT ( 'NONE',  ( 24.37943088170100481, 10.85999470999139760, 22.59445279872768708 ) ) ;
#846 = CARTESIAN_POINT ( 'NONE',  ( 29.27943088170118102, 15.85999470999130345, -13.10554720127248984 ) ) ;
#847 = CYLINDRICAL_SURFACE ( 'NONE', #936, 0.5000000000000004441 ) ;
#848 = FACE_OUTER_BOUND ( 'NONE', #2492, .T. ) ;
#849 = VERTEX_POINT ( 'NONE', #1073 ) ;
#850 = CARTESIAN_POINT ( 'NONE',  ( 28.07943088170117107, 17.85999470999129457, -13.40554720127250476 ) ) ;
#851 = EDGE_CURVE ( 'NONE', #226, #1112, #2053, .T. ) ;
#852 = CARTESIAN_POINT ( 'NONE',  ( 28.77943088170120944, 12.85999470999141714, 20.16750478252089707 ) ) ;
#853 = VERTEX_POINT ( 'NONE', #1108 ) ;
#854 = VECTOR ( 'NONE', #2112, 1000.000000000000000 ) ;
#855 = ORIENTED_EDGE ( 'NONE', *, *, #2330, .T. ) ;
#856 = ORIENTED_EDGE ( 'NONE', *, *, #683, .F. ) ;
#857 = CYLINDRICAL_SURFACE ( 'NONE', #2464, 2.199999999999997069 ) ;
#858 = CIRCLE ( 'NONE', #1562, 7.500000000000003553 ) ;
#859 = VECTOR ( 'NONE', #424, 1000.000000000000000 ) ;
#860 = PLANE ( 'NONE',  #2498 ) ;
#861 = AXIS2_PLACEMENT_3D ( 'NONE', #1127, #1567, #1527 ) ;
#862 = DIRECTION ( 'NONE',  ( 7.097508525429686127E-15, -1.000000000000000000, 3.497202527569242313E-15 ) ) ;
#863 = VECTOR ( 'NONE', #646, 1000.000000000000000 ) ;
#864 = AXIS2_PLACEMENT_3D ( 'NONE', #1163, #1761, #966 ) ;
#865 = ORIENTED_EDGE ( 'NONE', *, *, #890, .F. ) ;
#866 = ORIENTED_EDGE ( 'NONE', *, *, #1766, .T. ) ;
#867 = DIRECTION ( 'NONE',  ( 1.000000000000000000, 7.097508525429685338E-15, -5.288791085295226363E-16 ) ) ;
#868 = CARTESIAN_POINT ( 'NONE',  ( 12.37943088170120554, 17.46499470999122039, -4.559820604453904913 ) ) ;
#869 = DIRECTION ( 'NONE',  ( 6.938893903907233900E-15, -1.000000000000000000, 3.469446951953614189E-15 ) ) ;
#870 = ORIENTED_EDGE ( 'NONE', *, *, #336, .T. ) ;
#871 = CARTESIAN_POINT ( 'NONE',  ( 14.87943088170098704, 12.85999470999132122, 20.59445279872766932 ) ) ;
#872 = EDGE_CURVE ( 'NONE', #588, #740, #2436, .T. ) ;
#873 = CARTESIAN_POINT ( 'NONE',  ( 29.07943088170130252, 16.46499470999131276, -11.55982060445385962 ) ) ;
#874 = DIRECTION ( 'NONE',  ( 7.097508525429686916E-15, -1.000000000000000000, 3.497202527569242313E-15 ) ) ;
#875 = LINE ( 'NONE', #2194, #780 ) ;
#876 = DIRECTION ( 'NONE',  ( -7.097508525429686916E-15, 1.000000000000000000, -3.497202527569242313E-15 ) ) ;
#877 = EDGE_CURVE ( 'NONE', #1014, #498, #724, .T. ) ;
#878 = ORIENTED_EDGE ( 'NONE', *, *, #725, .F. ) ;
#879 = DIRECTION ( 'NONE',  ( 7.097508525429686916E-15, -1.000000000000000000, 3.497202527569242313E-15 ) ) ;
#880 = PLANE ( 'NONE',  #988 ) ;
#881 = CYLINDRICAL_SURFACE ( 'NONE', #414, 0.4999999999999987232 ) ;
#882 = DIRECTION ( 'NONE',  ( 1.000000000000000000, 6.938893903907222067E-15, 0.000000000000000000 ) ) ;
#883 = ORIENTED_EDGE ( 'NONE', *, *, #1992, .T. ) ;
#884 = DIRECTION ( 'NONE',  ( -1.000000000000000000, -6.938893903907222067E-15, 0.000000000000000000 ) ) ;
#885 = CARTESIAN_POINT ( 'NONE',  ( 26.87943088170120731, 16.46499470999129500, -11.55982060445381698 ) ) ;
#886 = ORIENTED_EDGE ( 'NONE', *, *, #1054, .T. ) ;
#887 = DIRECTION ( 'NONE',  ( -6.938893903907198401E-15, 1.000000000000000000, -3.469446951953613006E-15 ) ) ;
#888 = ADVANCED_FACE ( 'NONE', ( #2057 ), #85, .T. ) ;
#889 = ORIENTED_EDGE ( 'NONE', *, *, #2199, .T. ) ;
#890 = EDGE_CURVE ( 'NONE', #1219, #29, #134, .T. ) ;
#891 = EDGE_CURVE ( 'NONE', #1535, #1778, #1085, .T. ) ;
#892 = DIRECTION ( 'NONE',  ( -7.097508525429686916E-15, 1.000000000000000000, -3.497202527569242313E-15 ) ) ;
#893 = EDGE_CURVE ( 'NONE', #153, #673, #2458, .T. ) ;
#894 = CYLINDRICAL_SURFACE ( 'NONE', #1682, 0.5000000000000004441 ) ;
#895 = ADVANCED_FACE ( 'NONE', ( #1696 ), #718, .T. ) ;
#896 = ORIENTED_EDGE ( 'NONE', *, *, #1537, .F. ) ;
#897 = CARTESIAN_POINT ( 'NONE',  ( 11.67943088170140165, 16.85999470999130878, 23.49445279872748316 ) ) ;
#898 = FACE_OUTER_BOUND ( 'NONE', #1689, .T. ) ;
#899 = ORIENTED_EDGE ( 'NONE', *, *, #1537, .T. ) ;
#900 = CIRCLE ( 'NONE', #158, 0.5000000000000004441 ) ;
#901 = DIRECTION ( 'NONE',  ( 7.097508525429686127E-15, -1.000000000000000000, 3.497202527569242313E-15 ) ) ;
#902 = VECTOR ( 'NONE', #1380, 1000.000000000000000 ) ;
#903 = ORIENTED_EDGE ( 'NONE', *, *, #2540, .F. ) ;
#904 = CIRCLE ( 'NONE', #81, 0.4999999999999987232 ) ;
#905 = CARTESIAN_POINT ( 'NONE',  ( 12.87943088170115047, 42.56652425765615533, -13.75982060445399568 ) ) ;
#906 = CARTESIAN_POINT ( 'NONE',  ( 30.07943088170119594, 16.85999470999142957, 21.49445279872749737 ) ) ;
#907 = AXIS2_PLACEMENT_3D ( 'NONE', #1229, #2024, #1031 ) ;
#908 = CARTESIAN_POINT ( 'NONE',  ( 29.17943088170046195, 12.85999470999141714, 19.66750478252090062 ) ) ;
#909 = ORIENTED_EDGE ( 'NONE', *, *, #1920, .T. ) ;
#910 = CARTESIAN_POINT ( 'NONE',  ( 14.87943088170096573, 15.85999470999132832, 21.09445279872765866 ) ) ;
#911 = DIRECTION ( 'NONE',  ( 1.000000000000000000, 6.938893903907222067E-15, 0.000000000000000000 ) ) ;
#912 = ORIENTED_EDGE ( 'NONE', *, *, #1597, .T. ) ;
#913 = CYLINDRICAL_SURFACE ( 'NONE', #1520, 1.500000000000004885 ) ;
#914 = EDGE_LOOP ( 'NONE', ( #2243, #1487, #444, #626 ) ) ;
#915 = DIRECTION ( 'NONE',  ( -1.000000000000000000, -6.938893903907162113E-15, 1.734723475976790528E-15 ) ) ;
#916 = CARTESIAN_POINT ( 'NONE',  ( 28.07943088170117463, 16.85999470999128746, -15.40554720127248700 ) ) ;
#917 = CARTESIAN_POINT ( 'NONE',  ( 27.17943088170047616, 10.85999470999140470, 19.66750478252090772 ) ) ;
#918 = ORIENTED_EDGE ( 'NONE', *, *, #1624, .F. ) ;
#919 = DIRECTION ( 'NONE',  ( 1.000000000000000000, 6.938893903907222067E-15, 0.000000000000000000 ) ) ;
#920 = PLANE ( 'NONE',  #937 ) ;
#921 = VERTEX_POINT ( 'NONE', #2282 ) ;
#922 = CARTESIAN_POINT ( 'NONE',  ( 9.679430881701428291, 12.85999470999116667, -13.40554720127250299 ) ) ;
#923 = DIRECTION ( 'NONE',  ( -1.000000000000000000, -6.938893903907222067E-15, 0.000000000000000000 ) ) ;
#924 = DIRECTION ( 'NONE',  ( -7.097508525429686916E-15, 1.000000000000000000, -3.497202527569242313E-15 ) ) ;
#925 = CARTESIAN_POINT ( 'NONE',  ( 27.17943088170047616, 10.85999470999136562, 8.167504782520907725 ) ) ;
#926 = DIRECTION ( 'NONE',  ( -1.000000000000000000, -7.155734338404322954E-15, 0.000000000000000000 ) ) ;
#927 =( GEOMETRIC_REPRESENTATION_CONTEXT ( 3 ) GLOBAL_UNCERTAINTY_ASSIGNED_CONTEXT ( ( #2124 ) ) GLOBAL_UNIT_ASSIGNED_CONTEXT ( ( #2031, #596, #2009 ) ) REPRESENTATION_CONTEXT ( 'NONE', 'WORKASPACE' ) );
#928 = CARTESIAN_POINT ( 'NONE',  ( 10.97943088170145032, 15.85999470999124838, 7.167504782520889961 ) ) ;
#929 = ORIENTED_EDGE ( 'NONE', *, *, #1356, .F. ) ;
#930 = CARTESIAN_POINT ( 'NONE',  ( 11.07943088170152990, 10.85999470999129102, 19.66750478252090772 ) ) ;
#931 = FACE_OUTER_BOUND ( 'NONE', #541, .T. ) ;
#932 = ORIENTED_EDGE ( 'NONE', *, *, #2078, .F. ) ;
#933 = VERTEX_POINT ( 'NONE', #514 ) ;
#934 = VECTOR ( 'NONE', #1510, 1000.000000000000000 ) ;
#935 = CYLINDRICAL_SURFACE ( 'NONE', #1838, 2.000000000000019096 ) ;
#936 = AXIS2_PLACEMENT_3D ( 'NONE', #483, #862, #1654 ) ;
#937 = AXIS2_PLACEMENT_3D ( 'NONE', #1276, #2064, #2300 ) ;
#938 = CARTESIAN_POINT ( 'NONE',  ( 26.87943088170133166, 15.85999470999134964, 4.640179395546092600 ) ) ;
#939 = ORIENTED_EDGE ( 'NONE', *, *, #1255, .T. ) ;
#940 = AXIS2_PLACEMENT_3D ( 'NONE', #2379, #605, #621 ) ;
#941 = DIRECTION ( 'NONE',  ( 6.938893903907233900E-15, -1.000000000000000000, 3.469446951953614189E-15 ) ) ;
#942 = DIRECTION ( 'NONE',  ( -1.000000000000000000, -7.026728003956828540E-15, 8.673617379884210599E-15 ) ) ;
#943 = AXIS2_PLACEMENT_3D ( 'NONE', #2531, #1001, #1216 ) ;
#944 = ORIENTED_EDGE ( 'NONE', *, *, #951, .F. ) ;
#945 = CARTESIAN_POINT ( 'NONE',  ( 12.07943088170152812, 10.85999470999125727, 8.167504782520907725 ) ) ;
#946 = CARTESIAN_POINT ( 'NONE',  ( 26.87943088170121442, 15.85999470999129457, -11.55982060445381343 ) ) ;
#947 = EDGE_CURVE ( 'NONE', #2289, #809, #449, .T. ) ;
#948 = ORIENTED_EDGE ( 'NONE', *, *, #2316, .F. ) ;
#949 = EDGE_CURVE ( 'NONE', #2248, #1496, #298, .T. ) ;
#950 = ORIENTED_EDGE ( 'NONE', *, *, #1463, .F. ) ;
#951 = EDGE_CURVE ( 'NONE', #1851, #1296, #1871, .T. ) ;
#952 = DIRECTION ( 'NONE',  ( -1.000000000000000000, -6.938893903907210234E-15, 0.000000000000000000 ) ) ;
#953 = DIRECTION ( 'NONE',  ( -7.097508525429686916E-15, 1.000000000000000000, -3.497202527569242313E-15 ) ) ;
#954 = DIRECTION ( 'NONE',  ( 7.097508525429686916E-15, -1.000000000000000000, 3.497202527569242313E-15 ) ) ;
#955 = ORIENTED_EDGE ( 'NONE', *, *, #306, .T. ) ;
#956 = CARTESIAN_POINT ( 'NONE',  ( 12.87943088170130679, 15.85999470999124838, 4.640179395546097041 ) ) ;
#957 = DIRECTION ( 'NONE',  ( -7.097508525429686916E-15, 1.000000000000000000, -3.497202527569242313E-15 ) ) ;
#958 = ORIENTED_EDGE ( 'NONE', *, *, #1272, .F. ) ;
#959 = FACE_OUTER_BOUND ( 'NONE', #1004, .T. ) ;
#960 = CARTESIAN_POINT ( 'NONE',  ( 29.07943088170131318, 15.85999470999136030, 2.440179395546093755 ) ) ;
#961 = ORIENTED_EDGE ( 'NONE', *, *, #360, .F. ) ;
#962 = EDGE_LOOP ( 'NONE', ( #1, #744, #791, #2331, #903, #411, #299, #662 ) ) ;
#963 = ADVANCED_FACE ( 'NONE', ( #107 ), #894, .T. ) ;
#964 = CARTESIAN_POINT ( 'NONE',  ( 11.97943088170141657, 12.85999470999130345, 21.19445279872750731 ) ) ;
#965 = CARTESIAN_POINT ( 'NONE',  ( 11.67943088170140697, 17.85999470999117733, -14.40554720127247990 ) ) ;
#966 = DIRECTION ( 'NONE',  ( -1.000000000000000000, -7.885106708985640692E-15, 6.032106632374014664E-14 ) ) ;
#967 = ADVANCED_FACE ( 'NONE', ( #1913 ), #970, .F. ) ;
#968 = ORIENTED_EDGE ( 'NONE', *, *, #1357, .T. ) ;
#969 = DIRECTION ( 'NONE',  ( -2.832201593431535729E-15, 3.540251991789420055E-15, 1.000000000000000000 ) ) ;
#970 = CYLINDRICAL_SURFACE ( 'NONE', #2019, 0.5000000000000004441 ) ;
#971 = EDGE_CURVE ( 'NONE', #1427, #2520, #2377, .T. ) ;
#972 = ORIENTED_EDGE ( 'NONE', *, *, #1734, .T. ) ;
#973 = VECTOR ( 'NONE', #1509, 1000.000000000000000 ) ;
#974 = CARTESIAN_POINT ( 'NONE',  ( 28.07943088170118173, 12.85999470999141714, 21.49445279872750092 ) ) ;
#975 = DIRECTION ( 'NONE',  ( 9.941108744852755178E-17, 3.479388060698464423E-15, 1.000000000000000000 ) ) ;
#976 = FACE_OUTER_BOUND ( 'NONE', #563, .T. ) ;
#977 = EDGE_CURVE ( 'NONE', #304, #1671, #281, .T. ) ;
#978 = EDGE_LOOP ( 'NONE', ( #1329, #2297, #1473, #1374 ) ) ;
#979 = LINE ( 'NONE', #2267, #2023 ) ;
#980 = EDGE_LOOP ( 'NONE', ( #1701, #383, #152, #2470 ) ) ;
#981 = CARTESIAN_POINT ( 'NONE',  ( 28.67943088170046195, 12.85999470999137628, 8.167504782520900619 ) ) ;
#982 = LINE ( 'NONE', #1399, #482 ) ;
#983 = CIRCLE ( 'NONE', #1228, 2.500000000000002220 ) ;
#984 = ORIENTED_EDGE ( 'NONE', *, *, #851, .F. ) ;
#985 = EDGE_CURVE ( 'NONE', #1607, #1640, #1927, .T. ) ;
#986 = VECTOR ( 'NONE', #220, 1000.000000000000000 ) ;
#987 = DIRECTION ( 'NONE',  ( 9.941108744852769969E-17, -3.479388060698469551E-15, -1.000000000000000000 ) ) ;
#988 = AXIS2_PLACEMENT_3D ( 'NONE', #2256, #490, #1285 ) ;
#989 = VECTOR ( 'NONE', #2143, 1000.000000000000000 ) ;
#990 = DIRECTION ( 'NONE',  ( -7.097508525429686916E-15, 1.000000000000000000, -3.497202527569242313E-15 ) ) ;
#991 = CARTESIAN_POINT ( 'NONE',  ( 28.77943088170118457, 15.85999470999137628, 7.667504782520890849 ) ) ;
#992 = VECTOR ( 'NONE', #1558, 1000.000000000000000 ) ;
#993 = AXIS2_PLACEMENT_3D ( 'NONE', #1345, #2120, #2538 ) ;
#994 = DIRECTION ( 'NONE',  ( 1.000000000000000000, 6.938893903907276498E-15, 0.000000000000000000 ) ) ;
#995 = AXIS2_PLACEMENT_3D ( 'NONE', #1526, #1938, #923 ) ;
#996 = ORIENTED_EDGE ( 'NONE', *, *, #1629, .T. ) ;
#997 = DIRECTION ( 'NONE',  ( -1.000000000000000000, -6.938893903907233900E-15, 0.000000000000000000 ) ) ;
#998 = DIRECTION ( 'NONE',  ( 2.426671729927916614E-29, -3.497202527569242313E-15, -1.000000000000000000 ) ) ;
#999 = ORIENTED_EDGE ( 'NONE', *, *, #818, .F. ) ;
#1000 = CARTESIAN_POINT ( 'NONE',  ( 15.37943088170089467, 26.05803373717689553, 20.59445279872762313 ) ) ;
#1001 = DIRECTION ( 'NONE',  ( 7.097508525429688494E-15, -1.000000000000000000, 3.497202527569242708E-15 ) ) ;
#1002 = EDGE_CURVE ( 'NONE', #440, #1621, #587, .T. ) ;
#1003 = DIRECTION ( 'NONE',  ( -1.000000000000000000, -6.938893903907222067E-15, 0.000000000000000000 ) ) ;
#1004 = EDGE_LOOP ( 'NONE', ( #790, #538, #352, #2376 ) ) ;
#1005 = EDGE_CURVE ( 'NONE', #1511, #16, #2495, .T. ) ;
#1006 = CARTESIAN_POINT ( 'NONE',  ( 12.07943088170152812, 10.85999470999129812, 19.66750478252090772 ) ) ;
#1007 = EDGE_CURVE ( 'NONE', #2426, #236, #544, .T. ) ;
#1008 = PLANE ( 'NONE',  #1978 ) ;
#1009 = EDGE_CURVE ( 'NONE', #2337, #1299, #1556, .T. ) ;
#1010 = ORIENTED_EDGE ( 'NONE', *, *, #2443, .F. ) ;
#1011 = CYLINDRICAL_SURFACE ( 'NONE', #1572, 1.000000000000000888 ) ;
#1012 = ORIENTED_EDGE ( 'NONE', *, *, #985, .F. ) ;
#1013 = PRODUCT_CONTEXT ( 'NONE', #1247, 'mechanical' ) ;
#1014 = VERTEX_POINT ( 'NONE', #1167 ) ;
#1015 = AXIS2_PLACEMENT_3D ( 'NONE', #1056, #1093, #1268 ) ;
#1016 = CARTESIAN_POINT ( 'NONE',  ( 28.07943088170120305, 12.85999470999142424, 23.49445279872752579 ) ) ;
#1017 = CARTESIAN_POINT ( 'NONE',  ( 19.87943088170121442, 16.46499470999127013, -4.559820604453904913 ) ) ;
#1018 = AXIS2_PLACEMENT_3D ( 'NONE', #1264, #1458, #2234 ) ;
#1019 = AXIS2_PLACEMENT_3D ( 'NONE', #63, #634, #1422 ) ;
#1020 = ORIENTED_EDGE ( 'NONE', *, *, #1059, .F. ) ;
#1021 = AXIS2_PLACEMENT_3D ( 'NONE', #1048, #1839, #2412 ) ;
#1022 = AXIS2_PLACEMENT_3D ( 'NONE', #288, #1303, #2433 ) ;
#1023 = DIRECTION ( 'NONE',  ( 7.097508525429686916E-15, -1.000000000000000000, 3.497202527569242313E-15 ) ) ;
#1024 = ADVANCED_FACE ( 'NONE', ( #2154 ), #798, .T. ) ;
#1025 = VECTOR ( 'NONE', #1126, 1000.000000000000000 ) ;
#1026 = DIRECTION ( 'NONE',  ( 7.097508525429686127E-15, -1.000000000000000000, 3.497202527569242313E-15 ) ) ;
#1027 = EDGE_LOOP ( 'NONE', ( #2046, #478, #961, #1040 ) ) ;
#1028 = ADVANCED_FACE ( 'NONE', ( #350 ), #2167, .F. ) ;
#1029 = CARTESIAN_POINT ( 'NONE',  ( 29.27943088170118102, 15.85999470999130345, -13.10554720127248984 ) ) ;
#1030 = LINE ( 'NONE', #1346, #1730 ) ;
#1031 = DIRECTION ( 'NONE',  ( 0.000000000000000000, -1.000000000000000000, 3.497202527569242313E-15 ) ) ;
#1032 = CARTESIAN_POINT ( 'NONE',  ( 28.67943088170047616, 10.85999470999141359, 19.16750478252090772 ) ) ;
#1033 = VERTEX_POINT ( 'NONE', #2309 ) ;
#1034 = ORIENTED_EDGE ( 'NONE', *, *, #2265, .T. ) ;
#1035 = ORIENTED_EDGE ( 'NONE', *, *, #2140, .T. ) ;
#1036 = LINE ( 'NONE', #434, #1277 ) ;
#1037 = DIRECTION ( 'NONE',  ( 7.097508525429687705E-15, -1.000000000000000000, 3.497202527569242313E-15 ) ) ;
#1038 = LINE ( 'NONE', #242, #284 ) ;
#1039 = DIRECTION ( 'NONE',  ( 1.000000000000000000, 6.938893903907222067E-15, 0.000000000000000000 ) ) ;
#1040 = ORIENTED_EDGE ( 'NONE', *, *, #633, .F. ) ;
#1041 = EDGE_CURVE ( 'NONE', #1214, #2015, #900, .T. ) ;
#1042 = CARTESIAN_POINT ( 'NONE',  ( 14.87943088170098704, 12.85999470999132654, 22.19445279872752863 ) ) ;
#1043 = DIRECTION ( 'NONE',  ( -1.000000000000000000, -7.097508525429686916E-15, 0.000000000000000000 ) ) ;
#1044 = LINE ( 'NONE', #1802, #287 ) ;
#1045 = ORIENTED_EDGE ( 'NONE', *, *, #2330, .F. ) ;
#1046 = ORIENTED_EDGE ( 'NONE', *, *, #1491, .T. ) ;
#1047 = ORIENTED_EDGE ( 'NONE', *, *, #2332, .T. ) ;
#1048 = CARTESIAN_POINT ( 'NONE',  ( 19.87943088170105810, 38.67819814558765046, -4.559820604453981296 ) ) ;
#1049 = EDGE_CURVE ( 'NONE', #1601, #2165, #1530, .T. ) ;
#1050 = DIRECTION ( 'NONE',  ( 1.000000000000000000, 6.938893903907254410E-15, 0.000000000000000000 ) ) ;
#1051 = DIRECTION ( 'NONE',  ( -6.938893903907222067E-15, 1.000000000000000000, 0.000000000000000000 ) ) ;
#1052 = ORIENTED_EDGE ( 'NONE', *, *, #1414, .F. ) ;
#1053 = ORIENTED_EDGE ( 'NONE', *, *, #2113, .F. ) ;
#1054 = EDGE_CURVE ( 'NONE', #575, #226, #1741, .T. ) ;
#1055 = CARTESIAN_POINT ( 'NONE',  ( 15.37943088170089467, 26.05803373717689553, 21.09445279872762669 ) ) ;
#1056 = CARTESIAN_POINT ( 'NONE',  ( 10.67943088170142474, 16.85999470999129457, 21.49445279872750802 ) ) ;
#1057 = AXIS2_PLACEMENT_3D ( 'NONE', #181, #957, #749 ) ;
#1058 = ORIENTED_EDGE ( 'NONE', *, *, #1698, .T. ) ;
#1059 = EDGE_CURVE ( 'NONE', #1646, #518, #2138, .T. ) ;
#1060 = CARTESIAN_POINT ( 'NONE',  ( 10.57943088170152990, 10.85999470999128569, 19.16750478252090772 ) ) ;
#1061 = CIRCLE ( 'NONE', #1312, 2.500000000000002220 ) ;
#1062 = CARTESIAN_POINT ( 'NONE',  ( 22.82943088170121371, 31.06140338681658974, 12.12017939759408414 ) ) ;
#1063 = CIRCLE ( 'NONE', #2261, 0.5000000000000004441 ) ;
#1064 = AXIS2_PLACEMENT_3D ( 'NONE', #946, #1948, #1785 ) ;
#1065 = DIRECTION ( 'NONE',  ( 1.000000000000000000, 6.938893903907222067E-15, 0.000000000000000000 ) ) ;
#1066 = AXIS2_PLACEMENT_3D ( 'NONE', #850, #1452, #1043 ) ;
#1067 = AXIS2_PLACEMENT_3D ( 'NONE', #1176, #1968, #201 ) ;
#1068 = ORIENTED_EDGE ( 'NONE', *, *, #2336, .T. ) ;
#1069 = ORIENTED_EDGE ( 'NONE', *, *, #1577, .F. ) ;
#1070 = DIRECTION ( 'NONE',  ( 1.000000000000000000, 7.885106708985490809E-15, 0.000000000000000000 ) ) ;
#1071 = ORIENTED_EDGE ( 'NONE', *, *, #1882, .T. ) ;
#1072 = CARTESIAN_POINT ( 'NONE',  ( 30.07943088170118884, 17.85999470999142957, 21.49445279872749381 ) ) ;
#1073 = CARTESIAN_POINT ( 'NONE',  ( 12.57943088170152812, 10.85999470999126082, 8.167504782520907725 ) ) ;
#1074 = ORIENTED_EDGE ( 'NONE', *, *, #1136, .T. ) ;
#1075 = ADVANCED_FACE ( 'NONE', ( #1150, #2362 ), #571, .F. ) ;
#1076 = CARTESIAN_POINT ( 'NONE',  ( 11.97943088170139525, 15.85999470999130345, 21.19445279872749666 ) ) ;
#1077 = DIRECTION ( 'NONE',  ( -6.938893903907233900E-15, 1.000000000000000000, -3.469446951953613006E-15 ) ) ;
#1078 = EDGE_CURVE ( 'NONE', #853, #681, #983, .T. ) ;
#1079 = EDGE_CURVE ( 'NONE', #1233, #1869, #1400, .T. ) ;
#1080 = LINE ( 'NONE', #1867, #1402 ) ;
#1081 = ADVANCED_FACE ( 'NONE', ( #21 ), #612, .F. ) ;
#1082 = ORIENTED_EDGE ( 'NONE', *, *, #1049, .F. ) ;
#1083 = EDGE_CURVE ( 'NONE', #1869, #345, #1415, .T. ) ;
#1084 = LINE ( 'NONE', #1870, #1605 ) ;
#1085 = LINE ( 'NONE', #493, #1844 ) ;
#1086 = ORIENTED_EDGE ( 'NONE', *, *, #1078, .T. ) ;
#1087 = DIRECTION ( 'NONE',  ( 7.097508525429686916E-15, -1.000000000000000000, 3.497202527569242313E-15 ) ) ;
#1088 = LINE ( 'NONE', #1905, #1518 ) ;
#1089 = EDGE_LOOP ( 'NONE', ( #2283, #1758, #1179, #972 ) ) ;
#1090 = CYLINDRICAL_SURFACE ( 'NONE', #1644, 2.200000000000094325 ) ;
#1091 = EDGE_LOOP ( 'NONE', ( #659, #1843 ) ) ;
#1092 = CARTESIAN_POINT ( 'NONE',  ( 27.77943088170118813, 15.85999470999129102, -14.60554720127247030 ) ) ;
#1093 = DIRECTION ( 'NONE',  ( 1.040834085586082206E-14, 3.469446951953689525E-15, 1.000000000000000000 ) ) ;
#1094 = ORIENTED_EDGE ( 'NONE', *, *, #1809, .F. ) ;
#1095 = CYLINDRICAL_SURFACE ( 'NONE', #1852, 0.5000000000000004441 ) ;
#1096 = CARTESIAN_POINT ( 'NONE',  ( 10.47943088170146986, 12.85999470999124306, 7.167504782520898843 ) ) ;
#1097 = ORIENTED_EDGE ( 'NONE', *, *, #1987, .T. ) ;
#1098 = AXIS2_PLACEMENT_3D ( 'NONE', #2545, #784, #1893 ) ;
#1099 = SURFACE_STYLE_USAGE ( .BOTH. , #305 ) ;
#1100 = AXIS2_PLACEMENT_3D ( 'NONE', #2038, #663, #88 ) ;
#1101 = AXIS2_PLACEMENT_3D ( 'NONE', #1457, #1613, #268 ) ;
#1102 = VERTEX_POINT ( 'NONE', #810 ) ;
#1103 = AXIS2_PLACEMENT_3D ( 'NONE', #852, #1594, #1418 ) ;
#1104 = CYLINDRICAL_SURFACE ( 'NONE', #1022, 1.999999999999979128 ) ;
#1105 = ORIENTED_EDGE ( 'NONE', *, *, #301, .F. ) ;
#1106 = AXIS2_PLACEMENT_3D ( 'NONE', #1909, #8, #1749 ) ;
#1107 = LINE ( 'NONE', #1129, #47 ) ;
#1108 = CARTESIAN_POINT ( 'NONE',  ( 20.32943088170130608, 17.85999470999133010, 12.12017939759413387 ) ) ;
#1109 = ORIENTED_EDGE ( 'NONE', *, *, #132, .F. ) ;
#1110 = FACE_OUTER_BOUND ( 'NONE', #1181, .T. ) ;
#1111 = DIRECTION ( 'NONE',  ( -7.097508525429687705E-15, 1.000000000000000000, -3.497202527569242313E-15 ) ) ;
#1112 = VERTEX_POINT ( 'NONE', #1042 ) ;
#1113 = CARTESIAN_POINT ( 'NONE',  ( 11.67943088170140165, 16.85999470999130168, 21.49445279872749737 ) ) ;
#1114 = ORIENTED_EDGE ( 'NONE', *, *, #971, .F. ) ;
#1115 = DIRECTION ( 'NONE',  ( -9.941108744852783528E-17, 3.497202527569241525E-15, 1.000000000000000000 ) ) ;
#1116 = DIRECTION ( 'NONE',  ( 6.938893903907233900E-15, -1.000000000000000000, 3.469446951953614189E-15 ) ) ;
#1117 = DIRECTION ( 'NONE',  ( -1.000000000000000000, -6.938893903907222067E-15, 1.040834085586083310E-14 ) ) ;
#1118 = LINE ( 'NONE', #2308, #2296 ) ;
#1119 = CARTESIAN_POINT ( 'NONE',  ( 12.87943088170133876, 15.85999470999118621, -13.75982060445390331 ) ) ;
#1120 = CYLINDRICAL_SURFACE ( 'NONE', #245, 0.5000000000000004441 ) ;
#1121 = ORIENTED_EDGE ( 'NONE', *, *, #792, .T. ) ;
#1122 = CARTESIAN_POINT ( 'NONE',  ( 29.07943088170119594, 16.85999470999142247, 21.49445279872749737 ) ) ;
#1123 = DIRECTION ( 'NONE',  ( 6.982962677686267499E-15, -1.000000000000000000, 3.491481338843133750E-15 ) ) ;
#1124 = ORIENTED_EDGE ( 'NONE', *, *, #2343, .T. ) ;
#1125 = ORIENTED_EDGE ( 'NONE', *, *, #1266, .F. ) ;
#1126 = DIRECTION ( 'NONE',  ( 1.000000000000000000, 7.026728003956803297E-15, -6.587557503709502598E-16 ) ) ;
#1127 = CARTESIAN_POINT ( 'NONE',  ( 11.67943088170141408, 16.85999470999117733, -14.40554720127247990 ) ) ;
#1128 = ORIENTED_EDGE ( 'NONE', *, *, #709, .T. ) ;
#1129 = CARTESIAN_POINT ( 'NONE',  ( 24.87943088170089823, 26.05803373717697013, 22.09445279872763379 ) ) ;
#1130 = CARTESIAN_POINT ( 'NONE',  ( 11.97943088170152670, 12.85999470999117911, -14.60554720127232287 ) ) ;
#1131 = EDGE_CURVE ( 'NONE', #592, #426, #1628, .T. ) ;
#1132 = EDGE_CURVE ( 'NONE', #2264, #1360, #1998, .T. ) ;
#1133 = EDGE_LOOP ( 'NONE', ( #1732, #1738 ) ) ;
#1134 = DIRECTION ( 'NONE',  ( 7.097508525429686127E-15, -1.000000000000000000, 3.497202527569242313E-15 ) ) ;
#1135 = DIRECTION ( 'NONE',  ( -7.097508525429686916E-15, 1.000000000000000000, -3.497202527569242313E-15 ) ) ;
#1136 = EDGE_CURVE ( 'NONE', #699, #1595, #253, .T. ) ;
#1137 = ORIENTED_EDGE ( 'NONE', *, *, #92, .F. ) ;
#1138 = ORIENTED_EDGE ( 'NONE', *, *, #1544, .F. ) ;
#1139 = AXIS2_PLACEMENT_3D ( 'NONE', #1848, #2082, #2273 ) ;
#1140 = DIRECTION ( 'NONE',  ( 0.000000000000000000, -1.000000000000000000, 3.469446951953611033E-15 ) ) ;
#1141 = LINE ( 'NONE', #2305, #7 ) ;
#1142 = AXIS2_PLACEMENT_3D ( 'NONE', #964, #1188, #2536 ) ;
#1143 = CIRCLE ( 'NONE', #77, 7.500000000000003553 ) ;
#1144 = DIRECTION ( 'NONE',  ( -7.097508525429686916E-15, 1.000000000000000000, -3.497202527569242313E-15 ) ) ;
#1145 = CARTESIAN_POINT ( 'NONE',  ( 29.17943088170044064, 15.85999470999137984, 7.667504782520890849 ) ) ;
#1146 = VERTEX_POINT ( 'NONE', #2034 ) ;
#1147 = AXIS2_PLACEMENT_3D ( 'NONE', #537, #1171, #14 ) ;
#1148 = CIRCLE ( 'NONE', #1103, 0.5000000000000004441 ) ;
#1149 = DIRECTION ( 'NONE',  ( 0.000000000000000000, 1.000000000000000000, -3.497202527569242313E-15 ) ) ;
#1150 = FACE_BOUND ( 'NONE', #1561, .T. ) ;
#1151 = CIRCLE ( 'NONE', #1649, 1.000000000000000888 ) ;
#1152 = EDGE_LOOP ( 'NONE', ( #557, #1952, #475, #2126, #1173, #2075 ) ) ;
#1153 = DIRECTION ( 'NONE',  ( 7.097508525429686127E-15, -1.000000000000000000, 3.497202527569242313E-15 ) ) ;
#1154 = CYLINDRICAL_SURFACE ( 'NONE', #2422, 2.000000000000005329 ) ;
#1155 = EDGE_CURVE ( 'NONE', #12, #586, #1395, .T. ) ;
#1156 = ORIENTED_EDGE ( 'NONE', *, *, #2431, .T. ) ;
#1157 = EDGE_CURVE ( 'NONE', #236, #97, #1991, .T. ) ;
#1158 = LINE ( 'NONE', #1638, #2 ) ;
#1159 = EDGE_LOOP ( 'NONE', ( #1786, #53, #797, #899 ) ) ;
#1160 = EDGE_CURVE ( 'NONE', #2392, #1307, #2097, .T. ) ;
#1161 = EDGE_CURVE ( 'NONE', #29, #1033, #2414, .T. ) ;
#1162 = CARTESIAN_POINT ( 'NONE',  ( 14.87943088170099060, 12.85999470999133010, 22.59445279872767287 ) ) ;
#1163 = CARTESIAN_POINT ( 'NONE',  ( 12.87943088170125527, 16.46499470999124171, 2.440179395546138164 ) ) ;
#1164 = ORIENTED_EDGE ( 'NONE', *, *, #2533, .T. ) ;
#1165 = EDGE_CURVE ( 'NONE', #2520, #1554, #748, .T. ) ;
#1166 = CARTESIAN_POINT ( 'NONE',  ( 27.77943088170115615, 15.85999470999141892, 22.69445279872751087 ) ) ;
#1167 = CARTESIAN_POINT ( 'NONE',  ( 10.67943088170141763, 17.85999470999129457, 21.49445279872750447 ) ) ;
#1168 = LINE ( 'NONE', #750, #527 ) ;
#1169 = EDGE_LOOP ( 'NONE', ( #262, #1528, #1977, #2032, #460, #896, #515, #536 ) ) ;
#1170 = DIRECTION ( 'NONE',  ( 1.445602896647339163E-16, 3.469446951953614189E-15, 1.000000000000000000 ) ) ;
#1171 = DIRECTION ( 'NONE',  ( -7.097508525429686916E-15, 1.000000000000000000, -3.497202527569242313E-15 ) ) ;
#1172 = CARTESIAN_POINT ( 'NONE',  ( 11.97943088170150538, 15.85999470999117911, -14.60554720127233352 ) ) ;
#1173 = ORIENTED_EDGE ( 'NONE', *, *, #985, .T. ) ;
#1174 = ADVANCED_FACE ( 'NONE', ( #2493 ), #2293, .T. ) ;
#1175 = LINE ( 'NONE', #1967, #817 ) ;
#1176 = CARTESIAN_POINT ( 'NONE',  ( 24.87943088170089823, 26.05803373717697013, 22.59445279872762313 ) ) ;
#1177 = CARTESIAN_POINT ( 'NONE',  ( 26.87943088170127126, 15.85999470999128746, -13.75982060445391042 ) ) ;
#1178 = CARTESIAN_POINT ( 'NONE',  ( 29.27943088170118813, 15.85999470999142602, 7.167504782520889961 ) ) ;
#1179 = ORIENTED_EDGE ( 'NONE', *, *, #1356, .T. ) ;
#1180 = DIRECTION ( 'NONE',  ( 7.097508525429687705E-15, -1.000000000000000000, 3.497202527569242313E-15 ) ) ;
#1181 = EDGE_LOOP ( 'NONE', ( #2071, #2207, #1885, #855 ) ) ;
#1182 = AXIS2_PLACEMENT_3D ( 'NONE', #1944, #381, #717 ) ;
#1183 = DIRECTION ( 'NONE',  ( -6.938893903907222067E-15, 1.000000000000000000, 0.000000000000000000 ) ) ;
#1184 = CARTESIAN_POINT ( 'NONE',  ( 29.27943088170118102, 15.85999470999130345, -13.10554720127248984 ) ) ;
#1185 = LINE ( 'NONE', #386, #2101 ) ;
#1186 = ORIENTED_EDGE ( 'NONE', *, *, #572, .T. ) ;
#1187 = EDGE_LOOP ( 'NONE', ( #1010, #2237, #1420, #2121, #41, #65, #156, #257, #999, #313, #2441, #631, #2534, #870, #2117, #510, #1771, #1557, #912, #1614, #1317, #1046, #929, #1468, #1379, #2327, #2356, #968, #10, #2311, #843, #344 ) ) ;
#1188 = DIRECTION ( 'NONE',  ( -7.097508525429686916E-15, 1.000000000000000000, -3.497202527569242313E-15 ) ) ;
#1189 = SHAPE_DEFINITION_REPRESENTATION ( #487, #814 ) ;
#1190 = PLANE ( 'NONE',  #1773 ) ;
#1191 = CIRCLE ( 'NONE', #2147, 0.5000000000000004441 ) ;
#1192 = AXIS2_PLACEMENT_3D ( 'NONE', #1744, #1123, #343 ) ;
#1193 = VECTOR ( 'NONE', #110, 1000.000000000000000 ) ;
#1194 = VECTOR ( 'NONE', #1547, 1000.000000000000000 ) ;
#1195 = PRODUCT_RELATED_PRODUCT_CATEGORY ( 'part', '', ( #2080 ) ) ;
#1196 = CARTESIAN_POINT ( 'NONE',  ( 27.67943088170044419, 15.85999470999140826, 19.16750478252088996 ) ) ;
#1197 = CARTESIAN_POINT ( 'NONE',  ( 10.67943088170115118, 42.56652425765614112, -11.55982060445399817 ) ) ;
#1198 = EDGE_CURVE ( 'NONE', #1818, #2092, #558, .T. ) ;
#1199 = AXIS2_PLACEMENT_3D ( 'NONE', #1196, #22, #193 ) ;
#1200 = CIRCLE ( 'NONE', #864, 2.199999999999957101 ) ;
#1201 = DIRECTION ( 'NONE',  ( 7.097508525429686127E-15, -1.000000000000000000, 3.497202527569242313E-15 ) ) ;
#1202 = VERTEX_POINT ( 'NONE', #916 ) ;
#1203 = LINE ( 'NONE', #1795, #1482 ) ;
#1204 = EDGE_CURVE ( 'NONE', #592, #588, #2286, .T. ) ;
#1205 = DIRECTION ( 'NONE',  ( -6.938893903907233900E-15, 1.000000000000000000, -3.469446951953614189E-15 ) ) ;
#1206 = APPLICATION_PROTOCOL_DEFINITION ( 'draft international standard', 'automotive_design', 1998, #1247 ) ;
#1207 = DIRECTION ( 'NONE',  ( -1.000000000000000000, -6.938893903907222067E-15, -2.312964634635740689E-15 ) ) ;
#1208 = VERTEX_POINT ( 'NONE', #1764 ) ;
#1209 = ORIENTED_EDGE ( 'NONE', *, *, #1244, .F. ) ;
#1210 = DIRECTION ( 'NONE',  ( 1.000000000000000000, 7.097508525429685338E-15, -5.288791085295226363E-16 ) ) ;
#1211 = VERTEX_POINT ( 'NONE', #2541 ) ;
#1212 = ORIENTED_EDGE ( 'NONE', *, *, #1425, .F. ) ;
#1213 = PLANE ( 'NONE',  #1604 ) ;
#1214 = VERTEX_POINT ( 'NONE', #1324 ) ;
#1215 = EDGE_CURVE ( 'NONE', #1383, #1595, #66, .T. ) ;
#1216 = DIRECTION ( 'NONE',  ( 1.000000000000000000, 6.938893903907222067E-15, 0.000000000000000000 ) ) ;
#1217 = EDGE_CURVE ( 'NONE', #307, #2168, #180, .T. ) ;
#1218 = CARTESIAN_POINT ( 'NONE',  ( 10.97943088170146986, 12.85999470999125194, 7.667504782520900619 ) ) ;
#1219 = VERTEX_POINT ( 'NONE', #529 ) ;
#1220 = VERTEX_POINT ( 'NONE', #956 ) ;
#1221 = VERTEX_POINT ( 'NONE', #542 ) ;
#1222 = DIRECTION ( 'NONE',  ( -7.097508525429686916E-15, 1.000000000000000000, -3.497202527569242313E-15 ) ) ;
#1223 = CIRCLE ( 'NONE', #356, 0.5000000000000004441 ) ;
#1224 = ADVANCED_FACE ( 'NONE', ( #1371 ), #2153, .F. ) ;
#1225 = CARTESIAN_POINT ( 'NONE',  ( 28.07943088170118173, 12.85999470999128924, -15.40554720127248345 ) ) ;
#1226 = ORIENTED_EDGE ( 'NONE', *, *, #519, .T. ) ;
#1227 = DIRECTION ( 'NONE',  ( 1.000000000000000000, 6.938893903907198401E-15, -0.000000000000000000 ) ) ;
#1228 = AXIS2_PLACEMENT_3D ( 'NONE', #1754, #1372, #763 ) ;
#1229 = CARTESIAN_POINT ( 'NONE',  ( 27.17943088170047616, 10.85999470999140470, 19.66750478252090772 ) ) ;
#1230 = DIRECTION ( 'NONE',  ( 6.938893903907233900E-15, -1.000000000000000000, 3.469446951953613006E-15 ) ) ;
#1231 = CIRCLE ( 'NONE', #448, 1.999999999999986233 ) ;
#1232 = AXIS2_PLACEMENT_3D ( 'NONE', #102, #1111, #2440 ) ;
#1233 = VERTEX_POINT ( 'NONE', #157 ) ;
#1234 = CARTESIAN_POINT ( 'NONE',  ( 29.07943088170130252, 16.46499470999130921, -11.55982060445381698 ) ) ;
#1235 = ORIENTED_EDGE ( 'NONE', *, *, #1807, .T. ) ;
#1236 = AXIS2_PLACEMENT_3D ( 'NONE', #292, #1854, #278 ) ;
#1237 = CIRCLE ( 'NONE', #1064, 2.200000000000094325 ) ;
#1238 = CARTESIAN_POINT ( 'NONE',  ( 29.07943088170130963, 15.85999470999131056, -11.55982060445381343 ) ) ;
#1239 = PLANE ( 'NONE',  #1101 ) ;
#1240 = EDGE_CURVE ( 'NONE', #2052, #1607, #1107, .T. ) ;
#1241 = CIRCLE ( 'NONE', #1373, 0.5000000000000004441 ) ;
#1242 = CARTESIAN_POINT ( 'NONE',  ( 14.87790327638489885, 18.56140338681651869, 10.11372225237001388 ) ) ;
#1243 = ORIENTED_EDGE ( 'NONE', *, *, #230, .F. ) ;
#1244 = EDGE_CURVE ( 'NONE', #1326, #162, #2111, .T. ) ;
#1245 = DIRECTION ( 'NONE',  ( -3.034501707248057936E-16, -3.540251991789401123E-15, -1.000000000000000000 ) ) ;
#1246 = FACE_OUTER_BOUND ( 'NONE', #1648, .T. ) ;
#1247 = APPLICATION_CONTEXT ( 'automotive_design' ) ;
#1248 = EDGE_CURVE ( 'NONE', #2248, #2146, #1191, .T. ) ;
#1249 = LINE ( 'NONE', #476, #2192 ) ;
#1250 = DIRECTION ( 'NONE',  ( -1.000000000000000000, -6.938893903907222067E-15, 0.000000000000000000 ) ) ;
#1251 = ORIENTED_EDGE ( 'NONE', *, *, #1953, .T. ) ;
#1252 = DIRECTION ( 'NONE',  ( -1.000000000000000000, -6.938893903907205501E-15, 0.000000000000000000 ) ) ;
#1253 = DIRECTION ( 'NONE',  ( 0.000000000000000000, 1.000000000000000000, -3.497202527569247047E-15 ) ) ;
#1254 = CYLINDRICAL_SURFACE ( 'NONE', #2497, 1.499999999999999556 ) ;
#1255 = EDGE_CURVE ( 'NONE', #2400, #2365, #1118, .T. ) ;
#1256 = ORIENTED_EDGE ( 'NONE', *, *, #1882, .F. ) ;
#1257 = EDGE_CURVE ( 'NONE', #2264, #1818, #76, .T. ) ;
#1258 = DIRECTION ( 'NONE',  ( -7.097508525429686916E-15, 1.000000000000000000, 0.000000000000000000 ) ) ;
#1259 = ORIENTED_EDGE ( 'NONE', *, *, #633, .T. ) ;
#1260 = ORIENTED_EDGE ( 'NONE', *, *, #2508, .F. ) ;
#1261 = EDGE_LOOP ( 'NONE', ( #2466, #1138, #1921, #2160 ) ) ;
#1262 = CARTESIAN_POINT ( 'NONE',  ( 12.57943088170149437, 15.85999470999130345, 19.66750478252088996 ) ) ;
#1263 = CARTESIAN_POINT ( 'NONE',  ( 11.67943088170140165, 16.85999470999130168, 21.49445279872749737 ) ) ;
#1264 = CARTESIAN_POINT ( 'NONE',  ( 28.07943088170111423, 16.85999470999141892, 22.49445279872751868 ) ) ;
#1265 = ORIENTED_EDGE ( 'NONE', *, *, #891, .F. ) ;
#1266 = EDGE_CURVE ( 'NONE', #1211, #1872, #2328, .T. ) ;
#1267 = FACE_BOUND ( 'NONE', #774, .T. ) ;
#1268 = DIRECTION ( 'NONE',  ( 1.000000000000000000, 0.000000000000000000, -1.040834085586083310E-14 ) ) ;
#1269 = ORIENTED_EDGE ( 'NONE', *, *, #1160, .F. ) ;
#1270 = VECTOR ( 'NONE', #987, 1000.000000000000000 ) ;
#1271 = EDGE_LOOP ( 'NONE', ( #844, #1368, #1876, #291, #1984, #2455 ) ) ;
#1272 = EDGE_CURVE ( 'NONE', #1549, #423, #1740, .T. ) ;
#1273 = DIRECTION ( 'NONE',  ( 2.478176394252598397E-16, 3.469446951953637855E-15, 1.000000000000000000 ) ) ;
#1274 = CIRCLE ( 'NONE', #616, 0.5000000000000004441 ) ;
#1275 = AXIS2_PLACEMENT_3D ( 'NONE', #293, #1077, #2268 ) ;
#1276 = CARTESIAN_POINT ( 'NONE',  ( 28.07943088170117107, 17.85999470999128746, -15.40554720127249055 ) ) ;
#1277 = VECTOR ( 'NONE', #1820, 1000.000000000000000 ) ;
#1278 = VERTEX_POINT ( 'NONE', #925 ) ;
#1279 = CIRCLE ( 'NONE', #5, 0.5000000000000004441 ) ;
#1280 = EDGE_CURVE ( 'NONE', #1931, #218, #1719, .T. ) ;
#1281 = DIRECTION ( 'NONE',  ( 1.000000000000000000, 6.938893903907225222E-15, 0.000000000000000000 ) ) ;
#1282 = AXIS2_PLACEMENT_3D ( 'NONE', #1643, #1834, #833 ) ;
#1283 = VERTEX_POINT ( 'NONE', #2473 ) ;
#1284 = DIRECTION ( 'NONE',  ( -1.000000000000000000, -6.938893903907300953E-15, 0.000000000000000000 ) ) ;
#1285 = DIRECTION ( 'NONE',  ( -7.097508525429687705E-15, 1.000000000000000000, 0.000000000000000000 ) ) ;
#1286 = DIRECTION ( 'NONE',  ( 7.097508525429686127E-15, -1.000000000000000000, 3.497202527569242313E-15 ) ) ;
#1287 = FACE_OUTER_BOUND ( 'NONE', #2083, .T. ) ;
#1288 = DIRECTION ( 'NONE',  ( 0.000000000000000000, 1.000000000000000000, -3.497202527569246258E-15 ) ) ;
#1289 = EDGE_LOOP ( 'NONE', ( #20, #1709, #2016, #1755 ) ) ;
#1290 = CARTESIAN_POINT ( 'NONE',  ( 28.07943088170119239, 17.85999470999141892, 22.49445279872751513 ) ) ;
#1291 = ORIENTED_EDGE ( 'NONE', *, *, #2343, .F. ) ;
#1292 = LINE ( 'NONE', #1092, #528 ) ;
#1293 = DIRECTION ( 'NONE',  ( 1.000000000000000000, 7.097508525429696383E-15, 2.832201593431510485E-15 ) ) ;
#1294 = DIRECTION ( 'NONE',  ( -7.097508525429686916E-15, 1.000000000000000000, 0.000000000000000000 ) ) ;
#1295 = ORIENTED_EDGE ( 'NONE', *, *, #1257, .F. ) ;
#1296 = VERTEX_POINT ( 'NONE', #1747 ) ;
#1297 = CYLINDRICAL_SURFACE ( 'NONE', #2421, 0.5000000000000004441 ) ;
#1298 = DIRECTION ( 'NONE',  ( 1.000000000000000000, 6.938893903907222067E-15, 0.000000000000000000 ) ) ;
#1299 = VERTEX_POINT ( 'NONE', #756 ) ;
#1300 = DIRECTION ( 'NONE',  ( -1.000000000000000000, -6.938893903907222067E-15, -2.081668171172166541E-15 ) ) ;
#1301 = EDGE_CURVE ( 'NONE', #1014, #1752, #1479, .T. ) ;
#1302 = EDGE_LOOP ( 'NONE', ( #1392, #1086 ) ) ;
#1303 = DIRECTION ( 'NONE',  ( 7.097508525429686916E-15, -1.000000000000000000, 3.497202527569242313E-15 ) ) ;
#1304 = CARTESIAN_POINT ( 'NONE',  ( 10.47943088170150538, 15.85999470999117200, -13.10554720127233352 ) ) ;
#1305 = CARTESIAN_POINT ( 'NONE',  ( 14.87943088170089290, 26.05803373717689198, 22.09445279872762669 ) ) ;
#1306 = DIRECTION ( 'NONE',  ( 7.097508525429686916E-15, -1.000000000000000000, 3.497202527569242313E-15 ) ) ;
#1307 = VERTEX_POINT ( 'NONE', #1363 ) ;
#1308 = CARTESIAN_POINT ( 'NONE',  ( 24.87943088170099060, 12.85999470999139760, 22.09445279872767998 ) ) ;
#1309 = DIRECTION ( 'NONE',  ( 6.982962677686266711E-15, -1.000000000000000000, 3.491481338843133355E-15 ) ) ;
#1310 = VECTOR ( 'NONE', #997, 1000.000000000000000 ) ;
#1311 = ORIENTED_EDGE ( 'NONE', *, *, #545, .F. ) ;
#1312 = AXIS2_PLACEMENT_3D ( 'NONE', #642, #51, #2413 ) ;
#1313 = CARTESIAN_POINT ( 'NONE',  ( 10.47943088170143078, 12.85999470999129279, 21.19445279872750376 ) ) ;
#1314 = EDGE_CURVE ( 'NONE', #1752, #2136, #1365, .T. ) ;
#1315 = CIRCLE ( 'NONE', #412, 1.500000000000004885 ) ;
#1316 = CIRCLE ( 'NONE', #1480, 0.5000000000000004441 ) ;
#1317 = ORIENTED_EDGE ( 'NONE', *, *, #1897, .F. ) ;
#1318 = VECTOR ( 'NONE', #330, 1000.000000000000000 ) ;
#1319 = CIRCLE ( 'NONE', #2189, 7.500000000000003553 ) ;
#1320 = DIRECTION ( 'NONE',  ( -9.941108744852742852E-17, -3.497202527569243102E-15, -1.000000000000000000 ) ) ;
#1321 = LINE ( 'NONE', #1898, #1521 ) ;
#1322 = CARTESIAN_POINT ( 'NONE',  ( 11.67943088170140875, 12.85999470999118088, -13.40554720127249944 ) ) ;
#1323 = CIRCLE ( 'NONE', #215, 2.500000000000002220 ) ;
#1324 = CARTESIAN_POINT ( 'NONE',  ( 28.67943088170047616, 10.85999470999137451, 7.667504782520907725 ) ) ;
#1325 = PLANE ( 'NONE',  #1139 ) ;
#1326 = VERTEX_POINT ( 'NONE', #377 ) ;
#1327 = DIRECTION ( 'NONE',  ( 0.000000000000000000, 1.000000000000000000, -3.469446951953607484E-15 ) ) ;
#1328 = ORIENTED_EDGE ( 'NONE', *, *, #734, .F. ) ;
#1329 = ORIENTED_EDGE ( 'NONE', *, *, #2521, .F. ) ;
#1330 = DIRECTION ( 'NONE',  ( 7.097508525429686916E-15, -1.000000000000000000, 3.497202527569242313E-15 ) ) ;
#1331 = ADVANCED_FACE ( 'NONE', ( #1908 ), #2131, .T. ) ;
#1332 = DIRECTION ( 'NONE',  ( -7.097508525429686916E-15, 1.000000000000000000, -3.497202527569242313E-15 ) ) ;
#1333 = DIRECTION ( 'NONE',  ( 9.941108744852742852E-17, 3.497202527569243102E-15, 1.000000000000000000 ) ) ;
#1334 = EDGE_LOOP ( 'NONE', ( #2180, #2314, #2410, #1483 ) ) ;
#1335 = DIRECTION ( 'NONE',  ( 7.097508525429686916E-15, -1.000000000000000000, 3.497202527569242313E-15 ) ) ;
#1336 = CARTESIAN_POINT ( 'NONE',  ( 14.37943088170089290, 26.05803373717689198, 22.19445279872748245 ) ) ;
#1337 = ADVANCED_FACE ( 'NONE', ( #2008 ), #1008, .F. ) ;
#1338 = DIRECTION ( 'NONE',  ( -7.097508525429686916E-15, 1.000000000000000000, -3.497202527569242313E-15 ) ) ;
#1339 = VERTEX_POINT ( 'NONE', #1225 ) ;
#1340 = CARTESIAN_POINT ( 'NONE',  ( 26.87943088170114336, 42.56652425765631165, 4.640179395545999341 ) ) ;
#1341 = CARTESIAN_POINT ( 'NONE',  ( 28.07943088170117107, 17.85999470999129457, -13.40554720127250476 ) ) ;
#1342 = ORIENTED_EDGE ( 'NONE', *, *, #1160, .T. ) ;
#1343 = DIRECTION ( 'NONE',  ( -1.000000000000000000, -6.938893903907330930E-15, 0.000000000000000000 ) ) ;
#1344 = DIRECTION ( 'NONE',  ( -1.000000000000000000, -6.938893903907226800E-15, -6.938893903907227392E-16 ) ) ;
#1345 = CARTESIAN_POINT ( 'NONE',  ( 28.07943088170117463, 16.85999470999141536, 21.49445279872749737 ) ) ;
#1346 = CARTESIAN_POINT ( 'NONE',  ( 10.57943088170152812, 10.85999470999124838, 8.167504782520907725 ) ) ;
#1347 = ORIENTED_EDGE ( 'NONE', *, *, #1155, .T. ) ;
#1348 = CARTESIAN_POINT ( 'NONE',  ( 10.47943088170143078, 12.85999470999129279, 21.19445279872750376 ) ) ;
#1349 = DIRECTION ( 'NONE',  ( 7.097508525429687705E-15, -1.000000000000000000, 3.497202527569242313E-15 ) ) ;
#1350 = EDGE_CURVE ( 'NONE', #348, #2506, #2344, .T. ) ;
#1351 = ORIENTED_EDGE ( 'NONE', *, *, #1007, .T. ) ;
#1352 = EDGE_CURVE ( 'NONE', #2129, #2065, #389, .T. ) ;
#1353 = DIRECTION ( 'NONE',  ( 7.097508525429688494E-15, -1.000000000000000000, 3.497202527569242708E-15 ) ) ;
#1354 = DIRECTION ( 'NONE',  ( -6.938893903907198401E-15, 1.000000000000000000, -3.469446951953613006E-15 ) ) ;
#1355 = ORIENTED_EDGE ( 'NONE', *, *, #2521, .T. ) ;
#1356 = EDGE_CURVE ( 'NONE', #2479, #2302, #607, .T. ) ;
#1357 = EDGE_CURVE ( 'NONE', #2092, #2168, #1845, .T. ) ;
#1358 = VERTEX_POINT ( 'NONE', #2187 ) ;
#1359 = DIRECTION ( 'NONE',  ( -1.387778780781446780E-14, 3.469446951953514398E-15, 1.000000000000000000 ) ) ;
#1360 = VERTEX_POINT ( 'NONE', #1966 ) ;
#1361 = ADVANCED_FACE ( 'NONE', ( #199 ), #793, .F. ) ;
#1362 = AXIS2_PLACEMENT_3D ( 'NONE', #1659, #671, #1294 ) ;
#1363 = CARTESIAN_POINT ( 'NONE',  ( 11.07943088170152812, 10.85999470999125016, 7.667504782520907725 ) ) ;
#1364 = DIRECTION ( 'NONE',  ( -9.941108744852742852E-17, -3.497202527569243102E-15, -1.000000000000000000 ) ) ;
#1365 = CIRCLE ( 'NONE', #727, 1.000000000000000888 ) ;
#1366 = VECTOR ( 'NONE', #546, 1000.000000000000000 ) ;
#1367 = DIRECTION ( 'NONE',  ( -1.000000000000000000, -7.062802723619846637E-15, 3.097720492815722235E-16 ) ) ;
#1368 = ORIENTED_EDGE ( 'NONE', *, *, #2527, .T. ) ;
#1369 = AXIS2_PLACEMENT_3D ( 'NONE', #730, #2135, #2291 ) ;
#1370 = CIRCLE ( 'NONE', #619, 0.5000000000000004441 ) ;
#1371 = FACE_OUTER_BOUND ( 'NONE', #129, .T. ) ;
#1372 = DIRECTION ( 'NONE',  ( 7.097508525429686916E-15, -1.000000000000000000, 3.497202527569242313E-15 ) ) ;
#1373 = AXIS2_PLACEMENT_3D ( 'NONE', #614, #183, #1999 ) ;
#1374 = ORIENTED_EDGE ( 'NONE', *, *, #1430, .F. ) ;
#1375 = LINE ( 'NONE', #1416, #789 ) ;
#1376 = DIRECTION ( 'NONE',  ( 0.000000000000000000, 3.469446951953614189E-15, 1.000000000000000000 ) ) ;
#1377 = DIRECTION ( 'NONE',  ( 7.097508525429686916E-15, -1.000000000000000000, 3.497202527569242313E-15 ) ) ;
#1378 = ORIENTED_EDGE ( 'NONE', *, *, #1131, .F. ) ;
#1379 = ORIENTED_EDGE ( 'NONE', *, *, #1132, .F. ) ;
#1380 = DIRECTION ( 'NONE',  ( -1.000000000000000000, -7.097508525429685338E-15, 5.288791085295226363E-16 ) ) ;
#1381 = CARTESIAN_POINT ( 'NONE',  ( 28.07943088170118173, 12.85999470999129635, -13.40554720127249766 ) ) ;
#1382 = DIRECTION ( 'NONE',  ( -1.000000000000000000, -6.938893903907222067E-15, 0.000000000000000000 ) ) ;
#1383 = VERTEX_POINT ( 'NONE', #2218 ) ;
#1384 = CARTESIAN_POINT ( 'NONE',  ( 24.37943088170107586, 0.6619556828058191789, 22.09445279872771906 ) ) ;
#1385 = ORIENTED_EDGE ( 'NONE', *, *, #947, .F. ) ;
#1386 = CARTESIAN_POINT ( 'NONE',  ( 11.97943088170152670, 12.85999470999117911, -14.60554720127232287 ) ) ;
#1387 = CARTESIAN_POINT ( 'NONE',  ( 22.82943088170130608, 17.85999470999134786, 12.12017939759413210 ) ) ;
#1388 = DIRECTION ( 'NONE',  ( -1.000000000000000000, -6.938893903907222067E-15, 0.000000000000000000 ) ) ;
#1389 = ORIENTED_EDGE ( 'NONE', *, *, #1463, .T. ) ;
#1390 = CARTESIAN_POINT ( 'NONE',  ( 19.87943088170120731, 17.46499470999127013, -4.559820604453906689 ) ) ;
#1391 = CARTESIAN_POINT ( 'NONE',  ( 27.67943088170047616, 10.85999470999140648, 19.16750478252090772 ) ) ;
#1392 = ORIENTED_EDGE ( 'NONE', *, *, #1524, .T. ) ;
#1393 = ORIENTED_EDGE ( 'NONE', *, *, #1655, .T. ) ;
#1394 = LINE ( 'NONE', #229, #2225 ) ;
#1395 = LINE ( 'NONE', #2182, #652 ) ;
#1396 = DIRECTION ( 'NONE',  ( 1.000000000000000000, 6.938893903907245733E-15, 0.000000000000000000 ) ) ;
#1397 = EDGE_LOOP ( 'NONE', ( #465, #1265, #1803, #2539 ) ) ;
#1398 = APPLICATION_PROTOCOL_DEFINITION ( 'draft international standard', 'automotive_design', 1998, #1902 ) ;
#1399 = CARTESIAN_POINT ( 'NONE',  ( 29.27943088170119879, 12.85999470999130523, -13.10554720127247919 ) ) ;
#1400 = CIRCLE ( 'NONE', #116, 0.5000000000000004441 ) ;
#1401 = ORIENTED_EDGE ( 'NONE', *, *, #2139, .F. ) ;
#1402 = VECTOR ( 'NONE', #260, 1000.000000000000000 ) ;
#1403 = VECTOR ( 'NONE', #1840, 1000.000000000000000 ) ;
#1404 = DIRECTION ( 'NONE',  ( 7.097508525429688494E-15, -1.000000000000000000, 3.497202527569242708E-15 ) ) ;
#1405 = VECTOR ( 'NONE', #650, 1000.000000000000000 ) ;
#1406 = DIRECTION ( 'NONE',  ( 7.097508525429686916E-15, -1.000000000000000000, 3.497202527569242313E-15 ) ) ;
#1407 = AXIS2_PLACEMENT_3D ( 'NONE', #2156, #2169, #783 ) ;
#1408 = DIRECTION ( 'NONE',  ( -7.097508525429686916E-15, 1.000000000000000000, -3.497202527569242313E-15 ) ) ;
#1409 = VERTEX_POINT ( 'NONE', #1672 ) ;
#1410 = CYLINDRICAL_SURFACE ( 'NONE', #3, 1.499999999999994449 ) ;
#1411 = DIRECTION ( 'NONE',  ( 7.097508525429686916E-15, -1.000000000000000000, 3.497202527569242313E-15 ) ) ;
#1412 = VERTEX_POINT ( 'NONE', #282 ) ;
#1413 = ADVANCED_FACE ( 'NONE', ( #2042 ), #464, .F. ) ;
#1414 = EDGE_CURVE ( 'NONE', #809, #304, #1639, .T. ) ;
#1415 = LINE ( 'NONE', #1000, #1563 ) ;
#1416 = CARTESIAN_POINT ( 'NONE',  ( 10.57943088170152812, 10.85999470999124661, 7.667504782520907725 ) ) ;
#1417 = ADVANCED_FACE ( 'NONE', ( #269 ), #1254, .F. ) ;
#1418 = DIRECTION ( 'NONE',  ( 1.000000000000000000, 6.938893903907222067E-15, 0.000000000000000000 ) ) ;
#1419 = ORIENTED_EDGE ( 'NONE', *, *, #2408, .T. ) ;
#1420 = ORIENTED_EDGE ( 'NONE', *, *, #1733, .F. ) ;
#1421 = ORIENTED_EDGE ( 'NONE', *, *, #1204, .T. ) ;
#1422 = DIRECTION ( 'NONE',  ( -1.000000000000000000, -6.938893903907125826E-15, 0.000000000000000000 ) ) ;
#1423 = ORIENTED_EDGE ( 'NONE', *, *, #1314, .T. ) ;
#1424 = LINE ( 'NONE', #68, #2150 ) ;
#1425 = EDGE_CURVE ( 'NONE', #1202, #348, #115, .T. ) ;
#1426 = DIRECTION ( 'NONE',  ( 7.097508525429688494E-15, -1.000000000000000000, 3.497202527569242708E-15 ) ) ;
#1427 = VERTEX_POINT ( 'NONE', #1841 ) ;
#1428 = DIRECTION ( 'NONE',  ( 6.938893903907198401E-15, -1.000000000000000000, 3.469446951953613006E-15 ) ) ;
#1429 = FACE_OUTER_BOUND ( 'NONE', #1578, .T. ) ;
#1430 = EDGE_CURVE ( 'NONE', #2129, #1233, #1485, .T. ) ;
#1431 = PLANE ( 'NONE',  #2380 ) ;
#1432 = FACE_OUTER_BOUND ( 'NONE', #1453, .T. ) ;
#1433 = ADVANCED_FACE ( 'NONE', ( #75 ), #1449, .T. ) ;
#1434 = VERTEX_POINT ( 'NONE', #689 ) ;
#1435 = DIRECTION ( 'NONE',  ( 0.000000000000000000, -1.000000000000000000, 3.497202527569242313E-15 ) ) ;
#1436 = VECTOR ( 'NONE', #416, 1000.000000000000000 ) ;
#1437 = VECTOR ( 'NONE', #1245, 1000.000000000000000 ) ;
#1438 = CARTESIAN_POINT ( 'NONE',  ( 13.37790327638490240, 17.85999470999127325, 10.11372225237001921 ) ) ;
#1439 = DIRECTION ( 'NONE',  ( -7.097508525429686916E-15, 1.000000000000000000, -3.497202527569242313E-15 ) ) ;
#1440 = CIRCLE ( 'NONE', #2100, 1.999999999999979128 ) ;
#1441 = AXIS2_PLACEMENT_3D ( 'NONE', #2074, #874, #1662 ) ;
#1442 = VERTEX_POINT ( 'NONE', #473 ) ;
#1443 = ORIENTED_EDGE ( 'NONE', *, *, #1863, .F. ) ;
#1444 = AXIS2_PLACEMENT_3D ( 'NONE', #2398, #46, #1610 ) ;
#1445 = ADVANCED_FACE ( 'NONE', ( #2442 ), #847, .F. ) ;
#1446 = LINE ( 'NONE', #1238, #2420 ) ;
#1447 = DIRECTION ( 'NONE',  ( -1.000000000000000000, -6.938893903907222067E-15, 0.000000000000000000 ) ) ;
#1448 = CIRCLE ( 'NONE', #329, 2.199999999999957101 ) ;
#1449 = CYLINDRICAL_SURFACE ( 'NONE', #1018, 1.000000000000000888 ) ;
#1450 = EDGE_LOOP ( 'NONE', ( #1515, #58, #1105, #565 ) ) ;
#1451 = CARTESIAN_POINT ( 'NONE',  ( 11.67943088170140165, 16.85999470999118088, -13.40554720127250299 ) ) ;
#1452 = DIRECTION ( 'NONE',  ( -7.097508525429686916E-15, 1.000000000000000000, -3.497202527569242313E-15 ) ) ;
#1453 = EDGE_LOOP ( 'NONE', ( #1269, #103, #1895, #328 ) ) ;
#1454 = ORIENTED_EDGE ( 'NONE', *, *, #36, .F. ) ;
#1455 = ORIENTED_EDGE ( 'NONE', *, *, #1002, .F. ) ;
#1456 = FACE_OUTER_BOUND ( 'NONE', #1627, .T. ) ;
#1457 = CARTESIAN_POINT ( 'NONE',  ( 10.67943088170111388, 42.56652425765619796, 2.440179395545999608 ) ) ;
#1458 = DIRECTION ( 'NONE',  ( -1.000000000000000000, -7.097508525429693227E-15, -1.692413147294466875E-15 ) ) ;
#1459 = ORIENTED_EDGE ( 'NONE', *, *, #132, .T. ) ;
#1460 = ORIENTED_EDGE ( 'NONE', *, *, #1695, .T. ) ;
#1461 = ADVANCED_FACE ( 'NONE', ( #2252 ), #2417, .T. ) ;
#1462 = ORIENTED_EDGE ( 'NONE', *, *, #2263, .F. ) ;
#1463 = EDGE_CURVE ( 'NONE', #1208, #2274, #858, .T. ) ;
#1464 = PLANE ( 'NONE',  #907 ) ;
#1465 = DIRECTION ( 'NONE',  ( 1.000000000000000000, 6.938893903907222067E-15, 0.000000000000000000 ) ) ;
#1466 = EDGE_LOOP ( 'NONE', ( #1951, #835, #1505, #2272 ) ) ;
#1467 = EDGE_CURVE ( 'NONE', #581, #933, #1080, .T. ) ;
#1468 = ORIENTED_EDGE ( 'NONE', *, *, #1577, .T. ) ;
#1469 = PLANE ( 'NONE',  #1813 ) ;
#1470 = CARTESIAN_POINT ( 'NONE',  ( 10.47943088170141301, 15.85999470999129990, 20.16750478252088996 ) ) ;
#1471 = ORIENTED_EDGE ( 'NONE', *, *, #1215, .F. ) ;
#1472 = CARTESIAN_POINT ( 'NONE',  ( 28.07943088170117463, 16.85999470999129102, -14.40554720127248522 ) ) ;
#1473 = ORIENTED_EDGE ( 'NONE', *, *, #1079, .F. ) ;
#1474 = DIRECTION ( 'NONE',  ( -1.000000000000000000, -6.938893903907222067E-15, 0.000000000000000000 ) ) ;
#1475 = VERTEX_POINT ( 'NONE', #453 ) ;
#1476 = AXIS2_PLACEMENT_3D ( 'NONE', #1667, #1306, #1474 ) ;
#1477 = ORIENTED_EDGE ( 'NONE', *, *, #625, .F. ) ;
#1478 = DIRECTION ( 'NONE',  ( -7.097508525429686916E-15, 1.000000000000000000, -3.497202527569242313E-15 ) ) ;
#1479 = CIRCLE ( 'NONE', #2055, 0.9999999999999852340 ) ;
#1480 = AXIS2_PLACEMENT_3D ( 'NONE', #26, #2041, #1447 ) ;
#1481 = LINE ( 'NONE', #2085, #2381 ) ;
#1482 = VECTOR ( 'NONE', #25, 1000.000000000000000 ) ;
#1483 = ORIENTED_EDGE ( 'NONE', *, *, #1280, .F. ) ;
#1484 = AXIS2_PLACEMENT_3D ( 'NONE', #512, #892, #1677 ) ;
#1485 = LINE ( 'NONE', #667, #825 ) ;
#1486 = AXIS2_PLACEMENT_3D ( 'NONE', #1783, #13, #2386 ) ;
#1487 = ORIENTED_EDGE ( 'NONE', *, *, #822, .F. ) ;
#1488 = EDGE_CURVE ( 'NONE', #498, #2184, #2415, .T. ) ;
#1489 = DIRECTION ( 'NONE',  ( -7.097508525429686916E-15, 1.000000000000000000, -3.497202527569242313E-15 ) ) ;
#1490 = ORIENTED_EDGE ( 'NONE', *, *, #1708, .T. ) ;
#1491 = EDGE_CURVE ( 'NONE', #1727, #2302, #2338, .T. ) ;
#1492 = CARTESIAN_POINT ( 'NONE',  ( 12.87943088170107053, 42.56652425765621217, 2.440179395546047125 ) ) ;
#1493 = CARTESIAN_POINT ( 'NONE',  ( 27.77943088170115615, 15.85999470999141892, 22.69445279872751797 ) ) ;
#1494 = ORIENTED_EDGE ( 'NONE', *, *, #2316, .T. ) ;
#1495 = DIRECTION ( 'NONE',  ( -1.000000000000000000, -7.097508525429685338E-15, 3.034501707248308892E-16 ) ) ;
#1496 = VERTEX_POINT ( 'NONE', #1856 ) ;
#1497 = FACE_OUTER_BOUND ( 'NONE', #1922, .T. ) ;
#1498 = FACE_OUTER_BOUND ( 'NONE', #2201, .T. ) ;
#1499 = DIRECTION ( 'NONE',  ( 1.000000000000000000, 7.097508525429686916E-15, 0.000000000000000000 ) ) ;
#1500 = VERTEX_POINT ( 'NONE', #677 ) ;
#1501 = EDGE_CURVE ( 'NONE', #2307, #849, #1274, .T. ) ;
#1502 = DIRECTION ( 'NONE',  ( 1.000000000000000000, 6.938893903907236266E-15, 6.938893903907226405E-16 ) ) ;
#1503 = DIRECTION ( 'NONE',  ( 1.000000000000000000, 7.097508525429686916E-15, -2.462442932001681794E-29 ) ) ;
#1504 = EDGE_LOOP ( 'NONE', ( #1295, #28, #294, #533 ) ) ;
#1505 = ORIENTED_EDGE ( 'NONE', *, *, #1488, .T. ) ;
#1506 = DIRECTION ( 'NONE',  ( 1.000000000000000000, 7.097508525429686916E-15, -9.941108744855225299E-17 ) ) ;
#1507 = EDGE_CURVE ( 'NONE', #1752, #2098, #499, .T. ) ;
#1508 = DIRECTION ( 'NONE',  ( 7.097508525429686127E-15, -1.000000000000000000, 3.497202527569242313E-15 ) ) ;
#1509 = DIRECTION ( 'NONE',  ( 7.097508525429686127E-15, -1.000000000000000000, 3.497202527569242313E-15 ) ) ;
#1510 = DIRECTION ( 'NONE',  ( 7.097508525429688494E-15, -1.000000000000000000, 3.497202527569242708E-15 ) ) ;
#1511 = VERTEX_POINT ( 'NONE', #2403 ) ;
#1512 = DIRECTION ( 'NONE',  ( -1.000000000000000000, -6.938893903907228378E-15, -0.000000000000000000 ) ) ;
#1513 = CARTESIAN_POINT ( 'NONE',  ( 14.37943088170098704, 12.85999470999132654, 22.69445279872753218 ) ) ;
#1514 = AXIS2_PLACEMENT_3D ( 'NONE', #1720, #1180, #1971 ) ;
#1515 = ORIENTED_EDGE ( 'NONE', *, *, #1501, .F. ) ;
#1516 = ADVANCED_FACE ( 'NONE', ( #643 ), #1431, .T. ) ;
#1517 = AXIS2_PLACEMENT_3D ( 'NONE', #1242, #247, #1039 ) ;
#1518 = VECTOR ( 'NONE', #721, 1000.000000000000000 ) ;
#1519 =( NAMED_UNIT ( * ) PLANE_ANGLE_UNIT ( ) SI_UNIT ( $, .RADIAN. ) );
#1520 = AXIS2_PLACEMENT_3D ( 'NONE', #801, #901, #1587 ) ;
#1521 = VECTOR ( 'NONE', #867, 1000.000000000000000 ) ;
#1522 = ORIENTED_EDGE ( 'NONE', *, *, #1083, .T. ) ;
#1523 = VECTOR ( 'NONE', #2013, 1000.000000000000000 ) ;
#1524 = EDGE_CURVE ( 'NONE', #681, #853, #524, .T. ) ;
#1525 = VECTOR ( 'NONE', #554, 1000.000000000000000 ) ;
#1526 = CARTESIAN_POINT ( 'NONE',  ( 12.07943088170152812, 10.85999470999129635, 19.16750478252090772 ) ) ;
#1527 = DIRECTION ( 'NONE',  ( 1.214306433183763862E-14, 0.000000000000000000, -1.000000000000000000 ) ) ;
#1528 = ORIENTED_EDGE ( 'NONE', *, *, #1009, .F. ) ;
#1529 = CARTESIAN_POINT ( 'NONE',  ( 24.37943088170107586, 0.6619556828058208442, 22.59445279872771906 ) ) ;
#1530 = LINE ( 'NONE', #1130, #1641 ) ;
#1531 = LINE ( 'NONE', #2125, #1366 ) ;
#1532 = ORIENTED_EDGE ( 'NONE', *, *, #94, .F. ) ;
#1533 = CARTESIAN_POINT ( 'NONE',  ( 14.87943088170107586, 0.6619556828057534537, 22.59445279872771195 ) ) ;
#1534 = CYLINDRICAL_SURFACE ( 'NONE', #1192, 2.500000000000002220 ) ;
#1535 = VERTEX_POINT ( 'NONE', #1784 ) ;
#1536 = EDGE_LOOP ( 'NONE', ( #1532, #639, #685, #939 ) ) ;
#1537 = EDGE_CURVE ( 'NONE', #1554, #2184, #590, .T. ) ;
#1538 = LINE ( 'NONE', #745, #2345 ) ;
#1539 = LINE ( 'NONE', #188, #1525 ) ;
#1540 = EDGE_LOOP ( 'NONE', ( #418, #358, #1746, #2472 ) ) ;
#1541 = CARTESIAN_POINT ( 'NONE',  ( 9.679430881701415856, 17.85999470999116667, -13.40554720127250654 ) ) ;
#1542 = EDGE_CURVE ( 'NONE', #1278, #2146, #1691, .T. ) ;
#1543 = CARTESIAN_POINT ( 'NONE',  ( 10.67943088170129684, 16.46499470999122750, 2.440179395546091090 ) ) ;
#1544 = EDGE_CURVE ( 'NONE', #2136, #498, #1231, .T. ) ;
#1545 = ORIENTED_EDGE ( 'NONE', *, *, #1041, .T. ) ;
#1546 = FACE_OUTER_BOUND ( 'NONE', #1504, .T. ) ;
#1547 = DIRECTION ( 'NONE',  ( 7.097508525429688494E-15, -1.000000000000000000, 3.497202527569242708E-15 ) ) ;
#1548 = EDGE_CURVE ( 'NONE', #1763, #1656, #713, .T. ) ;
#1549 = VERTEX_POINT ( 'NONE', #991 ) ;
#1550 = MANIFOLD_SOLID_BREP ( 'LidV2', #2339 ) ;
#1551 = VERTEX_POINT ( 'NONE', #207 ) ;
#1552 = CARTESIAN_POINT ( 'NONE',  ( 10.57943088170151569, 12.85999470999128746, 19.16750478252090062 ) ) ;
#1553 = DIRECTION ( 'NONE',  ( -1.000000000000000000, -6.938893903907254410E-15, 0.000000000000000000 ) ) ;
#1554 = VERTEX_POINT ( 'NONE', #1769 ) ;
#1555 = CARTESIAN_POINT ( 'NONE',  ( 10.97943088170143433, 12.85999470999129457, 20.16750478252090062 ) ) ;
#1556 = LINE ( 'NONE', #2329, #1270 ) ;
#1557 = ORIENTED_EDGE ( 'NONE', *, *, #698, .T. ) ;
#1558 = DIRECTION ( 'NONE',  ( 0.000000000000000000, 3.469446951953614189E-15, 1.000000000000000000 ) ) ;
#1559 = CYLINDRICAL_SURFACE ( 'NONE', #781, 1.999999999999986233 ) ;
#1560 = ORIENTED_EDGE ( 'NONE', *, *, #2244, .T. ) ;
#1561 = EDGE_LOOP ( 'NONE', ( #1589, #1997 ) ) ;
#1562 = AXIS2_PLACEMENT_3D ( 'NONE', #1822, #52, #1281 ) ;
#1563 = VECTOR ( 'NONE', #636, 1000.000000000000000 ) ;
#1564 = CARTESIAN_POINT ( 'NONE',  ( 24.37943088170100481, 10.85999470999139227, 21.09445279872767642 ) ) ;
#1565 = AXIS2_PLACEMENT_3D ( 'NONE', #2051, #876, #93 ) ;
#1566 = CIRCLE ( 'NONE', #210, 2.200000000000094325 ) ;
#1567 = DIRECTION ( 'NONE',  ( 1.000000000000000000, 6.938893903907285176E-15, 1.214306433183761337E-14 ) ) ;
#1568 = AXIS2_PLACEMENT_3D ( 'NONE', #2312, #1685, #919 ) ;
#1569 = VECTOR ( 'NONE', #707, 1000.000000000000000 ) ;
#1570 = DIRECTION ( 'NONE',  ( 7.097508525429687705E-15, -1.000000000000000000, 3.469446951953612217E-15 ) ) ;
#1571 = DIRECTION ( 'NONE',  ( 1.000000000000000000, 7.062802723619892391E-15, -4.956352788505187920E-16 ) ) ;
#1572 = AXIS2_PLACEMENT_3D ( 'NONE', #589, #1210, #1183 ) ;
#1573 = VERTEX_POINT ( 'NONE', #520 ) ;
#1574 = LINE ( 'NONE', #812, #992 ) ;
#1575 = DIRECTION ( 'NONE',  ( 7.097508525429688494E-15, -1.000000000000000000, 3.497202527569242708E-15 ) ) ;
#1576 = CARTESIAN_POINT ( 'NONE',  ( 27.17943088170044419, 15.85999470999140826, 19.66750478252088996 ) ) ;
#1577 = EDGE_CURVE ( 'NONE', #2479, #1360, #776, .T. ) ;
#1578 = EDGE_LOOP ( 'NONE', ( #380, #886, #182, #2519 ) ) ;
#1579 = VECTOR ( 'NONE', #2514, 1000.000000000000000 ) ;
#1580 = ORIENTED_EDGE ( 'NONE', *, *, #1352, .F. ) ;
#1581 = LINE ( 'NONE', #335, #1025 ) ;
#1582 = CARTESIAN_POINT ( 'NONE',  ( 28.07943088170117463, 16.85999470999129457, -13.40554720127250121 ) ) ;
#1583 = CARTESIAN_POINT ( 'NONE',  ( 10.57943088170152812, 10.85999470999124661, 7.667504782520907725 ) ) ;
#1584 = ORIENTED_EDGE ( 'NONE', *, *, #819, .T. ) ;
#1585 = DIRECTION ( 'NONE',  ( 1.000000000000000000, 7.097508525429686127E-15, -4.956352788505189892E-16 ) ) ;
#1586 = DIRECTION ( 'NONE',  ( 7.097508525429686127E-15, -1.000000000000000000, 3.497202527569242313E-15 ) ) ;
#1587 = DIRECTION ( 'NONE',  ( 1.000000000000000000, 6.938893903907205501E-15, 0.000000000000000000 ) ) ;
#1588 = DIRECTION ( 'NONE',  ( -7.097508525429686916E-15, 1.000000000000000000, -3.497202527569242313E-15 ) ) ;
#1589 = ORIENTED_EDGE ( 'NONE', *, *, #54, .F. ) ;
#1590 = CARTESIAN_POINT ( 'NONE',  ( 29.17943088170047616, 10.85999470999137806, 7.667504782520907725 ) ) ;
#1591 = ORIENTED_EDGE ( 'NONE', *, *, #2259, .F. ) ;
#1592 = CARTESIAN_POINT ( 'NONE',  ( 29.07943088170112134, 42.56652425765631875, 2.440179395546000496 ) ) ;
#1593 = DIRECTION ( 'NONE',  ( -7.097508525429686916E-15, 1.000000000000000000, -3.497202527569242313E-15 ) ) ;
#1594 = DIRECTION ( 'NONE',  ( -6.938893903907198401E-15, 1.000000000000000000, -3.469446951953613006E-15 ) ) ;
#1595 = VERTEX_POINT ( 'NONE', #2304 ) ;
#1596 = CARTESIAN_POINT ( 'NONE',  ( 10.57943088170152812, 10.85999470999124661, 7.667504782520907725 ) ) ;
#1597 = EDGE_CURVE ( 'NONE', #1551, #266, #601, .T. ) ;
#1598 = ADVANCED_FACE ( 'NONE', ( #128 ), #1090, .F. ) ;
#1599 = DIRECTION ( 'NONE',  ( -7.097508525429687705E-15, 1.000000000000000000, -3.497202527569242313E-15 ) ) ;
#1600 = VECTOR ( 'NONE', #2260, 1000.000000000000000 ) ;
#1601 = VERTEX_POINT ( 'NONE', #1714 ) ;
#1602 = EDGE_CURVE ( 'NONE', #2184, #2400, #2149, .T. ) ;
#1603 = VECTOR ( 'NONE', #975, 1000.000000000000000 ) ;
#1604 = AXIS2_PLACEMENT_3D ( 'NONE', #1596, #2232, #259 ) ;
#1605 = VECTOR ( 'NONE', #1833, 1000.000000000000000 ) ;
#1606 = VECTOR ( 'NONE', #175, 1000.000000000000000 ) ;
#1607 = VERTEX_POINT ( 'NONE', #113 ) ;
#1608 = DIRECTION ( 'NONE',  ( -1.000000000000000000, -6.938893903907222067E-15, 0.000000000000000000 ) ) ;
#1609 = VECTOR ( 'NONE', #1134, 1000.000000000000000 ) ;
#1610 = DIRECTION ( 'NONE',  ( -1.000000000000000000, -6.938893903907222067E-15, 0.000000000000000000 ) ) ;
#1611 = ORIENTED_EDGE ( 'NONE', *, *, #351, .F. ) ;
#1612 = CARTESIAN_POINT ( 'NONE',  ( 11.07943088170152812, 10.85999470999125016, 7.667504782520907725 ) ) ;
#1613 = DIRECTION ( 'NONE',  ( -1.000000000000000000, -7.097508525429697960E-15, -2.849902853390444005E-15 ) ) ;
#1614 = ORIENTED_EDGE ( 'NONE', *, *, #2002, .T. ) ;
#1615 = ADVANCED_FACE ( 'NONE', ( #194 ), #913, .F. ) ;
#1616 = ADVANCED_FACE ( 'NONE', ( #2471 ), #202, .T. ) ;
#1617 = EDGE_CURVE ( 'NONE', #2136, #2400, #556, .T. ) ;
#1618 = CARTESIAN_POINT ( 'NONE',  ( 9.679430881701414080, 17.85999470999116667, -13.40554720127251009 ) ) ;
#1619 = EDGE_CURVE ( 'NONE', #1671, #304, #454, .T. ) ;
#1620 = DIRECTION ( 'NONE',  ( 0.000000000000000000, -1.000000000000000000, 3.497202527569242708E-15 ) ) ;
#1621 = VERTEX_POINT ( 'NONE', #225 ) ;
#1622 = EDGE_LOOP ( 'NONE', ( #270, #2152, #341, #878 ) ) ;
#1623 = LINE ( 'NONE', #1651, #248 ) ;
#1624 = EDGE_CURVE ( 'NONE', #2015, #2198, #1158, .T. ) ;
#1625 = CARTESIAN_POINT ( 'NONE',  ( 12.37943088170121264, 16.46499470999122039, -4.559820604453904913 ) ) ;
#1626 = DIRECTION ( 'NONE',  ( 1.000000000000000000, 7.097508525429693227E-15, 1.692413147294466875E-15 ) ) ;
#1627 = EDGE_LOOP ( 'NONE', ( #2509, #2475, #1311, #2159 ) ) ;
#1628 = LINE ( 'NONE', #1592, #1725 ) ;
#1629 = EDGE_CURVE ( 'NONE', #1202, #481, #212, .T. ) ;
#1630 = DIRECTION ( 'NONE',  ( 1.692413147294491724E-15, -3.497202527569230086E-15, -1.000000000000000000 ) ) ;
#1631 = CARTESIAN_POINT ( 'NONE',  ( 28.07943088170118173, 15.85999470999129635, -13.40554720127249766 ) ) ;
#1632 = ORIENTED_EDGE ( 'NONE', *, *, #2191, .T. ) ;
#1633 = ORIENTED_EDGE ( 'NONE', *, *, #2140, .F. ) ;
#1634 = AXIS2_PLACEMENT_3D ( 'NONE', #2319, #323, #1149 ) ;
#1635 = ORIENTED_EDGE ( 'NONE', *, *, #336, .F. ) ;
#1636 = DIRECTION ( 'NONE',  ( -7.097508525429686916E-15, 1.000000000000000000, -3.497202527569242313E-15 ) ) ;
#1637 = FACE_OUTER_BOUND ( 'NONE', #1963, .T. ) ;
#1638 = CARTESIAN_POINT ( 'NONE',  ( 29.17943088170047616, 10.85999470999137984, 8.167504782520907725 ) ) ;
#1639 = LINE ( 'NONE', #1663, #408 ) ;
#1640 = VERTEX_POINT ( 'NONE', #2006 ) ;
#1641 = VECTOR ( 'NONE', #942, 1000.000000000000000 ) ;
#1642 = CIRCLE ( 'NONE', #1888, 0.5000000000000004441 ) ;
#1643 = CARTESIAN_POINT ( 'NONE',  ( 28.67943088170047616, 10.85999470999141359, 19.16750478252090772 ) ) ;
#1644 = AXIS2_PLACEMENT_3D ( 'NONE', #2288, #1575, #2353 ) ;
#1645 = VECTOR ( 'NONE', #1508, 1000.000000000000000 ) ;
#1646 = VERTEX_POINT ( 'NONE', #73 ) ;
#1647 = ORIENTED_EDGE ( 'NONE', *, *, #1414, .T. ) ;
#1648 = EDGE_LOOP ( 'NONE', ( #1235, #1490, #1580, #811, #1047, #2214 ) ) ;
#1649 = AXIS2_PLACEMENT_3D ( 'NONE', #405, #1801, #824 ) ;
#1650 = AXIS2_PLACEMENT_3D ( 'NONE', #256, #1230, #1250 ) ;
#1651 = CARTESIAN_POINT ( 'NONE',  ( 11.07943088170152990, 10.85999470999129102, 19.66750478252090772 ) ) ;
#1652 = CARTESIAN_POINT ( 'NONE',  ( 12.87943088170115047, 42.56652425765615533, -13.75982060445399568 ) ) ;
#1653 = VECTOR ( 'NONE', #758, 1000.000000000000000 ) ;
#1654 = DIRECTION ( 'NONE',  ( 1.000000000000000000, 6.938893903907222067E-15, 0.000000000000000000 ) ) ;
#1655 = EDGE_CURVE ( 'NONE', #669, #849, #875, .T. ) ;
#1656 = VERTEX_POINT ( 'NONE', #2179 ) ;
#1657 = ORIENTED_EDGE ( 'NONE', *, *, #1009, .T. ) ;
#1658 = CARTESIAN_POINT ( 'NONE',  ( 12.87943088170112027, 42.56652425765621928, 4.640179395546003782 ) ) ;
#1659 = CARTESIAN_POINT ( 'NONE',  ( 12.57943088170152812, 10.85999470999125904, 7.667504782520907725 ) ) ;
#1660 = ORIENTED_EDGE ( 'NONE', *, *, #1301, .T. ) ;
#1661 = DIRECTION ( 'NONE',  ( -1.000000000000000000, -6.938893903907222067E-15, 0.000000000000000000 ) ) ;
#1662 = DIRECTION ( 'NONE',  ( -1.000000000000000000, -6.938893903907222067E-15, -2.312964634635740689E-15 ) ) ;
#1663 = CARTESIAN_POINT ( 'NONE',  ( 16.37790327638489885, 18.56140338681652935, 10.11372225237001388 ) ) ;
#1664 = ORIENTED_EDGE ( 'NONE', *, *, #704, .T. ) ;
#1665 = CARTESIAN_POINT ( 'NONE',  ( 28.77943088170118813, 15.85999470999141892, 20.16750478252088641 ) ) ;
#1666 = DIRECTION ( 'NONE',  ( 7.097508525429686916E-15, -1.000000000000000000, 3.497202527569242313E-15 ) ) ;
#1667 = CARTESIAN_POINT ( 'NONE',  ( 14.87790327638490417, 17.85999470999128391, 10.11372225237001565 ) ) ;
#1668 = ORIENTED_EDGE ( 'NONE', *, *, #977, .T. ) ;
#1669 = LINE ( 'NONE', #267, #1193 ) ;
#1670 = DIRECTION ( 'NONE',  ( 7.097508525429686127E-15, -1.000000000000000000, 3.497202527569242313E-15 ) ) ;
#1671 = VERTEX_POINT ( 'NONE', #227 ) ;
#1672 = CARTESIAN_POINT ( 'NONE',  ( 11.67943088170142651, 16.85999470999117378, -15.40554720127247812 ) ) ;
#1673 = VECTOR ( 'NONE', #1798, 1000.000000000000000 ) ;
#1674 = EDGE_CURVE ( 'NONE', #853, #446, #1168, .T. ) ;
#1675 = EDGE_CURVE ( 'NONE', #2520, #1409, #1440, .T. ) ;
#1676 = ORIENTED_EDGE ( 'NONE', *, *, #1542, .T. ) ;
#1677 = DIRECTION ( 'NONE',  ( -1.000000000000000000, -6.938893903907378261E-15, 0.000000000000000000 ) ) ;
#1678 = FACE_OUTER_BOUND ( 'NONE', #2173, .T. ) ;
#1679 = CARTESIAN_POINT ( 'NONE',  ( 12.87943088170112027, 16.46499470999125236, 4.640179395546094376 ) ) ;
#1680 = ADVANCED_FACE ( 'NONE', ( #1498 ), #2068, .T. ) ;
#1681 = CARTESIAN_POINT ( 'NONE',  ( 14.37943088170098704, 12.85999470999132654, 22.19445279872752863 ) ) ;
#1682 = AXIS2_PLACEMENT_3D ( 'NONE', #697, #1489, #191 ) ;
#1683 = EDGE_LOOP ( 'NONE', ( #409, #1097, #1378, #1094 ) ) ;
#1684 = DIRECTION ( 'NONE',  ( 0.000000000000000000, 3.469446951953616950E-15, 1.000000000000000000 ) ) ;
#1685 = DIRECTION ( 'NONE',  ( -6.938893903907198401E-15, 1.000000000000000000, -3.469446951953613006E-15 ) ) ;
#1686 = COLOUR_RGB ( '',0.7921568627450980005, 0.8196078431372548767, 0.9333333333333333481 ) ;
#1687 = DIRECTION ( 'NONE',  ( -1.000000000000000000, -7.885106708985148443E-15, 0.000000000000000000 ) ) ;
#1688 = VECTOR ( 'NONE', #302, 1000.000000000000000 ) ;
#1689 = EDGE_LOOP ( 'NONE', ( #1722, #1819, #2484, #594 ) ) ;
#1690 = CIRCLE ( 'NONE', #1650, 0.5000000000000004441 ) ;
#1691 = LINE ( 'NONE', #1877, #2461 ) ;
#1692 = CIRCLE ( 'NONE', #579, 2.000000000000005329 ) ;
#1693 = VERTEX_POINT ( 'NONE', #1679 ) ;
#1694 = CARTESIAN_POINT ( 'NONE',  ( 29.07943088170119239, 17.85999470999130168, -13.40554720127249055 ) ) ;
#1695 = EDGE_CURVE ( 'NONE', #470, #921, #501, .T. ) ;
#1696 = FACE_OUTER_BOUND ( 'NONE', #196, .T. ) ;
#1697 = VERTEX_POINT ( 'NONE', #1899 ) ;
#1698 = EDGE_CURVE ( 'NONE', #59, #1554, #2340, .T. ) ;
#1699 = CARTESIAN_POINT ( 'NONE',  ( 10.47943088170140946, 15.85999470999129457, 21.19445279872749310 ) ) ;
#1700 = FACE_OUTER_BOUND ( 'NONE', #1742, .T. ) ;
#1701 = ORIENTED_EDGE ( 'NONE', *, *, #971, .T. ) ;
#1702 = EDGE_CURVE ( 'NONE', #1475, #761, #2176, .T. ) ;
#1703 = PRESENTATION_STYLE_ASSIGNMENT (( #1099 ) ) ;
#1704 = ORIENTED_EDGE ( 'NONE', *, *, #539, .F. ) ;
#1705 = FACE_OUTER_BOUND ( 'NONE', #100, .T. ) ;
#1706 = CARTESIAN_POINT ( 'NONE',  ( 30.07943088170118884, 17.85999470999142957, 21.49445279872749381 ) ) ;
#1707 = DIRECTION ( 'NONE',  ( 1.000000000000000000, 6.938893903907233900E-15, 0.000000000000000000 ) ) ;
#1708 = EDGE_CURVE ( 'NONE', #1112, #2065, #203, .T. ) ;
#1709 = ORIENTED_EDGE ( 'NONE', *, *, #1674, .T. ) ;
#1710 = DIRECTION ( 'NONE',  ( -2.407412430484040332E-29, 3.469446951953610639E-15, 1.000000000000000000 ) ) ;
#1711 = DIRECTION ( 'NONE',  ( -7.097508525429686916E-15, 1.000000000000000000, 0.000000000000000000 ) ) ;
#1712 = ADVANCED_FACE ( 'NONE', ( #848 ), #562, .T. ) ;
#1713 = ORIENTED_EDGE ( 'NONE', *, *, #1708, .F. ) ;
#1714 = CARTESIAN_POINT ( 'NONE',  ( 27.77943088170120944, 12.85999470999128924, -14.60554720127245965 ) ) ;
#1715 = DIRECTION ( 'NONE',  ( -1.000000000000000000, -6.938893903907222067E-15, 0.000000000000000000 ) ) ;
#1716 = CARTESIAN_POINT ( 'NONE',  ( 25.32943088170130963, 17.85999470999136562, 12.12017939759413387 ) ) ;
#1717 = LINE ( 'NONE', #555, #2502 ) ;
#1718 = EDGE_LOOP ( 'NONE', ( #1933, #1256, #1069, #1443 ) ) ;
#1719 = LINE ( 'NONE', #1529, #2096 ) ;
#1720 = CARTESIAN_POINT ( 'NONE',  ( 25.37943088170089823, 26.05803373717697369, 22.19445279872747534 ) ) ;
#1721 = DIRECTION ( 'NONE',  ( -7.097508525429686127E-15, 1.000000000000000000, -3.497202527569242313E-15 ) ) ;
#1722 = ORIENTED_EDGE ( 'NONE', *, *, #2431, .F. ) ;
#1723 = FACE_OUTER_BOUND ( 'NONE', #2213, .T. ) ;
#1724 = CARTESIAN_POINT ( 'NONE',  ( 28.07943088170117107, 17.85999470999129457, -13.40554720127250476 ) ) ;
#1725 = VECTOR ( 'NONE', #1404, 1000.000000000000000 ) ;
#1726 = ADVANCED_FACE ( 'NONE', ( #1246 ), #880, .F. ) ;
#1727 = VERTEX_POINT ( 'NONE', #2069 ) ;
#1728 = AXIS2_PLACEMENT_3D ( 'NONE', #1980, #1205, #27 ) ;
#1729 = AXIS2_PLACEMENT_3D ( 'NONE', #1889, #126, #911 ) ;
#1730 = VECTOR ( 'NONE', #693, 1000.000000000000000 ) ;
#1731 = AXIS2_PLACEMENT_3D ( 'NONE', #1631, #1439, #1793 ) ;
#1732 = ORIENTED_EDGE ( 'NONE', *, *, #977, .F. ) ;
#1733 = EDGE_CURVE ( 'NONE', #29, #2052, #1084, .T. ) ;
#1734 = EDGE_CURVE ( 'NONE', #2302, #2392, #1030, .T. ) ;
#1735 = AXIS2_PLACEMENT_3D ( 'NONE', #1618, #1506, #1258 ) ;
#1736 = DIRECTION ( 'NONE',  ( 7.097508525429686916E-15, -1.000000000000000000, 3.497202527569242313E-15 ) ) ;
#1737 = CARTESIAN_POINT ( 'NONE',  ( 29.27943088170120944, 12.85999470999142247, 20.16750478252089707 ) ) ;
#1738 = ORIENTED_EDGE ( 'NONE', *, *, #1619, .F. ) ;
#1739 = EDGE_CURVE ( 'NONE', #1778, #1601, #80, .T. ) ;
#1740 = LINE ( 'NONE', #1900, #209 ) ;
#1741 = LINE ( 'NONE', #2515, #2185 ) ;
#1742 = EDGE_LOOP ( 'NONE', ( #799, #648, #359, #138 ) ) ;
#1743 = CARTESIAN_POINT ( 'NONE',  ( 11.97943088170150538, 15.85999470999118266, -13.10554720127233352 ) ) ;
#1744 = CARTESIAN_POINT ( 'NONE',  ( 22.82943088170121371, 31.06140338681658974, 12.12017939759408414 ) ) ;
#1745 = ORIENTED_EDGE ( 'NONE', *, *, #1507, .T. ) ;
#1746 = ORIENTED_EDGE ( 'NONE', *, *, #1244, .T. ) ;
#1747 = CARTESIAN_POINT ( 'NONE',  ( 29.07943088170130963, 15.85999470999131056, -11.55982060445381343 ) ) ;
#1748 = CARTESIAN_POINT ( 'NONE',  ( 12.57943088170149437, 15.85999470999126615, 8.167504782520891737 ) ) ;
#1749 = DIRECTION ( 'NONE',  ( 0.000000000000000000, 1.000000000000000000, -3.497202527569247047E-15 ) ) ;
#1750 = CARTESIAN_POINT ( 'NONE',  ( 11.97943088170152670, 12.85999470999118266, -13.10554720127232464 ) ) ;
#1751 = CARTESIAN_POINT ( 'NONE',  ( 29.07943088170130608, 16.46499470999135895, 2.440179395546094643 ) ) ;
#1752 = VERTEX_POINT ( 'NONE', #1942 ) ;
#1753 = DIRECTION ( 'NONE',  ( 7.097508525429686916E-15, -1.000000000000000000, 0.000000000000000000 ) ) ;
#1754 = CARTESIAN_POINT ( 'NONE',  ( 22.82943088170130608, 17.85999470999134786, 12.12017939759413210 ) ) ;
#1755 = ORIENTED_EDGE ( 'NONE', *, *, #2533, .F. ) ;
#1756 = DIRECTION ( 'NONE',  ( 3.097720492815475223E-16, 3.497202527569245074E-15, 1.000000000000000000 ) ) ;
#1757 = DIRECTION ( 'NONE',  ( 7.097508525429686916E-15, -1.000000000000000000, 3.497202527569242313E-15 ) ) ;
#1758 = ORIENTED_EDGE ( 'NONE', *, *, #1863, .T. ) ;
#1759 = VERTEX_POINT ( 'NONE', #906 ) ;
#1760 = CARTESIAN_POINT ( 'NONE',  ( 22.82943088170132029, 15.85999470999134964, 12.12017939759413743 ) ) ;
#1761 = DIRECTION ( 'NONE',  ( 7.097508525429686916E-15, -1.000000000000000000, 3.497202527569242313E-15 ) ) ;
#1762 = CARTESIAN_POINT ( 'NONE',  ( 29.07943088170118884, 17.85999470999142247, 21.49445279872749381 ) ) ;
#1763 = VERTEX_POINT ( 'NONE', #1304 ) ;
#1764 = CARTESIAN_POINT ( 'NONE',  ( 27.37943088170121086, 17.46499470999132342, -4.559820604453906689 ) ) ;
#1765 = CARTESIAN_POINT ( 'NONE',  ( 14.87790327638491839, 15.85999470999128391, 10.11372225237002276 ) ) ;
#1766 = EDGE_CURVE ( 'NONE', #1146, #669, #1036, .T. ) ;
#1767 = ORIENTED_EDGE ( 'NONE', *, *, #1792, .F. ) ;
#1768 = CARTESIAN_POINT ( 'NONE',  ( 27.17943088170047616, 10.85999470999140293, 19.16750478252090772 ) ) ;
#1769 = CARTESIAN_POINT ( 'NONE',  ( 9.679430881701430067, 12.85999470999116667, -13.40554720127249944 ) ) ;
#1770 = LINE ( 'NONE', #1918, #989 ) ;
#1771 = ORIENTED_EDGE ( 'NONE', *, *, #1049, .T. ) ;
#1772 = ORIENTED_EDGE ( 'NONE', *, *, #1542, .F. ) ;
#1773 = AXIS2_PLACEMENT_3D ( 'NONE', #216, #1983, #1499 ) ;
#1774 = FACE_OUTER_BOUND ( 'NONE', #1540, .T. ) ;
#1775 = CIRCLE ( 'NONE', #732, 1.000000000000000888 ) ;
#1776 = VECTOR ( 'NONE', #312, 1000.000000000000000 ) ;
#1777 = DIRECTION ( 'NONE',  ( -1.000000000000000000, -6.938893903907230744E-15, 0.000000000000000000 ) ) ;
#1778 = VERTEX_POINT ( 'NONE', #2357 ) ;
#1779 = AXIS2_PLACEMENT_3D ( 'NONE', #974, #990, #2374 ) ;
#1780 = AXIS2_PLACEMENT_3D ( 'NONE', #2409, #1835, #69 ) ;
#1781 = CARTESIAN_POINT ( 'NONE',  ( 12.87943088170133343, 16.46499470999118842, -13.75982060445390687 ) ) ;
#1782 = EDGE_CURVE ( 'NONE', #1307, #1727, #595, .T. ) ;
#1783 = CARTESIAN_POINT ( 'NONE',  ( 10.47943088170140946, 15.85999470999129457, 21.19445279872749310 ) ) ;
#1784 = CARTESIAN_POINT ( 'NONE',  ( 29.27943088170115971, 15.85999470999130345, -13.10554720127248984 ) ) ;
#1785 = DIRECTION ( 'NONE',  ( 1.000000000000000000, 7.885106708985148443E-15, 0.000000000000000000 ) ) ;
#1786 = ORIENTED_EDGE ( 'NONE', *, *, #1488, .F. ) ;
#1787 = DIRECTION ( 'NONE',  ( 1.000000000000000000, 6.938893903907225222E-15, 0.000000000000000000 ) ) ;
#1788 = LINE ( 'NONE', #2369, #1884 ) ;
#1789 = ORIENTED_EDGE ( 'NONE', *, *, #1702, .F. ) ;
#1790 = ORIENTED_EDGE ( 'NONE', *, *, #725, .T. ) ;
#1791 = CARTESIAN_POINT ( 'NONE',  ( 25.37943088170096928, 15.85999470999140115, 22.19445279872751087 ) ) ;
#1792 = EDGE_CURVE ( 'NONE', #2274, #1208, #321, .T. ) ;
#1793 = DIRECTION ( 'NONE',  ( -1.000000000000000000, -7.097508525429686916E-15, 0.000000000000000000 ) ) ;
#1794 = ORIENTED_EDGE ( 'NONE', *, *, #1548, .T. ) ;
#1795 = CARTESIAN_POINT ( 'NONE',  ( 30.07943088170119239, 17.85999470999130878, -13.40554720127247634 ) ) ;
#1796 = FACE_OUTER_BOUND ( 'NONE', #1089, .T. ) ;
#1797 = EDGE_CURVE ( 'NONE', #481, #1299, #1203, .T. ) ;
#1798 = DIRECTION ( 'NONE',  ( 6.982962677686267499E-15, -1.000000000000000000, 3.491481338843133750E-15 ) ) ;
#1799 = ORIENTED_EDGE ( 'NONE', *, *, #625, .T. ) ;
#1800 = AXIS2_PLACEMENT_3D ( 'NONE', #1564, #1116, #1715 ) ;
#1801 = DIRECTION ( 'NONE',  ( 1.000000000000000000, 6.938893903907185779E-15, -1.040834085586085677E-14 ) ) ;
#1802 = CARTESIAN_POINT ( 'NONE',  ( 10.47943088170146986, 12.85999470999124661, 7.167504782520898843 ) ) ;
#1803 = ORIENTED_EDGE ( 'NONE', *, *, #734, .T. ) ;
#1804 = VERTEX_POINT ( 'NONE', #1748 ) ;
#1805 = LINE ( 'NONE', #234, #859 ) ;
#1806 = ADVANCED_FACE ( 'NONE', ( #757 ), #1954, .F. ) ;
#1807 = EDGE_CURVE ( 'NONE', #1872, #1112, #1873, .T. ) ;
#1808 = AXIS2_PLACEMENT_3D ( 'NONE', #1681, #324, #1861 ) ;
#1809 = EDGE_CURVE ( 'NONE', #1851, #592, #445, .T. ) ;
#1810 = ORIENTED_EDGE ( 'NONE', *, *, #1675, .T. ) ;
#1811 = EDGE_CURVE ( 'NONE', #481, #586, #1775, .T. ) ;
#1812 = CIRCLE ( 'NONE', #1019, 1.500000000000022204 ) ;
#1813 = AXIS2_PLACEMENT_3D ( 'NONE', #2249, #1428, #61 ) ;
#1814 = CIRCLE ( 'NONE', #1484, 0.9999999999999783507 ) ;
#1815 = EDGE_CURVE ( 'NONE', #1475, #1778, #979, .T. ) ;
#1816 = DIRECTION ( 'NONE',  ( 7.097508525429688494E-15, -1.000000000000000000, 3.497202527569242708E-15 ) ) ;
#1817 = DIRECTION ( 'NONE',  ( 7.097508525429686916E-15, -1.000000000000000000, 3.497202527569242313E-15 ) ) ;
#1818 = VERTEX_POINT ( 'NONE', #674 ) ;
#1819 = ORIENTED_EDGE ( 'NONE', *, *, #624, .T. ) ;
#1820 = DIRECTION ( 'NONE',  ( 7.097508525429686916E-15, -1.000000000000000000, 3.497202527569242313E-15 ) ) ;
#1821 = CARTESIAN_POINT ( 'NONE',  ( 28.67943088170046195, 12.85999470999141359, 19.66750478252090062 ) ) ;
#1822 = CARTESIAN_POINT ( 'NONE',  ( 19.87943088170120731, 17.46499470999127013, -4.559820604453906689 ) ) ;
#1823 = EDGE_LOOP ( 'NONE', ( #1291, #1799, #124, #889 ) ) ;
#1824 = FACE_OUTER_BOUND ( 'NONE', #1536, .T. ) ;
#1825 = DIRECTION ( 'NONE',  ( 7.097508525429686127E-15, -1.000000000000000000, 3.497202527569242313E-15 ) ) ;
#1826 = DIRECTION ( 'NONE',  ( -6.938893903907198401E-15, 1.000000000000000000, -3.469446951953613006E-15 ) ) ;
#1827 = EDGE_LOOP ( 'NONE', ( #645, #1928, #932, #632 ) ) ;
#1828 = ORIENTED_EDGE ( 'NONE', *, *, #1548, .F. ) ;
#1829 = FACE_OUTER_BOUND ( 'NONE', #1169, .T. ) ;
#1830 = CARTESIAN_POINT ( 'NONE',  ( 10.57943088170152990, 10.85999470999128569, 19.16750478252090772 ) ) ;
#1831 = DIRECTION ( 'NONE',  ( 1.000000000000000000, 6.938893903907230744E-15, 0.000000000000000000 ) ) ;
#1832 = ORIENTED_EDGE ( 'NONE', *, *, #1992, .F. ) ;
#1833 = DIRECTION ( 'NONE',  ( 0.000000000000000000, -3.469446951953616950E-15, -1.000000000000000000 ) ) ;
#1834 = DIRECTION ( 'NONE',  ( -7.097508525429686916E-15, 1.000000000000000000, -3.497202527569242313E-15 ) ) ;
#1835 = DIRECTION ( 'NONE',  ( 7.097508525429686916E-15, -1.000000000000000000, 3.497202527569242313E-15 ) ) ;
#1836 = ORIENTED_EDGE ( 'NONE', *, *, #421, .T. ) ;
#1837 = ORIENTED_EDGE ( 'NONE', *, *, #1655, .F. ) ;
#1838 = AXIS2_PLACEMENT_3D ( 'NONE', #391, #1736, #2511 ) ;
#1839 = DIRECTION ( 'NONE',  ( 7.097508525429686916E-15, -1.000000000000000000, 3.497202527569242313E-15 ) ) ;
#1840 = DIRECTION ( 'NONE',  ( 7.097508525429688494E-15, -1.000000000000000000, 3.497202527569242708E-15 ) ) ;
#1841 = CARTESIAN_POINT ( 'NONE',  ( 10.67943088170141763, 17.85999470999117378, -13.40554720127250654 ) ) ;
#1842 = ORIENTED_EDGE ( 'NONE', *, *, #792, .F. ) ;
#1843 = ORIENTED_EDGE ( 'NONE', *, *, #145, .F. ) ;
#1844 = VECTOR ( 'NONE', #1286, 1000.000000000000000 ) ;
#1845 = CIRCLE ( 'NONE', #1142, 1.500000000000004885 ) ;
#1846 = VECTOR ( 'NONE', #507, 1000.000000000000000 ) ;
#1847 = CARTESIAN_POINT ( 'NONE',  ( 10.57943088170151391, 12.85999470999125016, 8.167504782520900619 ) ) ;
#1848 = CARTESIAN_POINT ( 'NONE',  ( 11.97943088170150538, 15.85999470999117911, -14.60554720127233352 ) ) ;
#1849 = VECTOR ( 'NONE', #1684, 1000.000000000000000 ) ;
#1850 = AXIS2_PLACEMENT_3D ( 'NONE', #1391, #1332, #9 ) ;
#1851 = VERTEX_POINT ( 'NONE', #873 ) ;
#1852 = AXIS2_PLACEMENT_3D ( 'NONE', #945, #1904, #136 ) ;
#1853 = VECTOR ( 'NONE', #2175, 1000.000000000000000 ) ;
#1854 = DIRECTION ( 'NONE',  ( 6.982962677686266711E-15, -1.000000000000000000, 3.491481338843133355E-15 ) ) ;
#1855 = DIRECTION ( 'NONE',  ( 6.982962677686267499E-15, -1.000000000000000000, 3.491481338843133750E-15 ) ) ;
#1856 = CARTESIAN_POINT ( 'NONE',  ( 28.67943088170047616, 10.85999470999141536, 19.66750478252090772 ) ) ;
#1857 = EDGE_LOOP ( 'NONE', ( #1074, #1186, #2434, #1053 ) ) ;
#1858 = ORIENTED_EDGE ( 'NONE', *, *, #1161, .F. ) ;
#1859 = ORIENTED_EDGE ( 'NONE', *, *, #62, .F. ) ;
#1860 = FACE_OUTER_BOUND ( 'NONE', #127, .T. ) ;
#1861 = DIRECTION ( 'NONE',  ( 1.000000000000000000, 6.938893903907222067E-15, 0.000000000000000000 ) ) ;
#1862 = ORIENTED_EDGE ( 'NONE', *, *, #949, .F. ) ;
#1863 = EDGE_CURVE ( 'NONE', #112, #2479, #258, .T. ) ;
#1864 = CARTESIAN_POINT ( 'NONE',  ( 10.97943088170141301, 15.85999470999129457, 20.16750478252088996 ) ) ;
#1865 = FACE_OUTER_BOUND ( 'NONE', #1718, .T. ) ;
#1866 = ORIENTED_EDGE ( 'NONE', *, *, #466, .T. ) ;
#1867 = CARTESIAN_POINT ( 'NONE',  ( 27.17943088170044419, 15.85999470999136740, 7.667504782520890849 ) ) ;
#1868 = EDGE_CURVE ( 'NONE', #1208, #1697, #1874, .T. ) ;
#1869 = VERTEX_POINT ( 'NONE', #2049 ) ;
#1870 = CARTESIAN_POINT ( 'NONE',  ( 24.87943088170099060, 12.85999470999139938, 22.59445279872766932 ) ) ;
#1871 = LINE ( 'NONE', #2483, #934 ) ;
#1872 = VERTEX_POINT ( 'NONE', #2028 ) ;
#1873 = LINE ( 'NONE', #871, #1849 ) ;
#1874 = LINE ( 'NONE', #2073, #829 ) ;
#1875 = CARTESIAN_POINT ( 'NONE',  ( 25.32943088170132384, 15.85999470999136740, 12.12017939759413387 ) ) ;
#1876 = ORIENTED_EDGE ( 'NONE', *, *, #419, .T. ) ;
#1877 = CARTESIAN_POINT ( 'NONE',  ( 27.17943088170047616, 10.85999470999136385, 7.667504782520907725 ) ) ;
#1878 = ADVANCED_FACE ( 'NONE', ( #1456 ), #857, .F. ) ;
#1879 = EDGE_LOOP ( 'NONE', ( #48, #618, #635, #274 ) ) ;
#1880 = EDGE_CURVE ( 'NONE', #582, #688, #1669, .T. ) ;
#1881 = CARTESIAN_POINT ( 'NONE',  ( 24.87943088170089823, 26.05803373717697013, 22.19445279872747534 ) ) ;
#1882 = EDGE_CURVE ( 'NONE', #1360, #2114, #1623, .T. ) ;
#1883 =( GEOMETRIC_REPRESENTATION_CONTEXT ( 3 ) GLOBAL_UNCERTAINTY_ASSIGNED_CONTEXT ( ( #1914 ) ) GLOBAL_UNIT_ASSIGNED_CONTEXT ( ( #2278, #1519, #314 ) ) REPRESENTATION_CONTEXT ( 'NONE', 'WORKASPACE' ) );
#1884 = VECTOR ( 'NONE', #608, 1000.000000000000000 ) ;
#1885 = ORIENTED_EDGE ( 'NONE', *, *, #2443, .T. ) ;
#1886 = CARTESIAN_POINT ( 'NONE',  ( 24.87943088170096928, 15.85999470999140115, 22.59445279872765866 ) ) ;
#1887 = VECTOR ( 'NONE', #954, 1000.000000000000000 ) ;
#1888 = AXIS2_PLACEMENT_3D ( 'NONE', #2364, #2323, #742 ) ;
#1889 = CARTESIAN_POINT ( 'NONE',  ( 24.37943088170099060, 12.85999470999139582, 22.09445279872767998 ) ) ;
#1890 = VECTOR ( 'NONE', #609, 1000.000000000000000 ) ;
#1891 = ORIENTED_EDGE ( 'NONE', *, *, #580, .T. ) ;
#1892 = CIRCLE ( 'NONE', #486, 2.000000000000019096 ) ;
#1893 = DIRECTION ( 'NONE',  ( 1.000000000000000000, 6.938893903907222067E-15, 0.000000000000000000 ) ) ;
#1894 = VECTOR ( 'NONE', #31, 1000.000000000000000 ) ;
#1895 = ORIENTED_EDGE ( 'NONE', *, *, #1491, .F. ) ;
#1896 = CARTESIAN_POINT ( 'NONE',  ( 11.67943088170140342, 16.85999470999130523, 22.49445279872748671 ) ) ;
#1897 = EDGE_CURVE ( 'NONE', #1727, #470, #2401, .T. ) ;
#1898 = CARTESIAN_POINT ( 'NONE',  ( 28.07943088170117463, 16.85999470999128746, -15.40554720127248700 ) ) ;
#1899 = CARTESIAN_POINT ( 'NONE',  ( 27.37943088170121797, 16.46499470999132342, -4.559820604453904913 ) ) ;
#1900 = CARTESIAN_POINT ( 'NONE',  ( 28.77943088170120589, 12.85999470999137273, 7.667504782520900619 ) ) ;
#1901 = CARTESIAN_POINT ( 'NONE',  ( 26.87943088170114336, 42.56652425765631165, 4.640179395545999341 ) ) ;
#1902 = APPLICATION_CONTEXT ( 'automotive_design' ) ;
#1903 = EDGE_LOOP ( 'NONE', ( #2088, #672, #1109, #1020 ) ) ;
#1904 = DIRECTION ( 'NONE',  ( -7.097508525429686916E-15, 1.000000000000000000, -3.497202527569242313E-15 ) ) ;
#1905 = CARTESIAN_POINT ( 'NONE',  ( 12.37943088170105632, 38.67819814558759361, -4.559820604453980408 ) ) ;
#1906 = ORIENTED_EDGE ( 'NONE', *, *, #2354, .F. ) ;
#1907 = ORIENTED_EDGE ( 'NONE', *, *, #235, .F. ) ;
#1908 = FACE_OUTER_BOUND ( 'NONE', #1827, .T. ) ;
#1909 = CARTESIAN_POINT ( 'NONE',  ( 27.77943088170115615, 15.85999470999141892, 22.69445279872751087 ) ) ;
#1910 = DIRECTION ( 'NONE',  ( -7.097508525429686916E-15, 1.000000000000000000, -3.497202527569242313E-15 ) ) ;
#1911 = LINE ( 'NONE', #2281, #1645 ) ;
#1912 = DIRECTION ( 'NONE',  ( -6.938893903907198401E-15, 1.000000000000000000, -3.469446951953613006E-15 ) ) ;
#1913 = FACE_OUTER_BOUND ( 'NONE', #804, .T. ) ;
#1914 = UNCERTAINTY_MEASURE_WITH_UNIT (LENGTH_MEASURE( 1.000000000000000082E-05 ), #2278, 'distance_accuracy_value', 'NONE');
#1915 = FACE_OUTER_BOUND ( 'NONE', #147, .T. ) ;
#1916 = EDGE_LOOP ( 'NONE', ( #1385, #691, #2432, #1052 ) ) ;
#1917 = LINE ( 'NONE', #1886, #168 ) ;
#1918 = CARTESIAN_POINT ( 'NONE',  ( 24.87943088170096928, 15.85999470999139405, 20.59445279872765866 ) ) ;
#1919 = EDGE_CURVE ( 'NONE', #236, #1646, #371, .T. ) ;
#1920 = EDGE_CURVE ( 'NONE', #582, #1283, #1063, .T. ) ;
#1921 = ORIENTED_EDGE ( 'NONE', *, *, #1314, .F. ) ;
#1922 = EDGE_LOOP ( 'NONE', ( #521, #1810, #1156, #1058 ) ) ;
#1923 = ADVANCED_FACE ( 'NONE', ( #665, #1829 ), #1469, .T. ) ;
#1924 = DIRECTION ( 'NONE',  ( 1.000000000000000000, 6.938893903907222067E-15, 0.000000000000000000 ) ) ;
#1925 = CARTESIAN_POINT ( 'NONE',  ( 10.47943088170140946, 15.85999470999129457, 21.19445279872749310 ) ) ;
#1926 = DIRECTION ( 'NONE',  ( -7.097508525429687705E-15, 1.000000000000000000, -3.469446951953612217E-15 ) ) ;
#1927 = LINE ( 'NONE', #2542, #854 ) ;
#1928 = ORIENTED_EDGE ( 'NONE', *, *, #1155, .F. ) ;
#1929 = CARTESIAN_POINT ( 'NONE',  ( 10.47943088170142900, 12.85999470999129279, 21.19445279872750021 ) ) ;
#1930 = LINE ( 'NONE', #208, #1194 ) ;
#1931 = VERTEX_POINT ( 'NONE', #845 ) ;
#1932 = AXIS2_PLACEMENT_3D ( 'NONE', #2395, #1988, #441 ) ;
#1933 = ORIENTED_EDGE ( 'NONE', *, *, #511, .F. ) ;
#1934 = AXIS2_PLACEMENT_3D ( 'NONE', #1472, #2241, #1051 ) ;
#1935 = VECTOR ( 'NONE', #1969, 1000.000000000000000 ) ;
#1936 = AXIS2_PLACEMENT_3D ( 'NONE', #591, #166, #1388 ) ;
#1937 = VECTOR ( 'NONE', #1153, 1000.000000000000000 ) ;
#1938 = DIRECTION ( 'NONE',  ( -7.097508525429686916E-15, 1.000000000000000000, -3.497202527569242313E-15 ) ) ;
#1939 = CARTESIAN_POINT ( 'NONE',  ( 10.97943088170145032, 15.85999470999124838, 7.167504782520889961 ) ) ;
#1940 = CARTESIAN_POINT ( 'NONE',  ( 10.47943088170141301, 15.85999470999129102, 20.16750478252088996 ) ) ;
#1941 = DIRECTION ( 'NONE',  ( 0.000000000000000000, 1.000000000000000000, -3.497202527569242313E-15 ) ) ;
#1942 = CARTESIAN_POINT ( 'NONE',  ( 11.67943088170139632, 17.85999470999130523, 22.49445279872748316 ) ) ;
#1943 = ORIENTED_EDGE ( 'NONE', *, *, #419, .F. ) ;
#1944 = CARTESIAN_POINT ( 'NONE',  ( 26.87943088170133876, 16.46499470999134473, 2.440179395546123065 ) ) ;
#1945 = DIRECTION ( 'NONE',  ( -1.000000000000000000, -6.938893903907222067E-15, 0.000000000000000000 ) ) ;
#1946 = ORIENTED_EDGE ( 'NONE', *, *, #1507, .F. ) ;
#1947 = LINE ( 'NONE', #2477, #1318 ) ;
#1948 = DIRECTION ( 'NONE',  ( 7.097508525429686916E-15, -1.000000000000000000, 3.497202527569242313E-15 ) ) ;
#1949 = CARTESIAN_POINT ( 'NONE',  ( 12.57943088170152812, 10.85999470999130168, 19.66750478252090772 ) ) ;
#1950 = ADVANCED_FACE ( 'NONE', ( #2063 ), #71, .F. ) ;
#1951 = ORIENTED_EDGE ( 'NONE', *, *, #1617, .F. ) ;
#1952 = ORIENTED_EDGE ( 'NONE', *, *, #890, .T. ) ;
#1953 = EDGE_CURVE ( 'NONE', #2114, #95, #479, .T. ) ;
#1954 = CYLINDRICAL_SURFACE ( 'NONE', #1100, 1.500000000000022204 ) ;
#1955 = LINE ( 'NONE', #2132, #660 ) ;
#1956 = DIRECTION ( 'NONE',  ( -7.097508525429686916E-15, 1.000000000000000000, -3.497202527569242313E-15 ) ) ;
#1957 = EDGE_LOOP ( 'NONE', ( #1209, #2525, #2419, #710, #2039, #1355, #369, #2487, #856, #1832, #610, #909, #769, #189, #1906, #664, #425, #603, #1828, #2060, #1611, #1328, #2489, #1960, #2318, #2130, #2254, #1034, #1943, #2079, #469, #2251 ) ) ;
#1958 = CARTESIAN_POINT ( 'NONE',  ( 27.67943088170047616, 10.85999470999140648, 19.16750478252090772 ) ) ;
#1959 = DIRECTION ( 'NONE',  ( 6.938893903907233900E-15, -1.000000000000000000, 3.469446951953614189E-15 ) ) ;
#1960 = ORIENTED_EDGE ( 'NONE', *, *, #2158, .T. ) ;
#1961 = CARTESIAN_POINT ( 'NONE',  ( 10.97943088170143433, 12.85999470999129279, 19.66750478252090062 ) ) ;
#1962 = CARTESIAN_POINT ( 'NONE',  ( 16.37790327638491661, 15.85999470999129457, 10.11372225237001921 ) ) ;
#1963 = EDGE_LOOP ( 'NONE', ( #333, #623, #2452, #2235 ) ) ;
#1964 = DIRECTION ( 'NONE',  ( 1.000000000000000000, 0.000000000000000000, 1.387778780781444413E-14 ) ) ;
#1965 = EDGE_CURVE ( 'NONE', #1358, #1283, #2428, .T. ) ;
#1966 = CARTESIAN_POINT ( 'NONE',  ( 11.07943088170151746, 12.85999470999129279, 19.66750478252090062 ) ) ;
#1967 = CARTESIAN_POINT ( 'NONE',  ( 28.77943088170118813, 15.85999470999142247, 19.66750478252088996 ) ) ;
#1968 = DIRECTION ( 'NONE',  ( -1.000000000000000000, -7.097508525429687705E-15, 2.462442932001683756E-29 ) ) ;
#1969 = DIRECTION ( 'NONE',  ( -7.097508525429686127E-15, 1.000000000000000000, -3.497202527569242313E-15 ) ) ;
#1970 = ORIENTED_EDGE ( 'NONE', *, *, #2510, .T. ) ;
#1971 = DIRECTION ( 'NONE',  ( 1.000000000000000000, 6.938893903907222067E-15, 0.000000000000000000 ) ) ;
#1972 = ORIENTED_EDGE ( 'NONE', *, *, #872, .F. ) ;
#1973 = CARTESIAN_POINT ( 'NONE',  ( 9.679430881701431844, 12.85999470999128746, 21.49445279872752224 ) ) ;
#1974 = CARTESIAN_POINT ( 'NONE',  ( 28.77943088170120589, 12.85999470999137273, 7.667504782520900619 ) ) ;
#1975 = ADVANCED_FACE ( 'NONE', ( #1287 ), #447, .F. ) ;
#1976 = DIRECTION ( 'NONE',  ( -2.426671729927918576E-29, 3.497202527569242313E-15, 1.000000000000000000 ) ) ;
#1977 = ORIENTED_EDGE ( 'NONE', *, *, #2199, .F. ) ;
#1978 = AXIS2_PLACEMENT_3D ( 'NONE', #400, #2391, #438 ) ;
#1979 = VECTOR ( 'NONE', #1309, 1000.000000000000000 ) ;
#1980 = CARTESIAN_POINT ( 'NONE',  ( -7.503912184657747973E-14, 10.85999470999114891, -3.762266439357991060E-14 ) ) ;
#1981 = AXIS2_PLACEMENT_3D ( 'NONE', #297, #1293, #142 ) ;
#1982 = AXIS2_PLACEMENT_3D ( 'NONE', #106, #879, #1070 ) ;
#1983 = DIRECTION ( 'NONE',  ( 7.097508525429686916E-15, -1.000000000000000000, 3.497202527569242313E-15 ) ) ;
#1984 = ORIENTED_EDGE ( 'NONE', *, *, #949, .T. ) ;
#1985 = CIRCLE ( 'NONE', #4, 1.499999999999999556 ) ;
#1986 = VECTOR ( 'NONE', #1367, 1000.000000000000000 ) ;
#1987 = EDGE_CURVE ( 'NONE', #1296, #426, #1446, .T. ) ;
#1988 = DIRECTION ( 'NONE',  ( -6.938893903907233900E-15, 1.000000000000000000, -3.469446951953614189E-15 ) ) ;
#1989 = ORIENTED_EDGE ( 'NONE', *, *, #1079, .T. ) ;
#1990 = DIRECTION ( 'NONE',  ( 7.097508525429686916E-15, -1.000000000000000000, 3.497202527569242313E-15 ) ) ;
#1991 = LINE ( 'NONE', #1197, #986 ) ;
#1992 = EDGE_CURVE ( 'NONE', #688, #307, #1315, .T. ) ;
#1993 = CARTESIAN_POINT ( 'NONE',  ( 20.32943088170132029, 15.85999470999133187, 12.12017939759413387 ) ) ;
#1994 = ORIENTED_EDGE ( 'NONE', *, *, #509, .F. ) ;
#1995 = CARTESIAN_POINT ( 'NONE',  ( 25.32943088170121726, 31.06140338681660751, 12.12017939759408414 ) ) ;
#1996 = CARTESIAN_POINT ( 'NONE',  ( 14.87790327638491839, 15.85999470999128391, 10.11372225237002276 ) ) ;
#1997 = ORIENTED_EDGE ( 'NONE', *, *, #435, .F. ) ;
#1998 = LINE ( 'NONE', #44, #823 ) ;
#1999 = DIRECTION ( 'NONE',  ( -1.000000000000000000, -6.938893903907222067E-15, 0.000000000000000000 ) ) ;
#2000 = EDGE_CURVE ( 'NONE', #2146, #581, #2040, .T. ) ;
#2001 = CARTESIAN_POINT ( 'NONE',  ( 24.87943088170089823, 26.05803373717696303, 20.59445279872762313 ) ) ;
#2002 = EDGE_CURVE ( 'NONE', #266, #470, #122, .T. ) ;
#2003 = ORIENTED_EDGE ( 'NONE', *, *, #2002, .F. ) ;
#2004 = EDGE_CURVE ( 'NONE', #688, #2092, #2084, .T. ) ;
#2005 = CARTESIAN_POINT ( 'NONE',  ( 27.77943088170116326, 15.85999470999129457, -13.10554720127249340 ) ) ;
#2006 = CARTESIAN_POINT ( 'NONE',  ( 24.87943088170100481, 10.85999470999139582, 21.09445279872767642 ) ) ;
#2007 = ADVANCED_FACE ( 'NONE', ( #701 ), #2468, .F. ) ;
#2008 = FACE_OUTER_BOUND ( 'NONE', #1683, .T. ) ;
#2009 =( NAMED_UNIT ( * ) SI_UNIT ( $, .STERADIAN. ) SOLID_ANGLE_UNIT ( ) );
#2010 = EDGE_CURVE ( 'NONE', #1219, #78, #1917, .T. ) ;
#2011 = ORIENTED_EDGE ( 'NONE', *, *, #1350, .F. ) ;
#2012 = AXIS2_PLACEMENT_3D ( 'NONE', #2368, #224, #401 ) ;
#2013 = DIRECTION ( 'NONE',  ( 1.734723475976805517E-15, 3.469446951953626416E-15, 1.000000000000000000 ) ) ;
#2014 = FACE_BOUND ( 'NONE', #1133, .T. ) ;
#2015 = VERTEX_POINT ( 'NONE', #342 ) ;
#2016 = ORIENTED_EDGE ( 'NONE', *, *, #145, .T. ) ;
#2017 = FACE_OUTER_BOUND ( 'NONE', #1857, .T. ) ;
#2018 = DIRECTION ( 'NONE',  ( -1.445602896647339163E-16, -3.469446951953614189E-15, -1.000000000000000000 ) ) ;
#2019 = AXIS2_PLACEMENT_3D ( 'NONE', #1336, #339, #1945 ) ;
#2020 = EDGE_LOOP ( 'NONE', ( #169, #1460, #955, #747, #1035, #33 ) ) ;
#2021 = VECTOR ( 'NONE', #1626, 1000.000000000000000 ) ;
#2022 = AXIS2_PLACEMENT_3D ( 'NONE', #846, #2050, #2378 ) ;
#2023 = VECTOR ( 'NONE', #2231, 1000.000000000000000 ) ;
#2024 = DIRECTION ( 'NONE',  ( -2.426671729927918576E-29, 3.497202527569242313E-15, 1.000000000000000000 ) ) ;
#2025 = CIRCLE ( 'NONE', #1407, 0.5000000000000004441 ) ;
#2026 = CARTESIAN_POINT ( 'NONE',  ( 9.679430881701424738, 16.85999470999128746, 21.49445279872751868 ) ) ;
#2027 = ORIENTED_EDGE ( 'NONE', *, *, #1868, .F. ) ;
#2028 = CARTESIAN_POINT ( 'NONE',  ( 14.87943088170098704, 12.85999470999132654, 22.09445279872767287 ) ) ;
#2029 = DIRECTION ( 'NONE',  ( 7.097508525429686127E-15, -1.000000000000000000, 3.497202527569242313E-15 ) ) ;
#2030 = CARTESIAN_POINT ( 'NONE',  ( 11.97943088170150538, 15.85999470999118266, -13.10554720127233352 ) ) ;
#2031 =( LENGTH_UNIT ( ) NAMED_UNIT ( * ) SI_UNIT ( .MILLI., .METRE. ) );
#2032 = ORIENTED_EDGE ( 'NONE', *, *, #1255, .F. ) ;
#2033 = EDGE_CURVE ( 'NONE', #1442, #1763, #1985, .T. ) ;
#2034 = CARTESIAN_POINT ( 'NONE',  ( 12.57943088170149437, 15.85999470999130345, 19.16750478252088996 ) ) ;
#2035 = FACE_BOUND ( 'NONE', #1302, .T. ) ;
#2036 = CARTESIAN_POINT ( 'NONE',  ( 15.37943088170098704, 12.85999470999133187, 22.09445279872767287 ) ) ;
#2037 = ORIENTED_EDGE ( 'NONE', *, *, #36, .T. ) ;
#2038 = CARTESIAN_POINT ( 'NONE',  ( 27.77943088170115971, 15.85999470999141536, 21.19445279872749666 ) ) ;
#2039 = ORIENTED_EDGE ( 'NONE', *, *, #340, .T. ) ;
#2040 = LINE ( 'NONE', #90, #2501 ) ;
#2041 = DIRECTION ( 'NONE',  ( -7.097508525429686916E-15, 1.000000000000000000, -3.497202527569242313E-15 ) ) ;
#2042 = FACE_OUTER_BOUND ( 'NONE', #1916, .T. ) ;
#2043 = ORIENTED_EDGE ( 'NONE', *, *, #1248, .F. ) ;
#2044 = CARTESIAN_POINT ( 'NONE',  ( 14.87943088170100125, 10.85999470999132477, 20.59445279872767642 ) ) ;
#2045 = ORIENTED_EDGE ( 'NONE', *, *, #2078, .T. ) ;
#2046 = ORIENTED_EDGE ( 'NONE', *, *, #466, .F. ) ;
#2047 = ORIENTED_EDGE ( 'NONE', *, *, #1674, .F. ) ;
#2048 = AXIS2_PLACEMENT_3D ( 'NONE', #154, #140, #584 ) ;
#2049 = CARTESIAN_POINT ( 'NONE',  ( 15.37943088170100125, 10.85999470999132654, 20.59445279872767642 ) ) ;
#2050 = DIRECTION ( 'NONE',  ( -1.000000000000000000, -7.097508525429685338E-15, 3.034501707248308892E-16 ) ) ;
#2051 = CARTESIAN_POINT ( 'NONE',  ( 11.67943088170140165, 16.85999470999118088, -13.40554720127250299 ) ) ;
#2052 = VERTEX_POINT ( 'NONE', #1308 ) ;
#2053 = CIRCLE ( 'NONE', #1808, 0.5000000000000004441 ) ;
#2054 = EDGE_CURVE ( 'NONE', #2287, #97, #1947, .T. ) ;
#2055 = AXIS2_PLACEMENT_3D ( 'NONE', #552, #139, #1343 ) ;
#2056 = LINE ( 'NONE', #637, #82 ) ;
#2057 = FACE_OUTER_BOUND ( 'NONE', #815, .T. ) ;
#2058 = VECTOR ( 'NONE', #884, 1000.000000000000000 ) ;
#2059 = CIRCLE ( 'NONE', #1982, 2.199999999999998845 ) ;
#2060 = ORIENTED_EDGE ( 'NONE', *, *, #2033, .F. ) ;
#2061 = CIRCLE ( 'NONE', #2103, 1.000000000000000888 ) ;
#2062 = ADVANCED_FACE ( 'NONE', ( #1110 ), #752, .F. ) ;
#2063 = FACE_OUTER_BOUND ( 'NONE', #828, .T. ) ;
#2064 = DIRECTION ( 'NONE',  ( 5.288791085294977872E-16, 3.497202527569246258E-15, 1.000000000000000000 ) ) ;
#2065 = VERTEX_POINT ( 'NONE', #148 ) ;
#2066 = ORIENTED_EDGE ( 'NONE', *, *, #280, .F. ) ;
#2067 = DIRECTION ( 'NONE',  ( -1.000000000000000000, -6.938893903907222067E-15, 0.000000000000000000 ) ) ;
#2068 = PLANE ( 'NONE',  #1981 ) ;
#2069 = CARTESIAN_POINT ( 'NONE',  ( 11.07943088170151569, 12.85999470999125194, 7.667504782520900619 ) ) ;
#2070 = CARTESIAN_POINT ( 'NONE',  ( 27.17943088170047616, 10.85999470999136385, 7.667504782520907725 ) ) ;
#2071 = ORIENTED_EDGE ( 'NONE', *, *, #2139, .T. ) ;
#2072 = EDGE_CURVE ( 'NONE', #1102, #2015, #506, .T. ) ;
#2073 = CARTESIAN_POINT ( 'NONE',  ( 27.37943088170106165, 38.67819814558770730, -4.559820604453981296 ) ) ;
#2074 = CARTESIAN_POINT ( 'NONE',  ( 14.87790327638490417, 17.85999470999128391, 10.11372225237001565 ) ) ;
#2075 = ORIENTED_EDGE ( 'NONE', *, *, #17, .T. ) ;
#2076 = ADVANCED_FACE ( 'NONE', ( #2517 ), #1095, .T. ) ;
#2077 = DIRECTION ( 'NONE',  ( 7.097508525429686916E-15, -1.000000000000000000, 3.497202527569242313E-15 ) ) ;
#2078 = EDGE_CURVE ( 'NONE', #1759, #12, #2061, .T. ) ;
#2079 = ORIENTED_EDGE ( 'NONE', *, *, #1215, .T. ) ;
#2080 = PRODUCT ( 'IGC Logger Main Case', 'IGC Logger Main Case', '', ( #1013 ) ) ;
#2081 = ADVANCED_FACE ( 'NONE', ( #1546 ), #1297, .F. ) ;
#2082 = DIRECTION ( 'NONE',  ( 8.673617379884185356E-15, 3.497202527569304239E-15, 1.000000000000000000 ) ) ;
#2083 = EDGE_LOOP ( 'NONE', ( #2066, #1243, #1647, #1668 ) ) ;
#2084 = LINE ( 'NONE', #1699, #1937 ) ;
#2085 = CARTESIAN_POINT ( 'NONE',  ( 12.07943088170152812, 10.85999470999125549, 7.667504782520907725 ) ) ;
#2086 = AXIS2_PLACEMENT_3D ( 'NONE', #2094, #1335, #2482 ) ;
#2087 = AXIS2_PLACEMENT_3D ( 'NONE', #644, #1411, #2219 ) ;
#2088 = ORIENTED_EDGE ( 'NONE', *, *, #545, .T. ) ;
#2089 = EDGE_CURVE ( 'NONE', #1573, #2136, #720, .T. ) ;
#2090 = DIRECTION ( 'NONE',  ( 7.097508525429686916E-15, -1.000000000000000000, 3.497202527569242313E-15 ) ) ;
#2091 = DIRECTION ( 'NONE',  ( 2.478176394252596425E-16, 3.497202527569243891E-15, 1.000000000000000000 ) ) ;
#2092 = VERTEX_POINT ( 'NONE', #1929 ) ;
#2093 = CARTESIAN_POINT ( 'NONE',  ( 10.97943088170145032, 15.85999470999130345, 7.667504782520890849 ) ) ;
#2094 = CARTESIAN_POINT ( 'NONE',  ( 28.77943088170118813, 15.85999470999141892, 20.16750478252088641 ) ) ;
#2095 = LINE ( 'NONE', #308, #2144 ) ;
#2096 = VECTOR ( 'NONE', #1926, 1000.000000000000000 ) ;
#2097 = CIRCLE ( 'NONE', #2418, 0.5000000000000004441 ) ;
#2098 = VERTEX_POINT ( 'NONE', #2322 ) ;
#2099 = CARTESIAN_POINT ( 'NONE',  ( 29.17943088170047616, 10.85999470999137806, 7.667504782520907725 ) ) ;
#2100 = AXIS2_PLACEMENT_3D ( 'NONE', #1451, #682, #1284 ) ;
#2101 = VECTOR ( 'NONE', #1588, 1000.000000000000000 ) ;
#2102 = FACE_OUTER_BOUND ( 'NONE', #1466, .T. ) ;
#2103 = AXIS2_PLACEMENT_3D ( 'NONE', #1122, #1710, #2115 ) ;
#2104 = EDGE_LOOP ( 'NONE', ( #1842, #1545, #640, #1226, #1862, #782, #1772, #2405 ) ) ;
#2105 = VECTOR ( 'NONE', #2355, 1000.000000000000000 ) ;
#2106 = DIRECTION ( 'NONE',  ( -1.000000000000000000, -6.938893903907276498E-15, -3.122502256758274227E-14 ) ) ;
#2107 = ORIENTED_EDGE ( 'NONE', *, *, #678, .T. ) ;
#2108 = DIRECTION ( 'NONE',  ( 1.000000000000000000, 6.938893903907241788E-15, 1.734723475976799797E-15 ) ) ;
#2109 = LINE ( 'NONE', #187, #1653 ) ;
#2110 = CARTESIAN_POINT ( 'NONE',  ( 28.07943088170117463, 16.85999470999141536, 21.49445279872749737 ) ) ;
#2111 = LINE ( 'NONE', #1166, #1579 ) ;
#2112 = DIRECTION ( 'NONE',  ( -1.734723475976799403E-15, -3.469446951953626416E-15, -1.000000000000000000 ) ) ;
#2113 = EDGE_CURVE ( 'NONE', #699, #2371, #741, .T. ) ;
#2114 = VERTEX_POINT ( 'NONE', #930 ) ;
#2115 = DIRECTION ( 'NONE',  ( 0.000000000000000000, -1.000000000000000000, 3.469446951953611033E-15 ) ) ;
#2116 = DIRECTION ( 'NONE',  ( 1.000000000000000000, 6.938893903907222067E-15, 0.000000000000000000 ) ) ;
#2117 = ORIENTED_EDGE ( 'NONE', *, *, #1815, .T. ) ;
#2118 = ORIENTED_EDGE ( 'NONE', *, *, #315, .T. ) ;
#2119 = DIRECTION ( 'NONE',  ( -7.097508525429686916E-15, 1.000000000000000000, -3.497202527569242313E-15 ) ) ;
#2120 = DIRECTION ( 'NONE',  ( -7.097508525429686916E-15, 1.000000000000000000, -3.497202527569242313E-15 ) ) ;
#2121 = ORIENTED_EDGE ( 'NONE', *, *, #1161, .T. ) ;
#2122 = DIRECTION ( 'NONE',  ( 1.000000000000000000, 6.938893903907222067E-15, 0.000000000000000000 ) ) ;
#2123 = DIRECTION ( 'NONE',  ( -7.097508525429687705E-15, 1.000000000000000000, -3.469446951953612217E-15 ) ) ;
#2124 = UNCERTAINTY_MEASURE_WITH_UNIT (LENGTH_MEASURE( 1.000000000000000082E-05 ), #2031, 'distance_accuracy_value', 'NONE');
#2125 = CARTESIAN_POINT ( 'NONE',  ( 24.87943088170089823, 26.05803373717696303, 21.09445279872762669 ) ) ;
#2126 = ORIENTED_EDGE ( 'NONE', *, *, #1240, .T. ) ;
#2127 = CARTESIAN_POINT ( 'NONE',  ( 29.27943088170118813, 15.85999470999142602, 21.19445279872752153 ) ) ;
#2128 = CYLINDRICAL_SURFACE ( 'NONE', #249, 0.5000000000000004441 ) ;
#2129 = VERTEX_POINT ( 'NONE', #910 ) ;
#2130 = ORIENTED_EDGE ( 'NONE', *, *, #2195, .T. ) ;
#2131 = CYLINDRICAL_SURFACE ( 'NONE', #160, 1.000000000000000888 ) ;
#2132 = CARTESIAN_POINT ( 'NONE',  ( 11.67943088170141941, 17.85999470999117378, -15.40554720127248167 ) ) ;
#2133 = FACE_OUTER_BOUND ( 'NONE', #296, .T. ) ;
#2134 = CARTESIAN_POINT ( 'NONE',  ( 27.17943088170044419, 15.85999470999140826, 19.16750478252088996 ) ) ;
#2135 = DIRECTION ( 'NONE',  ( -7.097508525429686916E-15, 1.000000000000000000, -3.497202527569242313E-15 ) ) ;
#2136 = VERTEX_POINT ( 'NONE', #897 ) ;
#2137 = DIRECTION ( 'NONE',  ( -6.938893903907198401E-15, 1.000000000000000000, -3.469446951953613006E-15 ) ) ;
#2138 = LINE ( 'NONE', #1781, #2335 ) ;
#2139 = EDGE_CURVE ( 'NONE', #551, #1931, #548, .T. ) ;
#2140 = EDGE_CURVE ( 'NONE', #2307, #1307, #2284, .T. ) ;
#2141 = ORIENTED_EDGE ( 'NONE', *, *, #1002, .T. ) ;
#2142 = DIRECTION ( 'NONE',  ( 6.938893903907467008E-16, -3.469446951953607484E-15, -1.000000000000000000 ) ) ;
#2143 = DIRECTION ( 'NONE',  ( -1.000000000000000000, -7.097508525429687705E-15, -5.196047718419293051E-32 ) ) ;
#2144 = VECTOR ( 'NONE', #2246, 1000.000000000000000 ) ;
#2145 = ADVANCED_FACE ( 'NONE', ( #1723 ), #2500, .F. ) ;
#2146 = VERTEX_POINT ( 'NONE', #1768 ) ;
#2147 = AXIS2_PLACEMENT_3D ( 'NONE', #1958, #941, #2526 ) ;
#2148 = VECTOR ( 'NONE', #1670, 1000.000000000000000 ) ;
#2149 = CIRCLE ( 'NONE', #1147, 1.999999999999986233 ) ;
#2150 = VECTOR ( 'NONE', #2211, 1000.000000000000000 ) ;
#2151 = DIRECTION ( 'NONE',  ( 1.000000000000000000, 7.885106708985640692E-15, 0.000000000000000000 ) ) ;
#2152 = ORIENTED_EDGE ( 'NONE', *, *, #2448, .T. ) ;
#2153 = PLANE ( 'NONE',  #2406 ) ;
#2154 = FACE_OUTER_BOUND ( 'NONE', #1334, .T. ) ;
#2155 = ORIENTED_EDGE ( 'NONE', *, *, #439, .T. ) ;
#2156 = CARTESIAN_POINT ( 'NONE',  ( 27.67943088170044419, 15.85999470999136918, 8.167504782520891737 ) ) ;
#2157 = DIRECTION ( 'NONE',  ( -1.000000000000000000, -6.938893903907197612E-15, 0.000000000000000000 ) ) ;
#2158 = EDGE_CURVE ( 'NONE', #761, #1549, #2467, .T. ) ;
#2159 = ORIENTED_EDGE ( 'NONE', *, *, #1919, .F. ) ;
#2160 = ORIENTED_EDGE ( 'NONE', *, *, #1301, .F. ) ;
#2161 = EDGE_CURVE ( 'NONE', #481, #1759, #384, .T. ) ;
#2162 = CARTESIAN_POINT ( 'NONE',  ( 14.87943088170096573, 15.85999470999132477, 20.59445279872765866 ) ) ;
#2163 = FACE_OUTER_BOUND ( 'NONE', #1027, .T. ) ;
#2164 = FACE_OUTER_BOUND ( 'NONE', #1152, .T. ) ;
#2165 = VERTEX_POINT ( 'NONE', #1386 ) ;
#2166 = ADVANCED_FACE ( 'NONE', ( #428 ), #1011, .T. ) ;
#2167 = CYLINDRICAL_SURFACE ( 'NONE', #1514, 0.5000000000000004441 ) ;
#2168 = VERTEX_POINT ( 'NONE', #2196 ) ;
#2169 = DIRECTION ( 'NONE',  ( -7.097508525429686916E-15, 1.000000000000000000, -3.497202527569242313E-15 ) ) ;
#2170 = CARTESIAN_POINT ( 'NONE',  ( 10.47943088170140946, 15.85999470999129457, 21.19445279872749310 ) ) ;
#2171 = CARTESIAN_POINT ( 'NONE',  ( 15.37943088170096750, 15.85999470999132832, 20.59445279872765866 ) ) ;
#2172 = ORIENTED_EDGE ( 'NONE', *, *, #2161, .T. ) ;
#2173 = EDGE_LOOP ( 'NONE', ( #363, #1045, #1704, #1125 ) ) ;
#2174 = ADVANCED_FACE ( 'NONE', ( #600 ), #2181, .T. ) ;
#2175 = DIRECTION ( 'NONE',  ( -3.034501707248057936E-16, -3.540251991789401123E-15, -1.000000000000000000 ) ) ;
#2176 = LINE ( 'NONE', #1178, #1935 ) ;
#2177 = ORIENTED_EDGE ( 'NONE', *, *, #1467, .T. ) ;
#2178 = AXIS2_PLACEMENT_3D ( 'NONE', #2404, #1599, #2382 ) ;
#2179 = CARTESIAN_POINT ( 'NONE',  ( 10.47943088170144854, 15.85999470999124483, 7.167504782520888185 ) ) ;
#2180 = ORIENTED_EDGE ( 'NONE', *, *, #819, .F. ) ;
#2181 = CYLINDRICAL_SURFACE ( 'NONE', #943, 0.5000000000000004441 ) ;
#2182 = CARTESIAN_POINT ( 'NONE',  ( 29.07943088170119239, 17.85999470999130168, -13.40554720127247634 ) ) ;
#2183 = PLANE ( 'NONE',  #1731 ) ;
#2184 = VERTEX_POINT ( 'NONE', #1973 ) ;
#2185 = VECTOR ( 'NONE', #1349, 1000.000000000000000 ) ;
#2186 = CIRCLE ( 'NONE', #161, 0.5000000000000004441 ) ;
#2187 = CARTESIAN_POINT ( 'NONE',  ( 12.07943088170149259, 15.85999470999129990, 19.66750478252088996 ) ) ;
#2188 = VECTOR ( 'NONE', #2239, 1000.000000000000000 ) ;
#2189 = AXIS2_PLACEMENT_3D ( 'NONE', #1017, #1817, #2375 ) ;
#2190 = ORIENTED_EDGE ( 'NONE', *, *, #2158, .F. ) ;
#2191 = EDGE_CURVE ( 'NONE', #423, #1221, #1394, .T. ) ;
#2192 = VECTOR ( 'NONE', #2245, 1000.000000000000000 ) ;
#2193 = AXIS2_PLACEMENT_3D ( 'NONE', #2347, #585, #1382 ) ;
#2194 = CARTESIAN_POINT ( 'NONE',  ( 12.57943088170152812, 10.85999470999125904, 7.667504782520907725 ) ) ;
#2195 = EDGE_CURVE ( 'NONE', #2292, #933, #2025, .T. ) ;
#2196 = CARTESIAN_POINT ( 'NONE',  ( 11.97943088170143788, 12.85999470999130878, 22.69445279872753218 ) ) ;
#2197 = EDGE_CURVE ( 'NONE', #1763, #1551, #767, .T. ) ;
#2198 = VERTEX_POINT ( 'NONE', #206 ) ;
#2199 = EDGE_CURVE ( 'NONE', #2365, #2337, #2505, .T. ) ;
#2200 = DIRECTION ( 'NONE',  ( -1.000000000000000000, -7.097508525429686916E-15, 5.547074552976120986E-31 ) ) ;
#2201 = EDGE_LOOP ( 'NONE', ( #1794, #494, #332, #387 ) ) ;
#2202 = DIRECTION ( 'NONE',  ( -1.000000000000000000, -6.938893903907222067E-15, 0.000000000000000000 ) ) ;
#2203 = ORIENTED_EDGE ( 'NONE', *, *, #1809, .T. ) ;
#2204 = CARTESIAN_POINT ( 'NONE',  ( 28.77943088170118457, 15.85999470999137273, 7.167504782520889961 ) ) ;
#2205 = DIRECTION ( 'NONE',  ( 6.938893903907233900E-15, -1.000000000000000000, 3.469446951953614189E-15 ) ) ;
#2206 = ORIENTED_EDGE ( 'NONE', *, *, #235, .T. ) ;
#2207 = ORIENTED_EDGE ( 'NONE', *, *, #1280, .T. ) ;
#2208 = FACE_OUTER_BOUND ( 'NONE', #1397, .T. ) ;
#2209 = ORIENTED_EDGE ( 'NONE', *, *, #1953, .F. ) ;
#2210 = DIRECTION ( 'NONE',  ( 6.982962677686267499E-15, -1.000000000000000000, 3.491481338843133750E-15 ) ) ;
#2211 = DIRECTION ( 'NONE',  ( 7.097508525429686916E-15, -1.000000000000000000, 3.497202527569242313E-15 ) ) ;
#2212 = DIRECTION ( 'NONE',  ( -1.000000000000000000, -6.938893903907222067E-15, 0.000000000000000000 ) ) ;
#2213 = EDGE_LOOP ( 'NONE', ( #2457, #1128, #722, #2399 ) ) ;
#2214 = ORIENTED_EDGE ( 'NONE', *, *, #1266, .T. ) ;
#2215 = CARTESIAN_POINT ( 'NONE',  ( 12.57943088170152812, 10.85999470999130168, 19.66750478252090772 ) ) ;
#2216 = DIRECTION ( 'NONE',  ( 1.000000000000000000, 6.938893903907225222E-15, 0.000000000000000000 ) ) ;
#2217 = EDGE_CURVE ( 'NONE', #1278, #114, #1241, .T. ) ;
#2218 = CARTESIAN_POINT ( 'NONE',  ( 28.77943088170118813, 15.85999470999141892, 19.66750478252088996 ) ) ;
#2219 = DIRECTION ( 'NONE',  ( 1.000000000000000000, 7.885106708985609138E-15, 0.000000000000000000 ) ) ;
#2220 = STYLED_ITEM ( 'NONE', ( #1703 ), #1550 ) ;
#2221 = VECTOR ( 'NONE', #366, 1000.000000000000000 ) ;
#2222 = ORIENTED_EDGE ( 'NONE', *, *, #173, .T. ) ;
#2223 = AXIS2_PLACEMENT_3D ( 'NONE', #1390, #50, #1787 ) ;
#2224 = VECTOR ( 'NONE', #1338, 1000.000000000000000 ) ;
#2225 = VECTOR ( 'NONE', #2544, 1000.000000000000000 ) ;
#2226 = AXIS2_PLACEMENT_3D ( 'NONE', #1750, #924, #1777 ) ;
#2227 = CARTESIAN_POINT ( 'NONE',  ( 15.37943088170107409, 0.6619556828057570064, 22.59445279872771195 ) ) ;
#2228 = AXIS2_PLACEMENT_3D ( 'NONE', #1791, #1406, #1608 ) ;
#2229 = PLANE ( 'NONE',  #577 ) ;
#2230 = ORIENTED_EDGE ( 'NONE', *, *, #432, .F. ) ;
#2231 = DIRECTION ( 'NONE',  ( -3.034501707248057936E-16, -3.540251991789401123E-15, -1.000000000000000000 ) ) ;
#2232 = DIRECTION ( 'NONE',  ( -1.000000000000000000, -7.097508525429686916E-15, 1.445602896647585436E-16 ) ) ;
#2233 = ADVANCED_FACE ( 'NONE', ( #959 ), #420, .T. ) ;
#2234 = DIRECTION ( 'NONE',  ( 6.938893903907222067E-15, -1.000000000000000000, 0.000000000000000000 ) ) ;
#2235 = ORIENTED_EDGE ( 'NONE', *, *, #1007, .F. ) ;
#2236 = CARTESIAN_POINT ( 'NONE',  ( 12.07943088170152812, 10.85999470999125549, 7.667504782520907725 ) ) ;
#2237 = ORIENTED_EDGE ( 'NONE', *, *, #275, .T. ) ;
#2238 = ORIENTED_EDGE ( 'NONE', *, *, #2257, .T. ) ;
#2239 = DIRECTION ( 'NONE',  ( -7.097508525429687705E-15, 1.000000000000000000, -3.497202527569242313E-15 ) ) ;
#2240 = PLANE ( 'NONE',  #368 ) ;
#2241 = DIRECTION ( 'NONE',  ( 1.000000000000000000, 6.938893903907221278E-15, -2.407412430484040332E-29 ) ) ;
#2242 = EDGE_CURVE ( 'NONE', #2198, #673, #1574, .T. ) ;
#2243 = ORIENTED_EDGE ( 'NONE', *, *, #519, .F. ) ;
#2244 = EDGE_CURVE ( 'NONE', #2098, #1573, #1151, .T. ) ;
#2245 = DIRECTION ( 'NONE',  ( -1.969954345601289832E-31, 3.497202527569242313E-15, 1.000000000000000000 ) ) ;
#2246 = DIRECTION ( 'NONE',  ( -1.000000000000000000, -7.097508525429686916E-15, 3.097720492815723221E-16 ) ) ;
#2247 = PRODUCT_DEFINITION_CONTEXT ( 'detailed design', #1902, 'design' ) ;
#2248 = VERTEX_POINT ( 'NONE', #2333 ) ;
#2249 = CARTESIAN_POINT ( 'NONE',  ( -8.923413889743632661E-14, 12.85999470999114891, -4.461706944871837787E-14 ) ) ;
#2250 = DIRECTION ( 'NONE',  ( 7.097508525429686916E-15, -1.000000000000000000, 3.497202527569242313E-15 ) ) ;
#2251 = ORIENTED_EDGE ( 'NONE', *, *, #151, .F. ) ;
#2252 = FACE_OUTER_BOUND ( 'NONE', #2425, .T. ) ;
#2253 = ORIENTED_EDGE ( 'NONE', *, *, #1868, .T. ) ;
#2254 = ORIENTED_EDGE ( 'NONE', *, *, #1467, .F. ) ;
#2255 = VECTOR ( 'NONE', #144, 1000.000000000000000 ) ;
#2256 = CARTESIAN_POINT ( 'NONE',  ( 14.87943088170089290, 26.05803373717689198, 20.59445279872762313 ) ) ;
#2257 = EDGE_CURVE ( 'NONE', #849, #1804, #2363, .T. ) ;
#2258 = AXIS2_PLACEMENT_3D ( 'NONE', #1555, #1912, #2122 ) ;
#2259 = EDGE_CURVE ( 'NONE', #1326, #1219, #531, .T. ) ;
#2260 = DIRECTION ( 'NONE',  ( 7.097508525429688494E-15, -1.000000000000000000, 3.497202527569242708E-15 ) ) ;
#2261 = AXIS2_PLACEMENT_3D ( 'NONE', #1864, #1087, #1661 ) ;
#2262 = TOROIDAL_SURFACE ( 'NONE', #40, 1.000000000000004441, 1.000000000000000000 ) ;
#2263 = EDGE_CURVE ( 'NONE', #2392, #112, #1375, .T. ) ;
#2264 = VERTEX_POINT ( 'NONE', #1961 ) ;
#2265 = EDGE_CURVE ( 'NONE', #581, #2358, #42, .T. ) ;
#2266 = VECTOR ( 'NONE', #1586, 1000.000000000000000 ) ;
#2267 = CARTESIAN_POINT ( 'NONE',  ( 29.27943088170119879, 12.85999470999130523, -13.10554720127247919 ) ) ;
#2268 = DIRECTION ( 'NONE',  ( -1.000000000000000000, -6.938893903907233900E-15, 0.000000000000000000 ) ) ;
#2269 = EDGE_LOOP ( 'NONE', ( #1459, #2361, #944, #1907 ) ) ;
#2270 = EDGE_CURVE ( 'NONE', #1693, #1220, #2352, .T. ) ;
#2271 = DIRECTION ( 'NONE',  ( 6.938893903907233900E-15, -1.000000000000000000, 3.469446951953613006E-15 ) ) ;
#2272 = ORIENTED_EDGE ( 'NONE', *, *, #1602, .T. ) ;
#2273 = DIRECTION ( 'NONE',  ( 1.000000000000000000, 0.000000000000000000, -8.673617379884185356E-15 ) ) ;
#2274 = VERTEX_POINT ( 'NONE', #868 ) ;
#2275 = DIRECTION ( 'NONE',  ( -7.097508525429686916E-15, 1.000000000000000000, -3.497202527569242313E-15 ) ) ;
#2276 = DIRECTION ( 'NONE',  ( 7.097508525429686916E-15, -1.000000000000000000, 3.497202527569242313E-15 ) ) ;
#2277 = EDGE_LOOP ( 'NONE', ( #2342, #185, #883, #743 ) ) ;
#2278 =( LENGTH_UNIT ( ) NAMED_UNIT ( * ) SI_UNIT ( .MILLI., .METRE. ) );
#2279 = ORIENTED_EDGE ( 'NONE', *, *, #2197, .T. ) ;
#2280 = CYLINDRICAL_SURFACE ( 'NONE', #326, 0.5000000000000004441 ) ;
#2281 = CARTESIAN_POINT ( 'NONE',  ( 29.27943088170120944, 12.85999470999141892, 20.16750478252089707 ) ) ;
#2282 = CARTESIAN_POINT ( 'NONE',  ( 10.97943088170145032, 15.85999470999125194, 7.667504782520890849 ) ) ;
#2283 = ORIENTED_EDGE ( 'NONE', *, *, #2263, .T. ) ;
#2284 = LINE ( 'NONE', #516, #325 ) ;
#2285 = LINE ( 'NONE', #517, #1979 ) ;
#2286 = CIRCLE ( 'NONE', #1182, 2.199999999999965983 ) ;
#2287 = VERTEX_POINT ( 'NONE', #670 ) ;
#2288 = CARTESIAN_POINT ( 'NONE',  ( 26.87943088170102257, 42.56652425765626191, -11.55982060445390758 ) ) ;
#2289 = VERTEX_POINT ( 'NONE', #1438 ) ;
#2290 = CARTESIAN_POINT ( 'NONE',  ( 27.67943088170044419, 15.85999470999136918, 7.667504782520890849 ) ) ;
#2291 = DIRECTION ( 'NONE',  ( -1.000000000000000000, -6.938893903907254410E-15, 0.000000000000000000 ) ) ;
#2292 = VERTEX_POINT ( 'NONE', #2290 ) ;
#2293 = PLANE ( 'NONE',  #1634 ) ;
#2294 = AXIS2_PLACEMENT_3D ( 'NONE', #2070, #2474, #708 ) ;
#2295 = DIRECTION ( 'NONE',  ( 7.097508525429687705E-15, -1.000000000000000000, 3.497202527569242313E-15 ) ) ;
#2296 = VECTOR ( 'NONE', #775, 1000.000000000000000 ) ;
#2297 = ORIENTED_EDGE ( 'NONE', *, *, #1083, .F. ) ;
#2298 = DIRECTION ( 'NONE',  ( 1.969954345601121676E-31, -3.497202527569242313E-15, -1.000000000000000000 ) ) ;
#2299 = VECTOR ( 'NONE', #2091, 1000.000000000000000 ) ;
#2300 = DIRECTION ( 'NONE',  ( 0.000000000000000000, -1.000000000000000000, 3.497202527569246258E-15 ) ) ;
#2301 = AXIS2_PLACEMENT_3D ( 'NONE', #1533, #2142, #1327 ) ;
#2302 = VERTEX_POINT ( 'NONE', #1847 ) ;
#2303 = AXIS2_PLACEMENT_3D ( 'NONE', #347, #1910, #1553 ) ;
#2304 = CARTESIAN_POINT ( 'NONE',  ( 29.27943088170118813, 15.85999470999142247, 20.16750478252088641 ) ) ;
#2305 = CARTESIAN_POINT ( 'NONE',  ( 27.77943088170117747, 12.85999470999141892, 22.69445279872752153 ) ) ;
#2306 = DIRECTION ( 'NONE',  ( 7.097508525429686916E-15, -1.000000000000000000, 3.497202527569242313E-15 ) ) ;
#2307 = VERTEX_POINT ( 'NONE', #2236 ) ;
#2308 = CARTESIAN_POINT ( 'NONE',  ( 11.67943088170140875, 12.85999470999130878, 23.49445279872749737 ) ) ;
#2309 = CARTESIAN_POINT ( 'NONE',  ( 25.37943088170099060, 12.85999470999140293, 22.69445279872752153 ) ) ;
#2310 = DIRECTION ( 'NONE',  ( -1.000000000000000000, -6.938893903907222067E-15, 0.000000000000000000 ) ) ;
#2311 = ORIENTED_EDGE ( 'NONE', *, *, #851, .T. ) ;
#2312 = CARTESIAN_POINT ( 'NONE',  ( 10.97943088170146986, 12.85999470999125016, 7.167504782520900619 ) ) ;
#2313 = CARTESIAN_POINT ( 'NONE',  ( 28.77943088170120589, 12.85999470999137273, 7.167504782520900619 ) ) ;
#2314 = ORIENTED_EDGE ( 'NONE', *, *, #1240, .F. ) ;
#2315 = FACE_OUTER_BOUND ( 'NONE', #980, .T. ) ;
#2316 = EDGE_CURVE ( 'NONE', #1621, #1869, #2056, .T. ) ;
#2317 = CARTESIAN_POINT ( 'NONE',  ( 29.17943088170046195, 12.85999470999141536, 19.16750478252090062 ) ) ;
#2318 = ORIENTED_EDGE ( 'NONE', *, *, #550, .F. ) ;
#2319 = CARTESIAN_POINT ( 'NONE',  ( 29.17943088170047616, 10.85999470999137806, 7.667504782520907725 ) ) ;
#2320 = ADVANCED_FACE ( 'NONE', ( #237 ), #881, .T. ) ;
#2321 = VERTEX_POINT ( 'NONE', #45 ) ;
#2322 = CARTESIAN_POINT ( 'NONE',  ( 28.07943088170117818, 17.85999470999141892, 22.49445279872751513 ) ) ;
#2323 = DIRECTION ( 'NONE',  ( -7.097508525429686916E-15, 1.000000000000000000, -3.497202527569242313E-15 ) ) ;
#2324 = ORIENTED_EDGE ( 'NONE', *, *, #678, .F. ) ;
#2325 = CYLINDRICAL_SURFACE ( 'NONE', #109, 1.000000000000000888 ) ;
#2326 = CARTESIAN_POINT ( 'NONE',  ( 27.77943088170118102, 12.85999470999141359, 21.19445279872750731 ) ) ;
#2327 = ORIENTED_EDGE ( 'NONE', *, *, #1257, .T. ) ;
#2328 = LINE ( 'NONE', #1305, #367 ) ;
#2329 = CARTESIAN_POINT ( 'NONE',  ( 30.07943088170120305, 12.85999470999143135, 21.49445279872750092 ) ) ;
#2330 = EDGE_CURVE ( 'NONE', #1412, #551, #661, .T. ) ;
#2331 = ORIENTED_EDGE ( 'NONE', *, *, #709, .F. ) ;
#2332 = EDGE_CURVE ( 'NONE', #1233, #1211, #458, .T. ) ;
#2333 = CARTESIAN_POINT ( 'NONE',  ( 27.67943088170047616, 10.85999470999140826, 19.66750478252090772 ) ) ;
#2334 = LINE ( 'NONE', #1576, #2105 ) ;
#2335 = VECTOR ( 'NONE', #1585, 1000.000000000000000 ) ;
#2336 = EDGE_CURVE ( 'NONE', #1221, #1214, #1424, .T. ) ;
#2337 = VERTEX_POINT ( 'NONE', #2423 ) ;
#2338 = CIRCLE ( 'NONE', #283, 0.5000000000000004441 ) ;
#2339 = CLOSED_SHELL ( 'NONE', ( #1950, #1413, #179, #492, #2447, #1712, #1616, #888, #96, #251, #1923, #2233, #1174, #2393, #895, #277, #1081, #1516, #357, #243, #606, #2373, #300, #2394, #2524, #1224, #2370, #56, #1878, #167, #1598, #1337, #505, #2145, #2007, #1075, #327, #1461, #2504, #2166, #67, #696, #1433, #1331, #700, #1975, #1615, #43, #1806, #118, #89, #821, #1417, #1680, #2076, #355, #2427, #679, #963, #2372, #172, #2529, #37, #1445, #2081, #627, #1726, #779, #495, #2062, #1361, #2320, #2174, #1024, #489, #1028, #967, #543, #805 ) ) ;
#2340 = CIRCLE ( 'NONE', #164, 1.999999999999979128 ) ;
#2341 = VECTOR ( 'NONE', #1144, 1000.000000000000000 ) ;
#2342 = ORIENTED_EDGE ( 'NONE', *, *, #1357, .F. ) ;
#2343 = EDGE_CURVE ( 'NONE', #1759, #2337, #263, .T. ) ;
#2344 = LINE ( 'NONE', #583, #902 ) ;
#2345 = VECTOR ( 'NONE', #1320, 1000.000000000000000 ) ;
#2346 = CARTESIAN_POINT ( 'NONE',  ( 10.67943088170129684, 16.46499470999122750, 2.440179395546092866 ) ) ;
#2347 = CARTESIAN_POINT ( 'NONE',  ( 14.37943088170096573, 15.85999470999132477, 22.19445279872751797 ) ) ;
#2348 = ORIENTED_EDGE ( 'NONE', *, *, #947, .T. ) ;
#2349 = DIRECTION ( 'NONE',  ( -1.000000000000000000, -7.097508525429686916E-15, -9.941108744850301081E-17 ) ) ;
#2350 = DIRECTION ( 'NONE',  ( 0.000000000000000000, -1.000000000000000000, 3.469446951953611033E-15 ) ) ;
#2351 = ORIENTED_EDGE ( 'NONE', *, *, #54, .T. ) ;
#2352 = LINE ( 'NONE', #1658, #863 ) ;
#2353 = DIRECTION ( 'NONE',  ( 1.000000000000000000, 6.308085367188119070E-15, 0.000000000000000000 ) ) ;
#2354 = EDGE_CURVE ( 'NONE', #1804, #1146, #1249, .T. ) ;
#2355 = DIRECTION ( 'NONE',  ( -1.000000000000000000, -7.097508525429686916E-15, 5.547074552977611617E-31 ) ) ;
#2356 = ORIENTED_EDGE ( 'NONE', *, *, #1198, .T. ) ;
#2357 = CARTESIAN_POINT ( 'NONE',  ( 29.27943088170118102, 12.85999470999130523, -13.10554720127247919 ) ) ;
#2358 = VERTEX_POINT ( 'NONE', #2435 ) ;
#2359 = CARTESIAN_POINT ( 'NONE',  ( 9.679430881701422962, 16.85999470999116667, -13.40554720127250299 ) ) ;
#2360 = CARTESIAN_POINT ( 'NONE',  ( 29.27943088170118813, 15.85999470999142602, 21.19445279872752153 ) ) ;
#2361 = ORIENTED_EDGE ( 'NONE', *, *, #429, .T. ) ;
#2362 = FACE_OUTER_BOUND ( 'NONE', #2499, .T. ) ;
#2363 = LINE ( 'NONE', #800, #252 ) ;
#2364 = CARTESIAN_POINT ( 'NONE',  ( 12.07943088170149259, 15.85999470999125904, 8.167504782520891737 ) ) ;
#2365 = VERTEX_POINT ( 'NONE', #1016 ) ;
#2366 = ORIENTED_EDGE ( 'NONE', *, *, #435, .T. ) ;
#2367 = DIRECTION ( 'NONE',  ( -7.097508525429686916E-15, 1.000000000000000000, -3.497202527569242313E-15 ) ) ;
#2368 = CARTESIAN_POINT ( 'NONE',  ( 0.000000000000000000, 0.000000000000000000, 0.000000000000000000 ) ) ;
#2369 = CARTESIAN_POINT ( 'NONE',  ( 28.07943088170117107, 17.85999470999128746, -15.40554720127249055 ) ) ;
#2370 = ADVANCED_FACE ( 'NONE', ( #1267, #1860, #2035 ), #442, .T. ) ;
#2371 = VERTEX_POINT ( 'NONE', #98 ) ;
#2372 = ADVANCED_FACE ( 'NONE', ( #467 ), #2449, .T. ) ;
#2373 = ADVANCED_FACE ( 'NONE', ( #715 ), #84, .F. ) ;
#2374 = DIRECTION ( 'NONE',  ( -1.000000000000000000, -6.938893903907162113E-15, 0.000000000000000000 ) ) ;
#2375 = DIRECTION ( 'NONE',  ( 1.000000000000000000, 6.938893903907225222E-15, 0.000000000000000000 ) ) ;
#2376 = ORIENTED_EDGE ( 'NONE', *, *, #2004, .T. ) ;
#2377 = CIRCLE ( 'NONE', #74, 1.000000000000000888 ) ;
#2378 = DIRECTION ( 'NONE',  ( 7.097508525429685338E-15, -1.000000000000000000, 0.000000000000000000 ) ) ;
#2379 = CARTESIAN_POINT ( 'NONE',  ( 28.07943088170117463, 16.85999470999129457, -13.40554720127250121 ) ) ;
#2380 = AXIS2_PLACEMENT_3D ( 'NONE', #1184, #1495, #2480 ) ;
#2381 = VECTOR ( 'NONE', #2276, 1000.000000000000000 ) ;
#2382 = DIRECTION ( 'NONE',  ( -1.000000000000000000, -6.938893903907222067E-15, 0.000000000000000000 ) ) ;
#2383 = AXIS2_PLACEMENT_3D ( 'NONE', #1583, #998, #1941 ) ;
#2384 = ORIENTED_EDGE ( 'NONE', *, *, #764, .F. ) ;
#2385 = VECTOR ( 'NONE', #1502, 1000.000000000000000 ) ;
#2386 = DIRECTION ( 'NONE',  ( -7.097508525429696383E-15, 1.000000000000000000, 0.000000000000000000 ) ) ;
#2387 = FACE_BOUND ( 'NONE', #1091, .T. ) ;
#2388 = ORIENTED_EDGE ( 'NONE', *, *, #1059, .T. ) ;
#2389 = DIRECTION ( 'NONE',  ( -7.097508525429687705E-15, 1.000000000000000000, -3.497202527569242313E-15 ) ) ;
#2390 = PLANE ( 'NONE',  #2022 ) ;
#2391 = DIRECTION ( 'NONE',  ( 1.000000000000000000, 7.097508525429686127E-15, -2.478176394252844423E-16 ) ) ;
#2392 = VERTEX_POINT ( 'NONE', #2396 ) ;
#2393 = ADVANCED_FACE ( 'NONE', ( #272 ), #1464, .T. ) ;
#2394 = ADVANCED_FACE ( 'NONE', ( #1824 ), #55, .F. ) ;
#2395 = CARTESIAN_POINT ( 'NONE',  ( -7.503912184657747973E-14, 10.85999470999114891, -3.762266439357991060E-14 ) ) ;
#2396 = CARTESIAN_POINT ( 'NONE',  ( 10.57943088170152812, 10.85999470999124838, 8.167504782520907725 ) ) ;
#2397 = EDGE_CURVE ( 'NONE', #2168, #226, #1581, .T. ) ;
#2398 = CARTESIAN_POINT ( 'NONE',  ( 12.07943088170152812, 10.85999470999129812, 19.16750478252090772 ) ) ;
#2399 = ORIENTED_EDGE ( 'NONE', *, *, #841, .F. ) ;
#2400 = VERTEX_POINT ( 'NONE', #566 ) ;
#2401 = LINE ( 'NONE', #2439, #2058 ) ;
#2402 = CARTESIAN_POINT ( 'NONE',  ( 10.67943088170134125, 15.85999470999117911, -11.55982060445390402 ) ) ;
#2403 = CARTESIAN_POINT ( 'NONE',  ( 12.87943088170133876, 15.85999470999118621, -13.75982060445390331 ) ) ;
#2404 = CARTESIAN_POINT ( 'NONE',  ( 11.07943088170152812, 10.85999470999125194, 8.167504782520907725 ) ) ;
#2405 = ORIENTED_EDGE ( 'NONE', *, *, #2217, .T. ) ;
#2406 = AXIS2_PLACEMENT_3D ( 'NONE', #1706, #2349, #1753 ) ;
#2407 = DIRECTION ( 'NONE',  ( 0.000000000000000000, 1.000000000000000000, -3.497202527569230086E-15 ) ) ;
#2408 = EDGE_CURVE ( 'NONE', #1299, #1339, #1692, .T. ) ;
#2409 = CARTESIAN_POINT ( 'NONE',  ( 19.87943088170105810, 38.67819814558765046, -4.559820604453981296 ) ) ;
#2410 = ORIENTED_EDGE ( 'NONE', *, *, #275, .F. ) ;
#2411 = ORIENTED_EDGE ( 'NONE', *, *, #2540, .T. ) ;
#2412 = DIRECTION ( 'NONE',  ( 1.000000000000000000, 7.401486830834372729E-15, 0.000000000000000000 ) ) ;
#2413 = DIRECTION ( 'NONE',  ( -1.000000000000000000, -6.938893903907222067E-15, -2.081668171172166541E-15 ) ) ;
#2414 = CIRCLE ( 'NONE', #205, 0.5000000000000004441 ) ;
#2415 = LINE ( 'NONE', #656, #38 ) ;
#2416 = EDGE_CURVE ( 'NONE', #498, #2520, #1538, .T. ) ;
#2417 = TOROIDAL_SURFACE ( 'NONE', #1565, 0.9999999999999783507, 1.000000000000000000 ) ;
#2418 = AXIS2_PLACEMENT_3D ( 'NONE', #569, #133, #762 ) ;
#2419 = ORIENTED_EDGE ( 'NONE', *, *, #2010, .T. ) ;
#2420 = VECTOR ( 'NONE', #1273, 1000.000000000000000 ) ;
#2421 = AXIS2_PLACEMENT_3D ( 'NONE', #353, #311, #370 ) ;
#2422 = AXIS2_PLACEMENT_3D ( 'NONE', #1341, #354, #787 ) ;
#2423 = CARTESIAN_POINT ( 'NONE',  ( 30.07943088170120305, 12.85999470999143135, 21.49445279872750092 ) ) ;
#2424 = VECTOR ( 'NONE', #1344, 1000.000000000000000 ) ;
#2425 = EDGE_LOOP ( 'NONE', ( #2324, #676, #1114, #484 ) ) ;
#2426 = VERTEX_POINT ( 'NONE', #2346 ) ;
#2427 = ADVANCED_FACE ( 'NONE', ( #2163 ), #2490, .T. ) ;
#2428 = LINE ( 'NONE', #1262, #1688 ) ;
#2429 = CARTESIAN_POINT ( 'NONE',  ( 26.87943088170107941, 42.56652425765625480, -13.75982060445400279 ) ) ;
#2430 = DIRECTION ( 'NONE',  ( 7.097508525429686916E-15, -1.000000000000000000, 3.497202527569242313E-15 ) ) ;
#2431 = EDGE_CURVE ( 'NONE', #1409, #59, #1955, .T. ) ;
#2432 = ORIENTED_EDGE ( 'NONE', *, *, #1619, .T. ) ;
#2433 = DIRECTION ( 'NONE',  ( 1.000000000000000000, 6.938893903907300953E-15, 0.000000000000000000 ) ) ;
#2434 = ORIENTED_EDGE ( 'NONE', *, *, #788, .F. ) ;
#2435 = CARTESIAN_POINT ( 'NONE',  ( 27.67943088170044419, 15.85999470999141181, 19.66750478252088996 ) ) ;
#2436 = LINE ( 'NONE', #1901, #1600 ) ;
#2437 = EDGE_LOOP ( 'NONE', ( #1423, #504, #2530, #1946 ) ) ;
#2438 = ORIENTED_EDGE ( 'NONE', *, *, #17, .F. ) ;
#2439 = CARTESIAN_POINT ( 'NONE',  ( 10.57943088170151391, 12.85999470999124838, 7.667504782520900619 ) ) ;
#2440 = DIRECTION ( 'NONE',  ( -1.000000000000000000, -6.938893903907222067E-15, 0.000000000000000000 ) ) ;
#2441 = ORIENTED_EDGE ( 'NONE', *, *, #2242, .F. ) ;
#2442 = FACE_OUTER_BOUND ( 'NONE', #233, .T. ) ;
#2443 = EDGE_CURVE ( 'NONE', #218, #1412, #361, .T. ) ;
#2444 = ORIENTED_EDGE ( 'NONE', *, *, #841, .T. ) ;
#2445 = EDGE_CURVE ( 'NONE', #1033, #1434, #1141, .T. ) ;
#2446 = ORIENTED_EDGE ( 'NONE', *, *, #2195, .F. ) ;
#2447 = ADVANCED_FACE ( 'NONE', ( #1774 ), #771, .T. ) ;
#2448 = EDGE_CURVE ( 'NONE', #1220, #2287, #1448, .T. ) ;
#2449 = CYLINDRICAL_SURFACE ( 'NONE', #1282, 0.5000000000000004441 ) ;
#2450 = DIRECTION ( 'NONE',  ( -6.938893903907198401E-15, 1.000000000000000000, -3.469446951953613006E-15 ) ) ;
#2451 = EDGE_CURVE ( 'NONE', #240, #446, #1323, .T. ) ;
#2452 = ORIENTED_EDGE ( 'NONE', *, *, #1157, .F. ) ;
#2453 = DIRECTION ( 'NONE',  ( 7.097508525429686916E-15, -1.000000000000000000, 3.497202527569242313E-15 ) ) ;
#2454 = CARTESIAN_POINT ( 'NONE',  ( 10.67943088170133592, 16.46499470999121328, -11.55982060445390758 ) ) ;
#2455 = ORIENTED_EDGE ( 'NONE', *, *, #320, .T. ) ;
#2456 = CARTESIAN_POINT ( 'NONE',  ( 12.07943088170152812, 10.85999470999125904, 8.167504782520907725 ) ) ;
#2457 = ORIENTED_EDGE ( 'NONE', *, *, #872, .T. ) ;
#2458 = CIRCLE ( 'NONE', #777, 0.5000000000000004441 ) ;
#2459 = LINE ( 'NONE', #597, #2341 ) ;
#2460 = DIRECTION ( 'NONE',  ( -1.000000000000000000, -6.938893903907077705E-15, 0.000000000000000000 ) ) ;
#2461 = VECTOR ( 'NONE', #1376, 1000.000000000000000 ) ;
#2462 = AXIS2_PLACEMENT_3D ( 'NONE', #1263, #1222, #2200 ) ;
#2463 = CARTESIAN_POINT ( 'NONE',  ( 16.37790327638490240, 17.85999470999129457, 10.11372225237001921 ) ) ;
#2464 = AXIS2_PLACEMENT_3D ( 'NONE', #471, #462, #101 ) ;
#2465 = CIRCLE ( 'NONE', #2226, 1.499999999999999556 ) ;
#2466 = ORIENTED_EDGE ( 'NONE', *, *, #877, .T. ) ;
#2467 = CIRCLE ( 'NONE', #374, 0.5000000000000004441 ) ;
#2468 = CYLINDRICAL_SURFACE ( 'NONE', #622, 2.199999999999957101 ) ;
#2469 = CARTESIAN_POINT ( 'NONE',  ( 10.97943088170143433, 12.85999470999129279, 19.66750478252090062 ) ) ;
#2470 = ORIENTED_EDGE ( 'NONE', *, *, #580, .F. ) ;
#2471 = FACE_OUTER_BOUND ( 'NONE', #2020, .T. ) ;
#2472 = ORIENTED_EDGE ( 'NONE', *, *, #261, .T. ) ;
#2473 = CARTESIAN_POINT ( 'NONE',  ( 10.97943088170141301, 15.85999470999129457, 19.66750478252088996 ) ) ;
#2474 = DIRECTION ( 'NONE',  ( -1.000000000000000000, -7.097508525429686916E-15, 2.462442932001681794E-29 ) ) ;
#2475 = ORIENTED_EDGE ( 'NONE', *, *, #611, .T. ) ;
#2476 = EDGE_CURVE ( 'NONE', #1339, #59, #2109, .T. ) ;
#2477 = CARTESIAN_POINT ( 'NONE',  ( 10.67943088170130217, 15.85999470999122707, 2.440179395546092866 ) ) ;
#2478 = PLANE ( 'NONE',  #655 ) ;
#2479 = VERTEX_POINT ( 'NONE', #1552 ) ;
#2480 = DIRECTION ( 'NONE',  ( 7.097508525429685338E-15, -1.000000000000000000, 0.000000000000000000 ) ) ;
#2481 = ORIENTED_EDGE ( 'NONE', *, *, #1204, .F. ) ;
#2482 = DIRECTION ( 'NONE',  ( -1.000000000000000000, -6.938893903907222067E-15, 0.000000000000000000 ) ) ;
#2483 = CARTESIAN_POINT ( 'NONE',  ( 29.07943088170111778, 42.56652425765627612, -11.55982060445390758 ) ) ;
#2484 = ORIENTED_EDGE ( 'NONE', *, *, #802, .T. ) ;
#2485 = DIRECTION ( 'NONE',  ( 1.000000000000000000, 6.308085367188512712E-15, 0.000000000000000000 ) ) ;
#2486 = CARTESIAN_POINT ( 'NONE',  ( 11.97943088170150538, 15.85999470999117911, -14.60554720127233352 ) ) ;
#2487 = ORIENTED_EDGE ( 'NONE', *, *, #764, .T. ) ;
#2488 = DIRECTION ( 'NONE',  ( -2.832201593431535729E-15, 3.540251991789420055E-15, 1.000000000000000000 ) ) ;
#2489 = ORIENTED_EDGE ( 'NONE', *, *, #704, .F. ) ;
#2490 = CYLINDRICAL_SURFACE ( 'NONE', #995, 0.5000000000000004441 ) ;
#2491 = CARTESIAN_POINT ( 'NONE',  ( 27.77943088170115615, 15.85999470999141892, 22.69445279872751087 ) ) ;
#2492 = EDGE_LOOP ( 'NONE', ( #680, #502, #376, #1071, #1251, #1259 ) ) ;
#2493 = FACE_OUTER_BOUND ( 'NONE', #375, .T. ) ;
#2494 = AXIS2_PLACEMENT_3D ( 'NONE', #1765, #11, #2528 ) ;
#2495 = LINE ( 'NONE', #1119, #404 ) ;
#2496 = LINE ( 'NONE', #739, #2224 ) ;
#2497 = AXIS2_PLACEMENT_3D ( 'NONE', #2030, #1026, #1831 ) ;
#2498 = AXIS2_PLACEMENT_3D ( 'NONE', #1652, #111, #1288 ) ;
#2499 = EDGE_LOOP ( 'NONE', ( #1790, #1351, #547, #2388, #2206, #2203, #1421, #2444 ) ) ;
#2500 = PLANE ( 'NONE',  #491 ) ;
#2501 = VECTOR ( 'NONE', #1478, 1000.000000000000000 ) ;
#2502 = VECTOR ( 'NONE', #1333, 1000.000000000000000 ) ;
#2503 = CARTESIAN_POINT ( 'NONE',  ( 27.67943088170047616, 10.85999470999136918, 8.167504782520907725 ) ) ;
#2504 = ADVANCED_FACE ( 'NONE', ( #2315 ), #2325, .T. ) ;
#2505 = CIRCLE ( 'NONE', #1779, 2.000000000000019096 ) ;
#2506 = VERTEX_POINT ( 'NONE', #965 ) ;
#2507 = CIRCLE ( 'NONE', #2303, 1.499999999999994449 ) ;
#2508 = EDGE_CURVE ( 'NONE', #2198, #1221, #1223, .T. ) ;
#2509 = ORIENTED_EDGE ( 'NONE', *, *, #1157, .T. ) ;
#2510 = EDGE_CURVE ( 'NONE', #1621, #1640, #271, .T. ) ;
#2511 = DIRECTION ( 'NONE',  ( 1.000000000000000000, 6.938893903907162113E-15, 0.000000000000000000 ) ) ;
#2512 = DIRECTION ( 'NONE',  ( -1.000000000000000000, -6.938893903907125826E-15, 0.000000000000000000 ) ) ;
#2513 = ORIENTED_EDGE ( 'NONE', *, *, #351, .T. ) ;
#2514 = DIRECTION ( 'NONE',  ( 1.000000000000000000, 7.026728003956803297E-15, -6.587557503709502598E-16 ) ) ;
#2515 = CARTESIAN_POINT ( 'NONE',  ( 14.37943088170096573, 15.85999470999132477, 22.69445279872752153 ) ) ;
#2516 = ORIENTED_EDGE ( 'NONE', *, *, #2336, .F. ) ;
#2517 = FACE_OUTER_BOUND ( 'NONE', #1450, .T. ) ;
#2518 = LINE ( 'NONE', #768, #525 ) ;
#2519 = ORIENTED_EDGE ( 'NONE', *, *, #1217, .F. ) ;
#2520 = VERTEX_POINT ( 'NONE', #2359 ) ;
#2521 = EDGE_CURVE ( 'NONE', #345, #2129, #309, .T. ) ;
#2522 = DIRECTION ( 'NONE',  ( -1.000000000000000000, -6.938893903907222067E-15, 2.081668171172166541E-15 ) ) ;
#2523 = CARTESIAN_POINT ( 'NONE',  ( 26.87943088170133166, 15.85999470999134964, 4.640179395546092600 ) ) ;
#2524 = ADVANCED_FACE ( 'NONE', ( #540 ), #935, .T. ) ;
#2525 = ORIENTED_EDGE ( 'NONE', *, *, #2259, .T. ) ;
#2526 = DIRECTION ( 'NONE',  ( -1.000000000000000000, -6.938893903907222067E-15, 0.000000000000000000 ) ) ;
#2527 = EDGE_CURVE ( 'NONE', #2321, #1383, #1175, .T. ) ;
#2528 = DIRECTION ( 'NONE',  ( -1.000000000000000000, -6.938893903907222067E-15, 2.312964634635740689E-15 ) ) ;
#2529 = ADVANCED_FACE ( 'NONE', ( #1432 ), #806, .T. ) ;
#2530 = ORIENTED_EDGE ( 'NONE', *, *, #2244, .F. ) ;
#2531 = CARTESIAN_POINT ( 'NONE',  ( 24.37943088170089823, 26.05803373717696303, 21.09445279872762669 ) ) ;
#2532 = CARTESIAN_POINT ( 'NONE',  ( 11.97943088170141834, 15.85999470999130700, 22.69445279872752153 ) ) ;
#2533 = EDGE_CURVE ( 'NONE', #681, #240, #18, .T. ) ;
#2534 = ORIENTED_EDGE ( 'NONE', *, *, #2191, .F. ) ;
#2535 = EDGE_LOOP ( 'NONE', ( #1591, #239, #1858, #865 ) ) ;
#2536 = DIRECTION ( 'NONE',  ( -1.000000000000000000, -6.938893903907205501E-15, 0.000000000000000000 ) ) ;
#2537 = DIRECTION ( 'NONE',  ( -6.938893903907198401E-15, 1.000000000000000000, -3.469446951953613006E-15 ) ) ;
#2538 = DIRECTION ( 'NONE',  ( -1.000000000000000000, -7.097508525429686916E-15, 5.547074552980125196E-31 ) ) ;
#2539 = ORIENTED_EDGE ( 'NONE', *, *, #593, .T. ) ;
#2540 = EDGE_CURVE ( 'NONE', #426, #740, #150, .T. ) ;
#2541 = CARTESIAN_POINT ( 'NONE',  ( 14.87943088170100303, 10.85999470999132832, 22.09445279872767998 ) ) ;
#2542 = CARTESIAN_POINT ( 'NONE',  ( 24.87943088170100836, 10.85999470999140115, 22.59445279872768708 ) ) ;
#2543 = EDGE_LOOP ( 'NONE', ( #222, #388, #1664, #232 ) ) ;
#2544 = DIRECTION ( 'NONE',  ( -1.000000000000000000, -6.938893903907222067E-15, 0.000000000000000000 ) ) ;
#2545 = CARTESIAN_POINT ( 'NONE',  ( 11.07943088170151746, 12.85999470999129102, 19.16750478252090062 ) ) ;
#2546 = DIRECTION ( 'NONE',  ( -1.000000000000000000, -6.938893903907222067E-15, 0.000000000000000000 ) ) ;
#2547 = VECTOR ( 'NONE', #705, 1000.000000000000000 ) ;
ENDSEC;
END-ISO-10303-21;
